title,price_raw,price_clean,rating,url,image,spec_Afisare - Dimensiune ecran,spec_Afisare - Functii display,spec_Afisare - Rezolutie (pixeli),spec_Afisare - Tip display,spec_Alimentare - Capacitate baterie,spec_Alimentare - Incarcator inclus,spec_Alimentare - Tip baterie,spec_Memorie - Memorie RAM,spec_Memorie - Memorie interna,spec_Memorie - Slot card memorie
"Telefon mobil pentru seniori, cu meniul in limba Romana, taste mari, buton SOS, micro SIM, retea 4G, Functie Apelare Rapida, Bluetooth, Radio, Camera, Lanterna","237,00 Lei",237.00 Lei,4.94(1173),https://www.emag.ro/telefon-mobil-pentru-seniori-cu-meniul-in-limba-romana-taste-mari-buton-sos-micro-sim-retea-4g-functie-apelare-rapida-bluetooth-radio-camera-lanterna-telefon-c1-4g/pd/D4QJLRYBM/?ref=sponsored_products_search_r_1_1&recid=recads_1_6a6ff7da4e204ab2ed25b9030cb8eaf105ad11010826c196812ecda821fdd660_1767467704&aid=edee7abf-e656-11f0-801c-06eaf0d4245d%7Ck%7C230666625&oid=230666625&scenario_ID=1,https://s13emagst.akamaized.net/products/80989/80988077/images/res_8fa578c970729c85d4d0cfcf6f7c4820.png?width=720&height=720&hash=A79ACE6B9A313F943E6C921C91A056F6,1.77 inch,,,LCD,1800 mAh,Da,Li-Ion,128 MB,48 MB,MicroSD
"Telefon mobil Oukitel WP52, 5G, Dual SIM, Octa-Core Dimensity 6100+, 6.6-inch IPS, 256GB, Senzor Amprenta, 6500mAh, IP68/IP69K, NFC, Android 14, Blue","795,99 Lei",795.99 Lei,,https://www.emag.ro/telefon-mobil-oukitel-wp52-5g-dual-sim-octa-core-dimensity-6100-6-6-inch-ips-256gb-senzor-amprenta-6500mah-ip68-ip69k-nfc-android-14-blue-wp50ble/pd/DR70683BM/?ref=sponsored_products_search_r_1_2&recid=recads_1_6a6ff7da4e204ab2ed25b9030cb8eaf105ad11010826c196812ecda821fdd660_1767467704&aid=a222f1e4-df2c-11f0-801c-06eaf0d4245d&oid=304679050&scenario_ID=1,https://s13emagst.akamaized.net/products/112561/112560188/images/res_580dd962acb6248039620c3ce06de096.png?width=720&height=720&hash=14C935DD3196C0EAA2B4015EBEAF633C,6.6 inch,"Corning Gorilla Glass 5
267 PPI
HD+
60 Hz
Touch screen",720 x 1612,IPS,6500 mAh,Da,Li-Po,4 GB,256 GB,MicroSD
"Telefon mobil Samsung Galaxy A16, Dual SIM, 128GB, 4GB RAM, 4G, Black","550,53 Lei",550.53 Lei,4.64(320),https://www.emag.ro/telefon-mobil-samsung-galaxy-a16-dual-sim-128gb-4gb-ram-4g-black-sm-a165fzkbeue/pd/DVJ1YZYBM/,https://s13emagst.akamaized.net/products/77658/77657963/images/res_b2f35acf45f245e873c00a0db780dbfe.jpg?width=720&height=720&hash=375EA7F9ECA7342667FF0D5F94DC5AC3,6.7 inch,FHD,1080 x 2340,Super AMOLED,5000 mAh,,,4 GB,128 GB,MicroSD
"Telefon mobil Samsung Galaxy A36, Dual SIM, 8GB RAM, 256GB, 5G, Awesome Graphite","1.269,99 Lei",1269.99 Lei,4.65(99),https://www.emag.ro/telefon-mobil-samsung-galaxy-a36-dual-sim-8gb-ram-256gb-5g-awesome-graphite-sm-a366bzkgeue/pd/D9Z5X33BM/,https://s13emagst.akamaized.net/products/89071/89070979/images/res_e113c383df8cfd84e9836c70be5d21ad.jpg?width=720&height=720&hash=891737BB4310E982D487C6D9E1BE8D7A,6.7 inch,120 Hz,1080 x 2340,Super AMOLED,5000 mAh,,,8 GB,256 GB,
"Telefon mobil Oukitel WP50, 5G, Dual SIM, Octa-Core Dimensity 6100+, IPS 6.6' HD+, 16GB RAM, 256GB, Senzor Amprenta, Face Unlock, 6500mAh, IP68/IP69K, NFC, Android 14, Dark Blue","795,99 Lei",795.99 Lei,,https://www.emag.ro/telefon-mobil-oukitel-wp50-5g-dual-sim-octa-core-dimensity-6100-ips-6-6-hd-16gb-ram-256gb-senzor-amprenta-face-unlock-6500mah-ip68-ip69k-nfc-android-14-dark-blue-00003208/pd/D0VHK83BM/?ref=sponsored_products_search_r_1_3&recid=recads_1_6a6ff7da4e204ab2ed25b9030cb8eaf105ad11010826c196812ecda821fdd660_1767467704&aid=15d39e36-df22-11f0-801c-06eaf0d4245d&oid=302969998&scenario_ID=1,https://s13emagst.akamaized.net/products/111996/111995508/images/res_2c06ba1ecaeed5d37f9145d26f1df431.png?width=720&height=720&hash=79E5952B520D03151FF70A22263D1E94,6.6 inch,"Corning Gorilla Glass 5
267 PPI
HD+
60 Hz
Touch screen",720 x 1612,IPS,6500 mAh,Da,Li-Po,16 GB,256 GB,MicroSD
"Telefon mobil Samsung Galaxy A16, Dual SIM, 128GB, 4GB RAM, 4G, Gray","586,75 Lei",586.75 Lei,4.64(320),https://www.emag.ro/telefon-mobil-samsung-galaxy-a16-dual-sim-128gb-4gb-ram-4g-gray-sm-a165fzabeue/pd/DSJ1YZYBM/,https://s13emagst.akamaized.net/products/77658/77657962/images/res_2020867206cbc712d2e88e09958818c0.jpg?width=720&height=720&hash=B08906A3AEFD52C76DD3BC219FD943B7,6.7 inch,FHD,1080 x 2340,Super AMOLED,5000 mAh,,,4 GB,128 GB,MicroSD
"Telefon mobil Samsung Galaxy A17, Dual SIM, 4GB RAM, 128GB, 4G, Black","649,99 Lei",649.99 Lei,5(1),https://www.emag.ro/telefon-mobil-samsung-galaxy-a17-dual-sim-4gb-ram-128gb-4g-black-sm-a175fzkbeue/pd/DN57K93BM/,https://s13emagst.akamaized.net/products/99061/99060695/images/res_ea5f94180fe4e9294b5011b8c7eacb91.jpg?width=720&height=720&hash=EFD7D000A23849F3659A4CBDAA860E22,6.7 inch,"16 milioane de culori
Rata de reimprospatare de 90 Hz",1080 x 2340,Super AMOLED,5000 mAh,Nu,,4 GB,128 GB,
"Telefon Mobil Seniori cu Taste Mari, CZAY® Meniu in Limba Romana, Autonomie 7 Zile, Volum Puternic Reglabil, Buton SOS, 2G, Dual Sim, Ecran LCD Generos, Color, Usor de Folosit pentru Varstnici, Pensionari si Bunici, Lanterna, Radio, Bluetooth, Rezistent","225,99 Lei",225.99 Lei,4.68(40),https://www.emag.ro/telefon-mobil-seniori-cu-taste-mari-czayr-meniu-in-limba-romana-autonomie-7-zile-volum-puternic-reglabil-buton-sos-2g-dual-sim-ecran-lcd-generos-color-usor-de-folosit-pentru-varstnici-pensionari-si-bu/pd/D97JJ5YBM/?ref=sponsored_products_search_r_1_4&recid=recads_1_6a6ff7da4e204ab2ed25b9030cb8eaf105ad11010826c196812ecda821fdd660_1767467704&aid=392ee012-e7ba-11f0-801c-06eaf0d4245d%7Ck%7C212362046&oid=212362046&scenario_ID=1,https://s13emagst.akamaized.net/products/81763/81762049/images/res_09c43b7dac3dc4e10ca332c6d733ed84.png?width=720&height=720&hash=66C806B8524F8A77882C1DE542FDD5CA,1.77 inch,,128 x 160,LCD,1000 mAh,Da,BL-5C,32 MB,32 MB,SD
"Telefon mobil Apple iPhone XR, 64GB, Black","1.279,99 Lei",1279.99 Lei,4.66(396),https://www.emag.ro/telefon-mobil-apple-iphone-xr-64gb-black-dhsy9vbbm/pd/DHSY9VBBM/,https://s13emagst.akamaized.net/products/17043/17042909/images/res_beeb2a5b938cd2fc51ad063da79f4321.jpg?width=720&height=720&hash=0B3E3885F6901DBA254C7F15588C93E5,6.1 inch,,828 x 1792,IPS,2942 mAh,,Li-Ion,3 GB,64 GB,
"Telefon mobil Nokia 105 (2017), Black","60,00 Lei",60.00 Lei,4.08(168),https://www.emag.ro/telefon-mobil-nokia-105-2017-black-a00028542/pd/DLP32NBBM/,https://s13emagst.akamaized.net/products/8435/8434129/images/res_fecb320696df949c7277dd5b37d6487c.jpg?width=720&height=720&hash=1A3F726F053DE1A80FF3EF1A679C8998,1.4 inch,,120 x 160,TFT,800 mAh,,Li-Ion,4 MB,4 MB,
"Telefon Mobil Seniori cu Taste Mari CZAY®, Meniu in Limba Romana, Autonomie 7 Zile, Volum Puternic Reglabil, Buton SOS, 2G, Dual Sim, Ecran LCD Generos, Color, Usor de Folosit pentru Varstnici, Pensionari si Bunici, Lanterna, Radio, Bluetooth, Albastru","225,99 Lei",225.99 Lei,4.68(40),https://www.emag.ro/telefon-mobil-seniori-cu-taste-mari-czayr-meniu-in-limba-romana-autonomie-7-zile-volum-puternic-reglabil-buton-sos-2g-dual-sim-ecran-lcd-generos-color-usor-de-folosit-pentru-varstnici-pensionari-si-bu/pd/D2VZT8YBM/?ref=sponsored_products_search_r_1_5&recid=recads_1_6a6ff7da4e204ab2ed25b9030cb8eaf105ad11010826c196812ecda821fdd660_1767467704&aid=ec710436-28fa-11f0-ab73-065e0fed8863%7Ck%7C216512009&oid=216512009&scenario_ID=1,https://s13emagst.akamaized.net/products/83348/83347131/images/res_8b763f126b0a2e0b2f09d9b0d0729702.jpg?width=720&height=720&hash=B51A8BC3BA789B3AC733FC3EB0CA03AC,1.77 inch,,,LCD,800 mAh,,Li-Ion,32 MB,32 MB,SD
"Telefon mobil Motorola E15, Dual SIM, 2GB RAM, 64GB, Fresh Lavender","299,99 Lei",299.99 Lei,3.87(15),https://www.emag.ro/telefon-mobil-motorola-e15-dual-sim-2gb-ram-64gb-fresh-lavender-pb6s0003pl/pd/DHDZHK3BM/,https://s13emagst.akamaized.net/products/93625/93624661/images/res_6ab8af45872b79cd05200017dddf1a86.jpg?width=720&height=720&hash=0725D96A427E82A6C9DAF1211A5F96B3,6.67 inch,Rata de reimprospatare de 90 Hz,1612 x 720,"LCD
IPS",5200 mAh,Nu,Li-Po,2 GB,64 GB,
"Telefon mobil pentru seniori, dual SIM, color, taste mari, meniu in limba Romana, buton SOS, Bluetooth, lanterna, radio, negru","180,00 Lei",180.00 Lei,4.77(325),https://www.emag.ro/telefon-mobil-pentru-seniori-dual-sim-color-taste-mari-meniu-in-limba-romana-buton-sos-bluetooth-lanterna-radio-negru-telefon-cs181/pd/DXLPBQMBM/,https://s13emagst.akamaized.net/products/50806/50805851/images/res_65d5ec35caa79fb4820b8544da0c3a3a.png?width=720&height=720&hash=0E9DAC99CE4597DC352DD955A732DB14,1.8 inch,,,,800 mAh,Da,BL-5C,32 MB,24 MB,SD
"Telefon mobil TCL 406, Dual SIM, 32GB, 3GB RAM, 4G, Prime Black","449,88 Lei",449.88 Lei,4.94(18),https://www.emag.ro/telefon-mobil-tcl-406-dual-sim-32gb-3gb-ram-4g-prime-black-tcl-406prmblk/pd/DZDCY7YBM/?ref=sponsored_products_search_r_1_6&recid=recads_1_6a6ff7da4e204ab2ed25b9030cb8eaf105ad11010826c196812ecda821fdd660_1767467704&aid=3e455d03-e7bb-11f0-801c-06eaf0d4245d&oid=242445321&scenario_ID=1,https://s13emagst.akamaized.net/products/61955/61954917/images/res_156d9516d58b26446386783c3f88e061.jpg?width=720&height=720&hash=E54472A8A449E289A2DD3432A567413D,6.6 inch,400 nits,720 x 1612,"LCD
IPS",5000 mAh,,Li-Po,3 GB,32 GB,MicroSDXC
"Telefon mobil Samsung Galaxy A16, Dual SIM, 128GB, 4GB RAM, 4G, Light Green","618,50 Lei",618.50 Lei,4.64(320),https://www.emag.ro/telefon-mobil-samsung-galaxy-a16-dual-sim-128gb-4gb-ram-4g-light-green-sm-a165flgbeue/pd/DJJ1YZYBM/,https://s13emagst.akamaized.net/products/77658/77657961/images/res_6abd801982d1110858a769e6922f610a.jpg?width=720&height=720&hash=734F6A31AADD14C5C0154E42ADA6B420,6.7 inch,FHD,1080 x 2340,Super AMOLED,5000 mAh,,,4 GB,128 GB,MicroSD
"Telefon mobil iHunt i11, 2G, Dual SIM, Bluetooth, 2.8-inch, Camera Foto, Radio FM, Difuzor 2-in-1 Puternic, 1500 mAh, Silver","99,98 Lei",99.98 Lei,4.21(24),https://www.emag.ro/telefon-mobil-ihunt-i11-2g-dual-sim-bluetooth-2-8-inch-camera-foto-radio-fm-difuzor-2-in-1-puternic-1500-mah-silver-ihunt-i11/pd/DY4HLFYBM/,https://s13emagst.akamaized.net/products/71134/71133110/images/res_9124e8d07ec0bc64ef82fc9d0133fa1b.jpg?width=720&height=720&hash=9E2E356EEF18E10D7391F5395E673D04,2.8 inch,QVGA,320 x 240,TN,1500 mAh,Da,Li-Ion,32 MB,32 MB,
"Telefon mobil Oukitel WP50, 5G, Dual SIM, Octa-Core Dimensity 6100+, IPS 6.6' HD+, 16GB RAM, 256GB, Senzor Amprenta, Face Unlock, 6500mAh, IP68/IP69K, NFC, Android 14, Black","795,99 Lei",795.99 Lei,,https://www.emag.ro/telefon-mobil-oukitel-wp50-5g-dual-sim-octa-core-dimensity-6100-ips-6-6-hd-16gb-ram-256gb-senzor-amprenta-face-unlock-6500mah-ip68-ip69k-nfc-android-14-black-00003142/pd/DNVHK83BM/?ref=sponsored_products_search_r_1_7&recid=recads_1_6a6ff7da4e204ab2ed25b9030cb8eaf105ad11010826c196812ecda821fdd660_1767467704&aid=12efcc87-df22-11f0-801c-06eaf0d4245d&oid=302969975&scenario_ID=1,https://s13emagst.akamaized.net/products/111996/111995507/images/res_6e8828fd689bea4914b2190b46f71913.png?width=720&height=720&hash=CEDA700BFA46163264D25EA788BB4DBC,6.6 inch,"Corning Gorilla Glass 5
267 PPI
HD+
60 Hz
Touch screen",720 x 1612,IPS,6500 mAh,Da,Li-Po,16 GB,256 GB,MicroSD
"Telefon mobil Samsung Galaxy A56, Dual SIM, 8GB RAM, 256GB, 5G, Awesome Graphite","1.765,45 Lei",1765.45 Lei,4.71(422),https://www.emag.ro/telefon-mobil-samsung-galaxy-a56-dual-sim-8gb-ram-256gb-5g-awesome-graphite-sm-a566bzkceue/pd/DQZ5X33BM/,https://s13emagst.akamaized.net/products/89071/89070990/images/res_17ed17e93a24daeb8ced5da38bc61a55.jpg?width=720&height=720&hash=9AC43C91215692DD3B4D5FF8957DD585,6.7 inch,120 Hz,1080 x 2340,Super AMOLED,5000 mAh,,,8 GB,256 GB,
"Telefon mobil Motorola Edge 60 Fusion, Dual SIM, 12GB RAM, 256GB, 5G, Pantone Amazonite","1.399,99 Lei",1399.99 Lei,4.79(52),https://www.emag.ro/telefon-mobil-motorola-edge-60-fusion-dual-sim-12gb-ram-256gb-5g-pantone-amazonite-pb7e0060ro/pd/D0DZHK3BM/,https://s13emagst.akamaized.net/products/93625/93624660/images/res_99d09507e53a5a308f7389c5934d728a.jpg?width=720&height=720&hash=5874CA29F14C9790867BC10C899C2BF3,6.67 inch,"120 Hz
Rata de raspuns la atingere 300 Hz",2712 x 1220,OLED,5200 mAh,Nu,Li-Po,12 GB,256 GB,
"Telefon Mobil pentru Seniori cu Taste Mari, 4G, Meniu in Limba Romana, Volum Puternic Reglabil, Buton SOS, One Sim, Ecran LCD Generos, Color, Autonomie 7 Zile, Usor de Folosit pentru Varstnici, Pensionari si Bunici, Lanterna, Radio, Bluetooth, Albastru","328,99 Lei",328.99 Lei,4.68(40),https://www.emag.ro/telefon-mobil-pentru-seniori-cu-taste-mari-4g-meniu-in-limba-romana-volum-puternic-reglabil-buton-sos-one-sim-ecran-lcd-generos-color-autonomie-7-zile-usor-de-folosit-pentru-varstnici-pensionari-si-bu/pd/DDVZT8YBM/?ref=sponsored_products_search_r_1_8&recid=recads_1_6a6ff7da4e204ab2ed25b9030cb8eaf105ad11010826c196812ecda821fdd660_1767467704&aid=f3efe732-e7ba-11f0-801c-06eaf0d4245d%7Ck%7C216512016&oid=216512016&scenario_ID=1,https://s13emagst.akamaized.net/products/83348/83347133/images/res_f4546a5a3e32acdcaea2dcbe387baace.jpg?width=720&height=720&hash=3591708CA6B79D31294C5FF0542B17BA,1.77 inch,,128 x 160,LCD,1000 mAh,,Li-Ion,48 MB,128 GB,SD
"Telefon mobil Samsung Galaxy A26, Dual SIM, 8GB RAM, 256GB, 5G, Black","1.169,48 Lei",1169.48 Lei,4.53(102),https://www.emag.ro/telefon-mobil-samsung-galaxy-a26-dual-sim-8gb-ram-256gb-5g-black-sm-a266bzkceue/pd/D3Z5X33BM/,https://s13emagst.akamaized.net/products/89071/89070968/images/res_647e0214d938cd83d6f5117a7b7bfa02.jpg?width=720&height=720&hash=04E15C6209E5BC1CC33F0325ADB59CDC,6.7 inch,120 Hz,1080 x 2340,Super AMOLED,5000 mAh,,,8 GB,256 GB,MicroSD
"Telefon mobil Samsung Galaxy A56, Dual SIM, 8GB RAM, 128GB, 5G, Awesome Graphite","1.515,30 Lei",1515.30 Lei,4.71(422),https://www.emag.ro/telefon-mobil-samsung-galaxy-a56-dual-sim-8gb-ram-128gb-5g-awesome-graphite-sm-a566bzkaeue/pd/D1Z5X33BM/,https://s13emagst.akamaized.net/products/89071/89070990/images/res_17ed17e93a24daeb8ced5da38bc61a55.jpg?width=720&height=720&hash=9AC43C91215692DD3B4D5FF8957DD585,6.7 inch,120 Hz,1080 x 2340,Super AMOLED,5000 mAh,,,8 GB,128 GB,
"Telefon Mobil pentru Seniori cu Taste Mari, 4G, Meniu in Limba Romana, Volum Puternic Reglabil, Buton SOS, One Sim, Ecran LCD Generos, Color, Autonomie 7 Zile, Usor de Folosit pentru Varstnici, Pensionari si Bunici, Lanterna, Radio, Bluetooth","328,99 Lei",328.99 Lei,4.68(40),https://www.emag.ro/telefon-mobil-pentru-seniori-cu-taste-mari-4g-meniu-in-limba-romana-volum-puternic-reglabil-buton-sos-one-sim-ecran-lcd-generos-color-autonomie-7-zile-usor-de-folosit-pentru-varstnici-pensionari-si-bu/pd/DZR5T5YBM/?ref=sponsored_products_search_r_1_9&recid=recads_1_6a6ff7da4e204ab2ed25b9030cb8eaf105ad11010826c196812ecda821fdd660_1767467704&aid=f4d2928f-e7ba-11f0-801c-06eaf0d4245d%7Ck%7C211555496&oid=211555496&scenario_ID=1,https://s13emagst.akamaized.net/products/81505/81504168/images/res_2bfbbcdfd5448b197d9be1534f98ba86.png?width=720&height=720&hash=0314DC87B3519CFF3FB81CE789A0CAB5,1.77 inch,,128 x 160,,1000 mAh,,BL-5C,48 MB,128 MB,SD
"Telefon mobil Apple iPhone 16, 128GB, 5G, Black","3.869,99 Lei",3869.99 Lei,4.73(313),https://www.emag.ro/telefon-mobil-apple-iphone-16-128gb-5g-black-mye73zd-a/pd/DHY67LYBM/,https://s13emagst.akamaized.net/products/76828/76827218/images/res_e74f88f45f2837aeecbaac4974a50afa.jpg?width=720&height=720&hash=E42849028EDE45ECDCC6DF1EAF9F5879,6.1 inch,"True tone
Haptic touch
HDR display
Wide color (P3)
Dynamic Island
1000 nit luminozitate maxima (tipic); 1600 nit luminozitate maxima (HDR); 2000 nit luminozitate maxima (in aer liber)
Fingerprint-resistant",2556 x 1179,OLED,,Nu,Li-Ion,8 GB,128 GB,
"Telefon mobil Samsung Galaxy A56, Dual SIM, 8GB RAM, 128GB, 5G, Awesome LightGray","1.449,00 Lei",1449.00 Lei,4.71(422),https://www.emag.ro/telefon-mobil-samsung-galaxy-a56-dual-sim-8gb-ram-128gb-5g-awesome-lightgray-sm-a566bzaaeue/pd/DVZ5X33BM/,https://s13emagst.akamaized.net/products/89071/89070985/images/res_b0f55b8539f04a66279c7747362a722f.jpg?width=720&height=720&hash=6C58526C0BC67D0AEF13A6B17C3D8CF9,6.7 inch,120 Hz,1080 x 2340,Super AMOLED,5000 mAh,,,8 GB,128 GB,
"Telefon Mobil Seniori cu Taste Mari CZAY®, Meniu in Limba Romana, Ecran LCD Generos, Color, Camera Foto, Autonomie 7 Zile, Volum Puternic Reglabil, Buton SOS, 2G, Dual Sim, Usor de Folosit pentru Varstnici, Pensionari si Bunici, Lanterna, Radio, Rezistent","259,98 Lei",259.98 Lei,4.68(40),https://www.emag.ro/telefon-mobil-seniori-cu-taste-mari-czayr-meniu-in-limba-romana-ecran-lcd-generos-color-camera-foto-autonomie-7-zile-volum-puternic-reglabil-buton-sos-2g-dual-sim-usor-de-folosit-pentru-varstnici-pens/pd/DMH00D3BM/?ref=sponsored_products_search_r_1_10&recid=recads_1_6a6ff7da4e204ab2ed25b9030cb8eaf105ad11010826c196812ecda821fdd660_1767467704&aid=a80c245f-e7ba-11f0-801c-06eaf0d4245d%7Ck%7C237837237&oid=237837237&scenario_ID=1,https://s13emagst.akamaized.net/products/91737/91736441/images/res_f7bae0c41f7f8fbcb57d93d93809e798.png?width=720&height=720&hash=ACBE412E039B697130ABDBE72D4CF2F0,2.4 inch,,320 x 240,,1000 mAh,Da,Li-Ion,32 MB,32 MB,MicroSD
"Telefon mobil Apple iPhone 15, 128GB, 5G, Pink","3.307,08 Lei",3307.08 Lei,4.66(575),https://www.emag.ro/telefon-mobil-apple-iphone-15-128gb-5g-pink-mtp13rx-a/pd/D14H93YBM/,https://s13emagst.akamaized.net/products/60458/60457122/images/res_a34b30b780dd109b981753e94838c86c.jpg?width=720&height=720&hash=0AB50BDA2DD50B4FA704BDE0A10DC35B,6.1 inch,"True tone
Haptic touch
2,000,000:1 contrast ratio
HDR display
Wide color (P3)
Dynamic Island",2556 x 1179,Super Retina XDR,,Nu,Li-Ion,6 GB,128 GB,
"Telefon mobil Samsung Galaxy A06, 64GB, 4GB RAM, 4G, Black","453,75 Lei",453.75 Lei,4.52(139),https://www.emag.ro/telefon-mobil-samsung-galaxy-a06-64gb-4gb-ram-4g-black-sm-a065fd64blue/pd/D2K3CCYBM/,https://s13emagst.akamaized.net/products/76328/76327677/images/res_148c66dfe709c7ed4da365b037dee9ae.png?width=720&height=720&hash=738EA888179DF4D341C40396353BB505,,,,,,Nu,,4 GB,64 GB,
"Telefon mobil Samsung Galaxy S25 Ultra, Dual SIM, 12GB RAM, 256GB, 5G, Titanium Gray","5.449,00 Lei",5449.00 Lei,4.66(500),https://www.emag.ro/telefon-mobil-samsung-galaxy-s25-ultra-dual-sim-12gb-ram-256gb-5g-titanium-gray-sm-s938bztdeue/pd/D3RVXGYBM/,https://s13emagst.akamaized.net/products/84446/84445770/images/res_e3ece7d39a8a5aafa0a3d026b45d88fe.jpg?width=720&height=720&hash=973D04CABADCF04AC07E318DD94EA0AB,6.9 inch,"Rata de refresh 120 Hz
2600nits
qHD+",3120 x 1440,Dynamic AMOLED,5000 mAh,,,12 GB,256 GB,
"Telefon mobil pentru seniori, cu meniul in limba Romana, Stand pentru incarcare, taste mari, buton SOS, Dual SIM, Retea 4G, Baterie 1800 mAh, Functie Apelare Rapida, Usor de folosit pentru varstnici, pensionari si bunici, Lanterna, Diagonala ecran 6.1 cm","249,99 Lei",249.99 Lei,4.96(604),https://www.emag.ro/telefon-mobil-pentru-seniori-cu-meniul-in-limba-romana-stand-pentru-incarcare-taste-mari-buton-sos-dual-sim-retea-4g-baterie-1800-mah-functie-apelare-rapida-usor-de-folosit-pentru-varstnici-pensionari/pd/DTWK8GYBM/,https://s13emagst.akamaized.net/products/84884/84883184/images/res_3eaf1c1278820a611548b9397654c266.png?width=720&height=720&hash=7C6786814006CE74828486BB29781071,2.4 inch,,,LCD,1800 mAh,Da,Li-Ion,128 MB,48 MB,MicroSD
"Telefon mobil Samsung Galaxy A06, 128GB, 4GB RAM, 4G, Black","476,74 Lei",476.74 Lei,4.52(139),https://www.emag.ro/telefon-mobil-samsung-galaxy-a06-128gb-4gb-ram-4g-black-sm-a065fd-128-4-blk/pd/D4K5VLYBM/,https://s13emagst.akamaized.net/products/77214/77213734/images/res_0f1b180a5c762a9c7f90805885e0e15c.jpg?width=720&height=720&hash=D78627284B7B82EFC2B645EDADAB74FC,6.7 inch,,720 x 1600,PLS,5000 mAh,Nu,,4 GB,128 GB,MicroSD
"Telefon mobil Xiaomi Redmi Note 14, 8GB RAM, 256GB, Midnight Black","790,55 Lei",790.55 Lei,4.65(166),https://www.emag.ro/telefon-mobil-xiaomi-redmi-note-14-8gb-ram-256gb-midnight-black-mzb0ikveu/pd/D5H3DGYBM/,https://s13emagst.akamaized.net/products/84223/84222401/images/res_94cdb9d2d0ac21dcf4c389b72332ae0e.jpg?width=720&height=720&hash=C1C7862A9332110969CF68AE3D419BCD,6.67 inch,"394 PPI
Rata de refresh 120 Hz
1800 nits (peak)
Sunlight display
Reading mode
Touch sampling rate: 240Hz",2400 x 1080,AMOLED,5500 mAh,,,8 GB,256 GB,
"Telefon mobil Samsung Galaxy S24, Dual SIM, 8GB RAM, 256GB, 5G, Onyx Black","2.699,99 Lei",2699.99 Lei,4.65(494),https://www.emag.ro/telefon-mobil-samsung-galaxy-s24-dual-sim-8gb-ram-256gb-5g-onyx-black-sm-s921bzkgeue/pd/DY6L7KYBM/,https://s13emagst.akamaized.net/products/64817/64816439/images/res_fdecd9733172144ab6b418e28f699e1c.jpg?width=720&height=720&hash=91C5F7015A569F5237D415DE60CD1451,6.2 inch,"120 Hz
FHD+",2340 x 1080,Dynamic AMOLED,4000 mAh,,,8 GB,256 GB,
"Telefon mobil Apple iPhone 15, 128GB, 5G, Black","3.249,99 Lei",3249.99 Lei,4.66(575),https://www.emag.ro/telefon-mobil-apple-iphone-15-128gb-5g-black-mtp03rx-a/pd/DZ4H93YBM/,https://s13emagst.akamaized.net/products/60458/60457121/images/res_9e07439d21e460f9570cfe181e6280c2.jpg?width=720&height=720&hash=F305EF62487A655E79E8D31F77CAA5B6,6.1 inch,"True tone
Haptic touch
2,000,000:1 contrast ratio
HDR display
Wide color (P3)
Dynamic Island",2556 x 1179,Super Retina XDR,,Nu,Li-Ion,6 GB,128 GB,
"Telefon mobil Motorola E15, Dual SIM, 2GB RAM, 64GB, Misty Blue","310,15 Lei",310.15 Lei,3.87(15),https://www.emag.ro/telefon-mobil-motorola-e15-dual-sim-2gb-ram-64gb-misty-blue-pb6s0005pl/pd/DNDZHK3BM/,https://s13emagst.akamaized.net/products/93625/93624659/images/res_10a6e4f1aaa627c506802b4913e85bdf.jpg?width=720&height=720&hash=27B5BA58BAEAEBE7F564895C3588A2FE,6.67 inch,Rata de reimprospatare de 90 Hz,1612 x 720,"LCD
IPS",5200 mAh,Nu,Li-Po,2 GB,64 GB,
"Telefon mobil Samsung Galaxy A17, Dual SIM, 8GB RAM, 256GB, 4G, Black","949,00 Lei",949.00 Lei,5(1),https://www.emag.ro/telefon-mobil-samsung-galaxy-a17-dual-sim-8gb-ram-256gb-4g-black-sm-a175fzkeeue/pd/D057K93BM/,https://s13emagst.akamaized.net/products/99061/99060695/images/res_ea5f94180fe4e9294b5011b8c7eacb91.jpg?width=720&height=720&hash=EFD7D000A23849F3659A4CBDAA860E22,6.7 inch,"16 milioane de culori
Rata de reimprospatare de 90 Hz",1080 x 2340,Super AMOLED,5000 mAh,Nu,,8 GB,256 GB,
"Telefon mobil realme 14 Pro 5G, Dual SIM, 256GB, 8GB RAM, Suede Grey","999,99 Lei",999.99 Lei,5(6),https://www.emag.ro/telefon-mobil-realme-14-pro-5g-dual-sim-256gb-8gb-ram-suede-grey-631011005071/pd/D5J3ZL3BM/,https://s13emagst.akamaized.net/products/105941/105940201/images/res_21387855193beca7e7a9232881e04dd2.jpg?width=720&height=720&hash=D91A920EB59CE4BCE2BA8D70D8D6454D,6.77 inch,"20:9 ratio
Rata de refresh 120 Hz
388 ppi",2800 x 1272,OLED,6000 mAh,Nu,Li-Ion,8 GB,256 GB,
"Telefon mobil Apple iPhone 16, 128GB, 5G, Pink","3.757,05 Lei",3757.05 Lei,4.73(313),https://www.emag.ro/telefon-mobil-apple-iphone-16-128gb-5g-pink-myea3zd-a/pd/DXY67LYBM/,https://s13emagst.akamaized.net/products/76828/76827220/images/res_41ac93d716ec11baeeb0b5d95ebeb465.jpg?width=720&height=720&hash=FBBE8141782BC1AB9C09D57994FB9410,6.1 inch,"True tone
Haptic touch
HDR display
Wide color (P3)
Dynamic Island
1000 nit luminozitate maxima (tipic); 1600 nit luminozitate maxima (HDR); 2000 nit luminozitate maxima (in aer liber)
Fingerprint-resistant",2556 x 1179,OLED,,Nu,Li-Ion,8 GB,128 GB,
"Telefon mobil Samsung Galaxy A17, Dual SIM, 8GB RAM, 256GB, 4G, Gray","899,99 Lei",899.99 Lei,5(1),https://www.emag.ro/telefon-mobil-samsung-galaxy-a17-dual-sim-8gb-ram-256gb-4g-gray-sm-a175fzaeeue/pd/DT57K93BM/,https://s13emagst.akamaized.net/products/99061/99060694/images/res_867f31f0c5318c90a274ab1bf298289b.jpg?width=720&height=720&hash=7B54355981E75170CCA40F2C268DB331,6.7 inch,"16 milioane de culori
Rata de reimprospatare de 90 Hz",1080 x 2340,Super AMOLED,5000 mAh,Nu,,8 GB,256 GB,
"Telefon mobil Nokia 105 (2019), Dual SIM, Black","64,99 Lei",64.99 Lei,4.28(185),https://www.emag.ro/telefon-mobil-nokia-105-2019-dual-sim-black-16kigb01a07/pd/DZ3MR6BBM/,https://s13emagst.akamaized.net/products/25681/25680918/images/res_ecd782ea778de612d0fc6e0f34a287b6.jpg?width=720&height=720&hash=9C43C87C2C97D70DB8DC55A9EBB6DC21,1.77 inch,,120 x 160,TFT,800 mAh,,Li-Ion,4 MB,4 MB,
"Telefon mobil Samsung Galaxy A17, Dual SIM, 4GB RAM, 128GB, 4G, Gray","649,99 Lei",649.99 Lei,5(1),https://www.emag.ro/telefon-mobil-samsung-galaxy-a17-dual-sim-4gb-ram-128gb-4g-gray-sm-a175fzabeue/pd/DK57K93BM/,https://s13emagst.akamaized.net/products/99061/99060694/images/res_867f31f0c5318c90a274ab1bf298289b.jpg?width=720&height=720&hash=7B54355981E75170CCA40F2C268DB331,6.7 inch,"16 milioane de culori
Rata de reimprospatare de 90 Hz",1080 x 2340,Super AMOLED,5000 mAh,Nu,,4 GB,128 GB,
"Telefon mobil HMD Barbie, Dual SIM, 4G, Pink","279,99 Lei",279.99 Lei,5(3),https://www.emag.ro/telefon-mobil-hmd-barbie-dual-sim-4g-pink-1gf030apc1l07/pd/DLZWZCYBM/,https://s13emagst.akamaized.net/products/76414/76413657/images/res_158f6b72045d0d49fb1793bad619be6d.jpg?width=720&height=720&hash=0AAC1A5DA05B1996A81505AAFE47D521,"1.77 inch
2.8 inch",143 PPI,320 x 240,LCD,1450 mAh,,Li-Ion,64 MB,128 MB,MicroSD
"Telefon mobil Samsung Galaxy S24 FE, Dual SIM, 8GB RAM, 128GB, 5G, Graphite","2.284,50 Lei",2284.50 Lei,4.76(135),https://www.emag.ro/telefon-mobil-samsung-galaxy-s24-fe-dual-sim-8gb-ram-128gb-5g-graphite-sm-s721bzkdeue/pd/D0J1YZYBM/,https://s13emagst.akamaized.net/products/77658/77657955/images/res_ff11f356f99b3af89e0e67b5537d3fa6.jpg?width=720&height=720&hash=FCC9537A3B285CC271B4FED2606DF2C5,6.7 inch,"16 milioane de culori
FHD+
Rata de refresh 120 Hz",1080 x 2340,Dynamic AMOLED,4700 mAh,,,8 GB,128 GB,
"Telefon mobil Apple iPhone 17 Pro Max, 512GB, 5G, Cosmic Orange","9.500,00 Lei",9500.00 Lei,4.76(136),https://www.emag.ro/telefon-mobil-apple-iphone-17-pro-max-512gb-5g-cosmic-orange-mfyt4zd-a/pd/D199FV3BM/,https://s13emagst.akamaized.net/products/102972/102971604/images/res_8b9a44b3730436c3966b37351d4ba1d2.jpg?width=720&height=720&hash=F99DA454AA885BB4B06EF1C60D0B6439,6.9 inch,"Always-on display
True tone
Haptic touch
2,000,000:1 contrast ratio
HDR display
Wide color (P3)
Dynamic Island
1000 nit luminozitate maxima (tipic); 1600 nit luminozitate maxima (HDR); 3000 nit luminozitate maxima (in aer liber)
Tehnologie ProMotion - rata de refresh adaptiva pana la 120Hz",2868 x 1320,OLED,,Nu,Li-Ion,12 GB,512 GB,
"Telefon mobil Apple iPhone 16 Pro Max, 256GB, 5G, Black Titanium","6.918,91 Lei",6918.91 Lei,4.81(501),https://www.emag.ro/telefon-mobil-apple-iphone-16-pro-max-256gb-5g-black-titanium-mywv3zd-a/pd/D6367LYBM/,https://s13emagst.akamaized.net/products/76828/76827265/images/res_1100df91ed470fdd72fe277fcc41f172.jpg?width=720&height=720&hash=FA7BFFBF52BB4D93CD59750DCDA2DDDC,6.9 inch,"Always-on display
True tone
Haptic touch
2,000,000:1 contrast ratio
HDR display
Wide color (P3)
Dynamic Island
1000 nit luminozitate maxima (tipic); 1600 nit luminozitate maxima (HDR); 2000 nit luminozitate maxima (in aer liber)
Fingerprint-resistant",2868 x 1320,OLED,,Nu,Li-Ion,8 GB,256 GB,
"Telefon mobil iHunt S25 Ultra, Dual SIM, 4G, 8GB (4+4) RAM, 128GB, Octa-Core, 5150mAh, Android 15, Black","395,98 Lei",395.98 Lei,3.9(31),https://www.emag.ro/telefon-mobil-ihunt-s25-ultra-dual-sim-4g-8gb-4-4-ram-128gb-octa-core-5150mah-android-15-black-s25-ultra-blk/pd/DVPSS03BM/,https://s13emagst.akamaized.net/products/95646/95645837/images/res_0472da2dcdca30a25b11c0871f02aa99.jpg?width=720&height=720&hash=FCF20BC4E5AFA0F9DA29D585A2CB4BBF,6.75 inch,"HD+
Touch screen",1600 x 720,LCD,5150 mAh,Da,Li-Po,8 GB,128 GB,MicroSD
"Telefon mobil Samsung Galaxy S25 Ultra, Dual SIM, 12GB RAM, 256GB, 5G, Titanium Black","5.477,60 Lei",5477.60 Lei,4.66(500),https://www.emag.ro/telefon-mobil-samsung-galaxy-s25-ultra-dual-sim-12gb-ram-256gb-5g-titanium-black-sm-s938bzkdeue/pd/DYRVXGYBM/,https://s13emagst.akamaized.net/products/84446/84445769/images/res_001e7e69e6d46fc6986fd4ee21fa0b78.jpg?width=720&height=720&hash=6660C1D946D94CBE36805F70804E8C03,6.9 inch,"Rata de refresh 120 Hz
2600nits
qHD+",3120 x 1440,Dynamic AMOLED,5000 mAh,,,12 GB,256 GB,
"Telefon mobil Motorola moto g05, Dual SIM, 256GB, 8GB RAM, 5200 mAh, Plum Red","529,99 Lei",529.99 Lei,4.66(73),https://www.emag.ro/telefon-mobil-motorola-moto-g05-dual-sim-256gb-8gb-ram-5200-mah-plum-red-pb6l0032ro/pd/DW8JV23BM/,https://s13emagst.akamaized.net/products/90135/90134053/images/res_f1c623f611936276cf07a40e1c0d63a9.jpg?width=720&height=720&hash=79B64AD01E6EF5421AC58AF0C70B9DE2,6.67 inch,263 ppi,1612 x 720,LCD,5200 mAh,Nu,,8 GB,256 GB,
"Telefon mobil Motorol g15, Dual SIM, 128GB, 8GB RAM, Iguana Green","465,54 Lei",465.54 Lei,4.4(25),https://www.emag.ro/telefon-mobil-motorol-g15-dual-sim-128gb-8gb-ram-iguana-green-pb6e0016pl/pd/DJZ3VH3BM/,https://s13emagst.akamaized.net/products/90135/90134047/images/res_7e9f601228feecf118871af5d7403e8d.jpg?width=720&height=720&hash=07DF1A32B5801DF510E3E33BC3C31CB1,6.72 inch,"391 PPI
FHD+
60 Hz",2400 x 1080,LCD,5200 mAh,Nu,,8 GB,128 GB,
"Telefon mobil Samsung Galaxy A16, Dual SIM, 128GB, 6GB RAM, 4G, Negru","750,20 Lei",750.20 Lei,4.64(320),https://www.emag.ro/telefon-mobil-samsung-galaxy-a16-dual-sim-128gb-6gb-ram-4g-negru-sm-a165fzkg/pd/DX0N55YBM/,https://s13emagst.akamaized.net/products/81504/81503600/images/res_9ab2b60d3b31a60b7daf8848aaf980e6.jpg?width=720&height=720&hash=7F33AF450220D6729853EBDC72BCE180,6.7 inch,385 ppi,1080 x 2340,Super AMOLED,5000 mAh,Da,,6 GB,128 GB,MicroSDXC
"Telefon mobil Xiaomi Redmi Note 14, 6GB RAM, 128GB, Midnight Black","698,99 Lei",698.99 Lei,4.65(166),https://www.emag.ro/telefon-mobil-xiaomi-redmi-note-14-6gb-ram-128gb-midnight-black-mzb0j01eu/pd/DCH3DGYBM/,https://s13emagst.akamaized.net/products/84223/84222401/images/res_94cdb9d2d0ac21dcf4c389b72332ae0e.jpg?width=720&height=720&hash=C1C7862A9332110969CF68AE3D419BCD,6.67 inch,"394 PPI
Rata de refresh 120 Hz
1800 nits (peak)
Sunlight display
Reading mode
Touch sampling rate: 240Hz",2400 x 1080,AMOLED,5500 mAh,,,6 GB,128 GB,
"Telefon mobil Samsung Galaxy S25, Dual SIM, 12GB RAM, 256GB, 5G, Navy","3.748,58 Lei",3748.58 Lei,4.74(219),https://www.emag.ro/telefon-mobil-samsung-galaxy-s25-dual-sim-12gb-ram-256gb-5g-navy-sm-s931bdbgeue/pd/D0QVXGYBM/,https://s13emagst.akamaized.net/products/84446/84445742/images/res_3ea91debbe31ed9e8d5a667387425cc2.jpg?width=720&height=720&hash=D4A7ACF1BCAA4F4489B103D5F6BC21F5,6.2 inch,"Rata de refresh 120 Hz
2600nits",2340 x 1080,Dynamic AMOLED,4000 mAh,,,12 GB,256 GB,
"Telefon mobil Apple iPhone 17 Pro Max, 512GB, 5G, Deep Blue","8.699,99 Lei",8699.99 Lei,4.76(136),https://www.emag.ro/telefon-mobil-apple-iphone-17-pro-max-512gb-5g-deep-blue-mfyu4zd-a/pd/DQ99FV3BM/,https://s13emagst.akamaized.net/products/102972/102971605/images/res_521720717ffbec523996fee25dcd20c1.jpg?width=720&height=720&hash=86A79D0AD127B3F793E4057A5605CD7F,6.9 inch,"Always-on display
True tone
Haptic touch
2,000,000:1 contrast ratio
HDR display
Wide color (P3)
Dynamic Island
1000 nit luminozitate maxima (tipic); 1600 nit luminozitate maxima (HDR); 3000 nit luminozitate maxima (in aer liber)
Tehnologie ProMotion - rata de refresh adaptiva pana la 120Hz",2868 x 1320,OLED,,Nu,Li-Ion,12 GB,512 GB,
"Telefon mobil Apple iPhone 17, 256GB, 5G, Black","4.831,68 Lei",4831.68 Lei,4.71(86),https://www.emag.ro/telefon-mobil-apple-iphone-17-256gb-5g-black-mg6j4zd-a/pd/DGX9FV3BM/,https://s13emagst.akamaized.net/products/102972/102971582/images/res_717c9c07c0167e08cba06a53461e75ff.jpg?width=720&height=720&hash=13977F0A73A0D192100F54CABFA62248,6.3 inch,"Always-on display
True tone
Haptic touch
HDR display
Wide color (P3)
Dynamic Island
Fingerprint-resistant
Tehnologie ProMotion - rata de refresh adaptiva pana la 120Hz
Anti-reflective coating",2622 x 1206,"OLED
Super Retina XDR",,Nu,Li-Ion,8 GB,256 GB,
"Telefon mobil Samsung Galaxy A36, Dual SIM, 8GB RAM, 256GB, 5G, Awesome Lavender","1.666,21 Lei",1666.21 Lei,4.65(99),https://www.emag.ro/telefon-mobil-samsung-galaxy-a36-dual-sim-8gb-ram-256gb-5g-awesome-lavender-sm-a366blvgeue/pd/DHZ5X33BM/,https://s13emagst.akamaized.net/products/89071/89070976/images/res_f7d75da00538022e7a1f683dd13503dd.jpg?width=720&height=720&hash=9000F5EDF8FB53CCA73C87B2ABFBA19F,6.7 inch,120 Hz,1080 x 2340,Super AMOLED,5000 mAh,,,8 GB,256 GB,
"Telefon mobil Samsung Galaxy A26, Dual SIM, 6GB RAM, 128GB, 5G, Black","975,70 Lei",975.70 Lei,4.53(102),https://www.emag.ro/telefon-mobil-samsung-galaxy-a26-dual-sim-6gb-ram-128gb-5g-black-sm-a266bzkbeue/pd/DMZ5X33BM/,https://s13emagst.akamaized.net/products/89071/89070968/images/res_647e0214d938cd83d6f5117a7b7bfa02.jpg?width=720&height=720&hash=04E15C6209E5BC1CC33F0325ADB59CDC,6.7 inch,120 Hz,1080 x 2340,Super AMOLED,5000 mAh,,,6 GB,128 GB,MicroSD
"Telefon mobil Apple iPhone 15, 128GB, 5G, Blue","3.296,84 Lei",3296.84 Lei,4.66(575),https://www.emag.ro/telefon-mobil-apple-iphone-15-128gb-5g-blue-mtp43rx-a/pd/DR4H93YBM/,https://s13emagst.akamaized.net/products/60458/60457124/images/res_710aa5e925b96dc436201454c55598f8.jpg?width=720&height=720&hash=158019B3C12F394F7E05373E31BA6724,6.1 inch,"True tone
Haptic touch
2,000,000:1 contrast ratio
HDR display
Wide color (P3)
Dynamic Island",2556 x 1179,Super Retina XDR,,Nu,Li-Ion,6 GB,128 GB,
"Telefon mobil Oukitel WP52, 5G, Dual SIM, Octa-Core Dimensity 6100+, 6.6-inch IPS, 256GB, Senzor Amprenta, 6500mAh, IP68/IP69K, NFC, Android 14, Blue","795,99 Lei",795.99 Lei,,https://www.emag.ro/telefon-mobil-oukitel-wp52-5g-dual-sim-octa-core-dimensity-6100-6-6-inch-ips-256gb-senzor-amprenta-6500mah-ip68-ip69k-nfc-android-14-blue-wp50ble/pd/DR70683BM/,https://s13emagst.akamaized.net/products/112561/112560188/images/res_580dd962acb6248039620c3ce06de096.png?width=720&height=720&hash=14C935DD3196C0EAA2B4015EBEAF633C,6.6 inch,"Corning Gorilla Glass 5
267 PPI
HD+
60 Hz
Touch screen",720 x 1612,IPS,6500 mAh,Da,Li-Po,4 GB,256 GB,MicroSD
"Telefon mobil HONOR 400, Dual SIM, 8GB RAM, 512GB ROM, Midnight Black","1.842,99 Lei",1842.99 Lei,4.86(14),https://www.emag.ro/telefon-mobil-honor-400-dual-sim-8gb-ram-512gb-rom-midnight-black-5109buut/pd/DXT4CN3BM/,https://s13emagst.akamaized.net/products/94814/94813451/images/res_64026003603809b1617fccf05810a220.jpg?width=720&height=720&hash=1393B3FFFADAB256D369E5584DB202C6,6.55 inch,,1200 x 2664,AMOLED,5300 mAh,Nu,Li-Ion,8 GB,512 GB,
"Telefon mobil Xiaomi Redmi A5, 3GB RAM, 64GB, 4G, Gold","363,00 Lei",363.00 Lei,4.6(10),https://www.emag.ro/telefon-mobil-xiaomi-redmi-a5-3gb-ram-64gb-4g-gold-mzb0jteeu/pd/D29N1J3BM/,https://s13emagst.akamaized.net/products/94270/94269625/images/res_356004163a705210095e9077ac2b8729.jpg?width=720&height=720&hash=0E2FB33399CBB032241C34123B786537,6.88 inch,"260 PPI
450 nits
Rata de refresh 120 Hz",1640 x 720,LCD,5200 mAh,Nu,,3 GB,64 GB,MicroSD
"Telefon mobil Apple iPhone 14, 128GB, 5G, Purple","3.300,00 Lei",3300.00 Lei,4.78(570),https://www.emag.ro/telefon-mobil-apple-iphone-14-128gb-5g-purple-mpv03rx-a/pd/D62Y4LMBM/,https://s13emagst.akamaized.net/products/48592/48591194/images/res_386d8b602076b952c56b1d3411c2e473.jpg?width=720&height=720&hash=0CAE43D3D9DA08F8D44D298826D7C9CF,6.1 inch,"True tone
Haptic touch
2,000,000:1 contrast ratio
800 nits (typ), 1200 nits (peak)
HDR display
Wide color (P3)",1170 x 2532,OLED,,Nu,Li-Ion,6 GB,128 GB,
"Telefon mobil Apple iPhone 17 Pro Max, 512GB, 5G, Silver","8.699,99 Lei",8699.99 Lei,4.76(136),https://www.emag.ro/telefon-mobil-apple-iphone-17-pro-max-512gb-5g-silver-mfyq4zd-a/pd/DZ99FV3BM/,https://s13emagst.akamaized.net/products/102972/102971603/images/res_3068a10e181103d3223a4b9b61950c54.jpg?width=720&height=720&hash=4DB633047EFB2CF2F4E7087C39438AD1,6.9 inch,"Always-on display
True tone
Haptic touch
2,000,000:1 contrast ratio
HDR display
Wide color (P3)
Dynamic Island
1000 nit luminozitate maxima (tipic); 1600 nit luminozitate maxima (HDR); 3000 nit luminozitate maxima (in aer liber)
Tehnologie ProMotion - rata de refresh adaptiva pana la 120Hz",2868 x 1320,OLED,,Nu,Li-Ion,12 GB,512 GB,
"Telefon mobil Motorola Edge 50 Fusion, Dual Sim, 256GB, 8GB RAM, 5G, Hot Pink","899,99 Lei",899.99 Lei,4.65(251),https://www.emag.ro/telefon-mobil-motorola-edge-50-fusion-dual-sim-256gb-8gb-ram-5g-hot-pink-pb3t0045ro/pd/DDZ3VH3BM/,https://s13emagst.akamaized.net/products/96586/96585993/images/res_e641d186b0d224a190b913e0caaedb93.jpg?width=720&height=720&hash=F4B515B66B3F8EFBC90965B3686485A2,6.7 inch,"395 PPI
Rata de reimprospatare de 144 Hz",2400 x 1080,OLED,5000 mAh,Nu,,8 GB,256 GB,
"Telefon mobil Motorola moto g15, Dual SIM, 128GB, 8GB RAM, 5200 mAh, Gravity Grey","469,99 Lei",469.99 Lei,4.4(25),https://www.emag.ro/telefon-mobil-motorola-moto-g15-dual-sim-128gb-8gb-ram-5200-mah-gravity-grey-pb6e0017pl/pd/D58JV23BM/,https://s13emagst.akamaized.net/products/90135/90134048/images/res_0d88966c5b4647e6999656b01a2f9d46.jpg?width=720&height=720&hash=AF62663E08749AD808C4833025AC386D,6.72 inch,"391 PPI
FHD+
60 Hz",2400 x 1080,LCD,5200 mAh,Nu,,8 GB,128 GB,
"Telefon mobil Apple iPhone 17 Pro Max, 256GB, 5G, Deep Blue","7.419,99 Lei",7419.99 Lei,4.76(136),https://www.emag.ro/telefon-mobil-apple-iphone-17-pro-max-256gb-5g-deep-blue-mfyp4zd-a/pd/DL99FV3BM/,https://s13emagst.akamaized.net/products/102972/102971605/images/res_521720717ffbec523996fee25dcd20c1.jpg?width=720&height=720&hash=86A79D0AD127B3F793E4057A5605CD7F,6.9 inch,"Always-on display
True tone
Haptic touch
2,000,000:1 contrast ratio
HDR display
Wide color (P3)
Dynamic Island
1000 nit luminozitate maxima (tipic); 1600 nit luminozitate maxima (HDR); 3000 nit luminozitate maxima (in aer liber)
Tehnologie ProMotion - rata de refresh adaptiva pana la 120Hz",2868 x 1320,OLED,,Nu,Li-Ion,12 GB,256 GB,
"Telefon mobil iHunt Senior Comfort, Display 1.77"", Dual SIM, GSM, Bluetooth, Camera, Meniu Limba Romana, Taste Mari, Lanterna, Radio FM fara cablu, Baterie 1000mAh, Buton SOS, Sunet Puternic, Negru","99,98 Lei",99.98 Lei,4.75(16),https://www.emag.ro/telefon-mobil-ihunt-senior-comfort-display-1-77-dual-sim-gsm-bluetooth-camera-meniu-limba-romana-taste-mari-lanterna-radio-fm-fara-cablu-baterie-1000mah-buton-sos-sunet-puternic-negru-senior-comfort/pd/D2ZWP93BM/,https://s13emagst.akamaized.net/products/99204/99203755/images/res_1d1209bfab30c26f74511e1488567f37.jpg?width=720&height=720&hash=2196F73F0B726DE1502B75A780411061,1.77 inch,,128 x 160,TFT,1000 mAh,Da,Li-Ion,32 MB,32 MB,MicroSD
"Telefon mobil Apple iPhone 17 Pro Max, 256GB, 5G, Silver","7.419,99 Lei",7419.99 Lei,4.76(136),https://www.emag.ro/telefon-mobil-apple-iphone-17-pro-max-256gb-5g-silver-mfym4zd-a/pd/D499FV3BM/,https://s13emagst.akamaized.net/products/102972/102971603/images/res_3068a10e181103d3223a4b9b61950c54.jpg?width=720&height=720&hash=4DB633047EFB2CF2F4E7087C39438AD1,6.9 inch,"Always-on display
True tone
Haptic touch
2,000,000:1 contrast ratio
HDR display
Wide color (P3)
Dynamic Island
1000 nit luminozitate maxima (tipic); 1600 nit luminozitate maxima (HDR); 3000 nit luminozitate maxima (in aer liber)
Tehnologie ProMotion - rata de refresh adaptiva pana la 120Hz",2868 x 1320,OLED,,Nu,Li-Ion,12 GB,256 GB,
"Telefon mobil Xiaomi Redmi A5, 3GB RAM, 64GB, 4G, Black","388,99 Lei",388.99 Lei,4.6(10),https://www.emag.ro/telefon-mobil-xiaomi-redmi-a5-3gb-ram-64gb-4g-black-mzb0jseeu/pd/DY9N1J3BM/,https://s13emagst.akamaized.net/products/94270/94269622/images/res_e3dbc87321b5fad585ba06fce81565b2.jpg?width=720&height=720&hash=B23AA476A4655662416330F2AD924202,6.88 inch,"260 PPI
450 nits
Rata de refresh 120 Hz",1640 x 720,LCD,5200 mAh,Nu,,3 GB,64 GB,MicroSD
"Telefon mobil pentru seniori, cu meniul in limba Romana, taste mari, buton SOS, micro SIM, retea 4G, Functie Apelare Rapida, Bluetooth, Radio, Camera, Lanterna","237,00 Lei",237.00 Lei,4.94(1173),https://www.emag.ro/telefon-mobil-pentru-seniori-cu-meniul-in-limba-romana-taste-mari-buton-sos-micro-sim-retea-4g-functie-apelare-rapida-bluetooth-radio-camera-lanterna-telefon-c1-4g/pd/D4QJLRYBM/,https://s13emagst.akamaized.net/products/80989/80988077/images/res_8fa578c970729c85d4d0cfcf6f7c4820.png?width=720&height=720&hash=A79ACE6B9A313F943E6C921C91A056F6,1.77 inch,,,LCD,1800 mAh,Da,Li-Ion,128 MB,48 MB,MicroSD
"Telefon mobil pentru seniori, cu meniul in limba Romana, Stand pentru incarcare, taste mari, buton SOS, micro SIM, retea 4G, Functie Apelare rapida, Lanterna","220,00 Lei",220.00 Lei,4.95(843),https://www.emag.ro/telefon-mobil-pentru-seniori-cu-meniul-in-limba-romana-stand-pentru-incarcare-taste-mari-buton-sos-micro-sim-retea-4g-functie-apelare-rapida-lanterna-telefon-c1-stand/pd/DBY7PGYBM/,https://s13emagst.akamaized.net/products/84403/84402770/images/res_e76eb0344d7d0d953d720280a6767e39.png?width=720&height=720&hash=D0914FA69FE73BF39C3133EACD819CD5,1.77 inch,,,,1800 mAh,Da,,128 MB,48 MB,MicroSD
"Telefon mobil ZTE Blade A56, Dual SIM, 4GB, 64GB, 4G, Floating Gold","349,99 Lei",349.99 Lei,4.25(4),https://www.emag.ro/telefon-mobil-zte-blade-a56-dual-sim-4gb-64gb-4g-floating-gold-123456301146/pd/DK2WZC3BM/,https://s13emagst.akamaized.net/products/105043/105042237/images/res_c22624f3c912dea44388951af3c5a5b7.jpg?width=720&height=720&hash=03AB5BF546F2D3ED8D3BB14993B5BFE7,6.75 inch,Rata de reimprospatare de 90 Hz,,"LCD
IPS",5000 mAh,,,4 GB,64 GB,MicroSDXC
"Telefon mobil Nokia 106, Dual SIM, Negru","64,99 Lei",64.99 Lei,3.55(80),https://www.emag.ro/telefon-mobil-nokia-106-dual-sim-negru-dvrtk5bbm/pd/DTHYVBMBM/,https://s13emagst.akamaized.net/products/29168/29167659/images/res_ef700e4c4c7a528226795ac16d3db96d.jpg?width=720&height=720&hash=879F47B46CA5F11EAFFDB183D0F106EB,1.8 inch,,,,,,,4 MB,4 MB,
"Telefon mobil Motorola moto g15 power, Dual SIM, 256GB, 8GB RAM, 6000 mAh, Iguana Green","613,68 Lei",613.68 Lei,4.79(24),https://www.emag.ro/telefon-mobil-motorola-moto-g15-power-dual-sim-256gb-8gb-ram-6000-mah-iguana-green-pb6g0002pl/pd/DV8JV23BM/,https://s13emagst.akamaized.net/products/90135/90134037/images/res_4de3ddd7fb888d90be08c8d0a4b5a606.jpg?width=720&height=720&hash=4E18B64F4A5155DBB99FBC69B3EBF66F,6.72 inch,"391 PPI
60 Hz",2400 x 1080,LCD,6000 mAh,Nu,Li-Ion,8 GB,256 GB,MicroSD
"Telefon mobil Samsung Galaxy S24 Ultra, Dual SIM, 12GB RAM, 256GB, 5G, Titanium Black","4.827,90 Lei",4827.90 Lei,4.74(885),https://www.emag.ro/telefon-mobil-samsung-galaxy-s24-ultra-dual-sim-12gb-ram-256gb-5g-titanium-black-sm-s928bzkgeue/pd/DP6L7KYBM/,https://s13emagst.akamaized.net/products/64817/64816455/images/res_dcae4c4dabb70a9916dffbc724913b11.jpg?width=720&height=720&hash=410B9FC2522B0AB870D6D1F8FC7A4B3D,6.8 inch,"120 Hz
QHD",3120 x 1440,Dynamic AMOLED,5000 mAh,,,12 GB,256 GB,
"Telefon mobil Apple iPhone 16, 128GB, 5G, White","3.779,99 Lei",3779.99 Lei,4.73(313),https://www.emag.ro/telefon-mobil-apple-iphone-16-128gb-5g-white-mye93zd-a/pd/DPY67LYBM/,https://s13emagst.akamaized.net/products/76828/76827219/images/res_ffac4e59735d37326f4b1e7cb4e4db47.jpg?width=720&height=720&hash=BEC4F7FB97B0002B4E6D4BBF2EE63A3A,6.1 inch,"True tone
Haptic touch
HDR display
Wide color (P3)
Dynamic Island
1000 nit luminozitate maxima (tipic); 1600 nit luminozitate maxima (HDR); 2000 nit luminozitate maxima (in aer liber)
Fingerprint-resistant",2556 x 1179,OLED,,Nu,Li-Ion,8 GB,128 GB,
"Telefon mobil realme Note 70T, Dual SIM, 128GB, 4GB RAM Obsidian Black","434,35 Lei",434.35 Lei,5(2),https://www.emag.ro/telefon-mobil-realme-note-70t-dual-sim-128gb-4gb-ram-obsidian-black-631011006475/pd/DZJ3ZL3BM/,https://s13emagst.akamaized.net/products/105941/105940198/images/res_274bfb0f557de80b6b46400041c0be4b.jpg?width=720&height=720&hash=C839C39C3BD6DDE7D56F2BF03DA7DFEC,6.74 inch,"260 PPI
Rata de reimprospatare de 90 Hz",1600 x 720,"LCD
IPS",6000 mAh,Nu,,4 GB,128 GB,
"Telefon mobil Apple iPhone 14, 128GB, 5G, Starlight","3.205,39 Lei",3205.39 Lei,4.78(570),https://www.emag.ro/telefon-mobil-apple-iphone-14-128gb-5g-starlight-mpur3rx-a/pd/D52Y4LMBM/,https://s13emagst.akamaized.net/products/48592/48591193/images/res_467c241e448b89e2882bb298bcdac506.jpg?width=720&height=720&hash=80149EC336DEEFD324DC852B5BC5E4A7,6.1 inch,"True tone
Haptic touch
2,000,000:1 contrast ratio
800 nits (typ), 1200 nits (peak)
HDR display
Wide color (P3)",1170 x 2532,OLED,,Nu,Li-Ion,6 GB,128 GB,
"Telefon mobil Samsung Galaxy A16, 8GB RAM, 128GB, 4G, Black","824,01 Lei",824.01 Lei,4.64(320),https://www.emag.ro/telefon-mobil-samsung-galaxy-a16-8gb-ram-128gb-4g-black-sm-a166flkd/pd/DY79943BM/,https://s13emagst.akamaized.net/products/91733/91732397/images/res_276956572f5e74f3969e6004e8dbd88d.jpg?width=720&height=720&hash=D73CEE0ABB1C00EE6EBA0E389AC49CB6,6.7 inch,90 Hz,1080 x 2340,Super AMOLED,5000 mAh,Nu,,8 GB,128 GB,MicroSDXC
"Telefon mobil Samsung Galaxy S25, Dual SIM, 12GB RAM, 256GB, 5G, Blueblack","3.748,99 Lei",3748.99 Lei,4.74(219),https://www.emag.ro/telefon-mobil-samsung-galaxy-s25-dual-sim-12gb-ram-256gb-5g-blueblack-sm-s931bzkgeue/pd/DRJW5X3BM/,https://s13emagst.akamaized.net/products/98698/98697141/images/res_8db6c01f983a71d58f56face675fa288.jpg?width=720&height=720&hash=F862FA57D7DC5FBA55FEB54B710181BB,6.2 inch,"Rata de refresh 120 Hz
2600nits",2340 x 1080,Dynamic AMOLED,4000 mAh,Nu,,12 GB,256 GB,
"Telefon mobil Xiaomi 15T, 12GB RAM, 256GB ROM, 5G Rose Gold + Woven Strap Ring Stand","2.699,99 Lei",2699.99 Lei,4.6(30),https://www.emag.ro/telefon-mobil-xiaomi-15t-12gb-ram-256gb-rom-5g-rose-gold-woven-strap-ring-stand-mzb0n3feu/pd/D19M943BM/,https://s13emagst.akamaized.net/products/103853/103852844/images/res_a9b59c41a43864040cb524496c9eef3e.jpg?width=720&height=720&hash=59159D165E6A45B9032262D3E34F29A4,6.83 inch,"Dolby Vision
Rata de reimprospatare de pana la 120 Hz
HDR 10+
Touch sampling rate: Up to 480Hz
3200 niti (varf)
447 ppi",2772 x 1280,AMOLED,5500 mAh,Nu,,12 GB,256 GB,
"Telefon mobil Motorola Moto g86, 8GB RAM, 256GB, 5G, Spellbound","949,00 Lei",949.00 Lei,4.83(24),https://www.emag.ro/telefon-mobil-motorola-moto-g86-8gb-ram-256gb-5g-spellbound-pb7l0103pl/pd/DTZ3VH3BM/,https://s13emagst.akamaized.net/products/96586/96585994/images/res_b2b89de0c9ae56627871af333a6bfd6d.jpg?width=720&height=720&hash=B60B91467D903343E6BB273FE629FA85,6.67 inch,"446 PPI
Rata de reimprospatare de 120 Hz",2712 x 1220,OLED,5200 mAh,Nu,,8 GB,256 GB,
"Telefon mobil Samsung Galaxy A06, 64GB, 4GB RAM, 4G, Light Blue","442,86 Lei",442.86 Lei,4.52(139),https://www.emag.ro/telefon-mobil-samsung-galaxy-a06-64gb-4gb-ram-4g-light-blue-212444/pd/D3K3CCYBM/,https://s13emagst.akamaized.net/products/76328/76327676/images/res_21af9dd5ff5b180784ec1c141bbaf098.jpg?width=720&height=720&hash=4656C9275BD4105AEABB9679CB415280,6.7 inch,,720 x 1600,PLS,5000 mAh,Nu,,4 GB,64 GB,MicroSD
"Telefon mobil Samsung Galaxy S25 Ultra, Dual SIM, 12GB RAM, 256GB, 5G, Jetblack","5.536,99 Lei",5536.99 Lei,4.66(500),https://www.emag.ro/telefon-mobil-samsung-galaxy-s25-ultra-dual-sim-12gb-ram-256gb-5g-jetblack-sm-s938bakdeue/pd/D6JW5X3BM/,https://s13emagst.akamaized.net/products/98698/98697145/images/res_c090c80854e8632d90b19998cdcad1ee.jpg?width=720&height=720&hash=12D316365747F96863C789350D8EB9A8,6.9 inch,"Rata de refresh 120 Hz
2600nits
qHD+",3120 x 1440,Dynamic AMOLED,5000 mAh,Nu,,12 GB,256 GB,
"Telefon mobil realme 14 Pro+ 5G, Dual SIM, 512GB, 12GB RAM, Suede Grey","1.999,00 Lei",1999.00 Lei,4.7(23),https://www.emag.ro/telefon-mobil-realme-14-pro-5g-dual-sim-512gb-12gb-ram-suede-grey-631011004924/pd/D8J3ZL3BM/,https://s13emagst.akamaized.net/products/105941/105940203/images/res_a874562df63be8dcd908b52c2d8d1c51.jpg?width=720&height=720&hash=2832E3873FBC441C40F3A6712796F737,6.83 inch,"Luminozitate maxima de 1200 nits (HDR)
20:9 ratio
450 ppi
Rata de refresh 120 Hz",2800 x 1272,OLED,6000 mAh,Nu,Li-Ion,12 GB,512 GB,
"Telefon mobil Apple iPhone 16, 128GB, 5G, Ultramarine","3.757,05 Lei",3757.05 Lei,4.73(313),https://www.emag.ro/telefon-mobil-apple-iphone-16-128gb-5g-ultramarine-myec3zd-a/pd/D9Y67LYBM/,https://s13emagst.akamaized.net/products/76828/76827221/images/res_a5c8fbacbd8ad36c1b79f2c55d36bf9f.jpg?width=720&height=720&hash=9507D7E8F46451E8F6A95F88F1DCDED1,6.1 inch,"True tone
Haptic touch
HDR display
Wide color (P3)
Dynamic Island
1000 nit luminozitate maxima (tipic); 1600 nit luminozitate maxima (HDR); 2000 nit luminozitate maxima (in aer liber)
Fingerprint-resistant",2556 x 1179,OLED,,Nu,Li-Ion,8 GB,128 GB,
"Telefon mobil Samsung Galaxy A07, 4GB RAM, 64GB, Violet","458,59 Lei",458.59 Lei,4(1),https://www.emag.ro/telefon-mobil-samsung-galaxy-a07-4gb-ram-64gb-violet-sm-gxa074gvo64/pd/DYQC5S3BM/,https://s13emagst.akamaized.net/products/102382/102381842/images/res_83f75618f5468634d9b0af0104337803.jpg?width=720&height=720&hash=CCCB713CBC37D24302C0CD83068E0901,6.7 inch,90 Hz,720 x 1600,"LCD
PLS",5000 mAh,Nu,,4 GB,64 GB,MicroSDXC
"Telefon mobil Nokia 125, Dual SIM, Black","169,99 Lei",169.99 Lei,4.24(17),https://www.emag.ro/telefon-mobil-nokia-125-dual-sim-black-1059996424481/pd/DMSRJTMBM/,https://s13emagst.akamaized.net/products/35596/35595007/images/res_62f2701549ea75301c6e14d0e37578f1.jpg?width=720&height=720&hash=9491C6D291EB116F76EB4BA8D84638C0,2.4 inch,,240 x 320,TFT,1020 mAh,,Li-Ion,4 MB,4 MB,MicroSD
"Telefon mobil Apple iPhone 13, 128GB, 5G, Midnight","2.799,00 Lei",2799.00 Lei,4.82(1093),https://www.emag.ro/telefon-mobil-apple-iphone-13-128gb-5g-midnight-mlpf3rm-a/pd/DQFCMXMBM/,https://s13emagst.akamaized.net/products/40685/40684414/images/res_974dc0e4b6a1180b612c24afef8eb494.jpg?width=720&height=720&hash=27A6CA20492D41746C0C8A0226456760,6.1 inch,460 PPI,2532 x 1170,OLED,,Nu,,4 GB,128 GB,
"Telefon mobil Apple iPhone 14, 128GB, 5G, Midnight","2.999,00 Lei",2999.00 Lei,4.78(570),https://www.emag.ro/telefon-mobil-apple-iphone-14-128gb-5g-midnight-mpuf3rx-a/pd/DR2Y4LMBM/,https://s13emagst.akamaized.net/products/48592/48591192/images/res_749904e2b5777dea6eb322cfb68742a1.jpg?width=720&height=720&hash=A31AEC0C4CD4D28F3C10772C8315D943,6.1 inch,"True tone
Haptic touch
2,000,000:1 contrast ratio
800 nits (typ), 1200 nits (peak)
HDR display
Wide color (P3)",1170 x 2532,OLED,,Nu,Li-Ion,6 GB,128 GB,
"Telefon mobil Apple iPhone 13, 128GB, 5G, Starlight","2.799,00 Lei",2799.00 Lei,4.82(1093),https://www.emag.ro/telefon-mobil-apple-iphone-13-128gb-5g-starlight-mlpg3rm-a/pd/D1FCMXMBM/,https://s13emagst.akamaized.net/products/40685/40684412/images/res_587e5e15698135f41c0340e80496bf67.jpg?width=720&height=720&hash=C4FD117245354CED278B13039E0293CF,6.1 inch,460 PPI,2532 x 1170,OLED,,Nu,,4 GB,128 GB,
"Telefon mobil Xiaomi Redmi Note 14 Pro, 8GB RAM, 256GB, 5G, Lavender Purple","1.171,20 Lei",1171.20 Lei,4.54(68),https://www.emag.ro/telefon-mobil-xiaomi-redmi-note-14-pro-8gb-ram-256gb-5g-lavender-purple-mzb0im5eu/pd/D2P3DGYBM/,https://s13emagst.akamaized.net/products/84223/84222416/images/res_5fc076bb16ded1b1330607d3ee4ca2b5.jpg?width=720&height=720&hash=C94EDD0A913ECE3DE6EC7BC885B5E3BA,6.67 inch,"Rata de refresh 120 Hz
3000 nits (varf)
Reading mode
Contrast ratio: 5,000,000:1
Touch sampling rate: Up to 480Hz",2712 x 1220,AMOLED,5110 mAh,,,8 GB,256 GB,
"Telefon mobil Apple iPhone 12, 64GB, 5G, White","2.229,00 Lei",2229.00 Lei,4.61(600),https://www.emag.ro/telefon-mobil-apple-iphone-12-64gb-5g-white-mgj63rm-a/pd/DYTJ27MBM/,https://s13emagst.akamaized.net/products/33382/33381515/images/res_0c16b5665926e53927f3ebc2ce49c253.jpg?width=720&height=720&hash=2E334010E1D85AB3C71A55A81F5DA9E0,6.1 inch,460 PPI,2532 x 1170,Super Retina XDR,,,,4 GB,64 GB,
"Telefon mobil Apple iPhone 16, 256GB, 5G, Black","4.289,45 Lei",4289.45 Lei,4.73(313),https://www.emag.ro/telefon-mobil-apple-iphone-16-256gb-5g-black-myee3zd-a/pd/DJY67LYBM/,https://s13emagst.akamaized.net/products/76828/76827218/images/res_e74f88f45f2837aeecbaac4974a50afa.jpg?width=720&height=720&hash=E42849028EDE45ECDCC6DF1EAF9F5879,6.1 inch,"True tone
Haptic touch
HDR display
Wide color (P3)
Dynamic Island
1000 nit luminozitate maxima (tipic); 1600 nit luminozitate maxima (HDR); 2000 nit luminozitate maxima (in aer liber)
Fingerprint-resistant",2556 x 1179,OLED,,Nu,Li-Ion,8 GB,256 GB,
"Telefon mobil Samsung Galaxy A07, 4GB RAM, 128GB, Violet","512,05 Lei",512.05 Lei,4(1),https://www.emag.ro/telefon-mobil-samsung-galaxy-a07-4gb-ram-128gb-violet-sm-gxa074gvo128/pd/DNQC5S3BM/,https://s13emagst.akamaized.net/products/102382/102381842/images/res_83f75618f5468634d9b0af0104337803.jpg?width=720&height=720&hash=CCCB713CBC37D24302C0CD83068E0901,6.7 inch,90 Hz,720 x 1600,"LCD
PLS",5000 mAh,Nu,,4 GB,128 GB,MicroSDXC
"Telefon mobil Poco X7 Pro, 12GB RAM, 512GB, 5G, Black","1.800,00 Lei",1800.00 Lei,4.53(55),https://www.emag.ro/telefon-mobil-poco-x7-pro-12gb-ram-512gb-5g-black-kxg0166752/pd/DJK19GYBM/,https://s13emagst.akamaized.net/products/84480/84479846/images/res_ec75cf3d7eaa3432ab28801832222a22.jpg?width=720&height=720&hash=C86183CDCE3FB27C8B26007ACA77EBE3,6.67 inch,"Dolby Vision
HDR10+
120 Hz
68B colors
1400 nits (HBM)
3200 niti (varf)",1220 x 2712,AMOLED,6000 mAh,Da,,12 GB,512 GB,
"Telefon mobil Samsung Galaxy A06, 128GB, 6GB RAM, 4G, Black","562,01 Lei",562.01 Lei,4.52(139),https://www.emag.ro/telefon-mobil-samsung-galaxy-a06-128gb-6gb-ram-4g-black-sm-a065128-6gb-black/pd/DTK3CCYBM/,https://s13emagst.akamaized.net/products/77214/77213734/images/res_0f1b180a5c762a9c7f90805885e0e15c.jpg?width=720&height=720&hash=D78627284B7B82EFC2B645EDADAB74FC,6.7 inch,,720 x 1600,PLS,5000 mAh,Nu,,6 GB,128 GB,MicroSD
"Telefon mobil Apple iPhone 16, 128GB, 5G, Teal","3.779,99 Lei",3779.99 Lei,4.73(313),https://www.emag.ro/telefon-mobil-apple-iphone-16-128gb-5g-teal-myed3zd-a/pd/DFY67LYBM/,https://s13emagst.akamaized.net/products/76828/76827222/images/res_2b48580a1b85d2b3e7c5c41f5f6c8d42.jpg?width=720&height=720&hash=CEA683847A73520D4DC103A0EC55225D,6.1 inch,"True tone
Haptic touch
HDR display
Wide color (P3)
Dynamic Island
1000 nit luminozitate maxima (tipic); 1600 nit luminozitate maxima (HDR); 2000 nit luminozitate maxima (in aer liber)
Fingerprint-resistant",2556 x 1179,OLED,,Nu,Li-Ion,8 GB,128 GB,
"Telefon mobil ZTE nubia FLIP, Dual SIM, 8GB RAM, 256GB, 5G, Negru","1.850,01 Lei",1850.01 Lei,4.42(12),https://www.emag.ro/telefon-mobil-zte-nubia-flip-dual-sim-8gb-ram-256gb-5g-negru-nx724j/pd/DWF6RCYBM/,https://s13emagst.akamaized.net/products/76500/76499939/images/res_77b571cfef7a784ab2ed5d741e0061a8.jpg?width=720&height=720&hash=E8EAF4DF66CA2AA699CFE96990FD7C97,6.9 inch,"FHD+
Pliabil",2790 x 1188,OLED,4310 mAh,,,8 GB,256 GB,
"Telefon mobil ZTE nubia NEO 3GT, Dual SIM, 12GB, 256GB, 5G, Yellow","1.199,99 Lei",1199.99 Lei,4.46(13),https://www.emag.ro/telefon-mobil-zte-nubia-neo-3gt-dual-sim-12gb-256gb-5g-yellow-123448601098/pd/DTBN1P3BM/,https://s13emagst.akamaized.net/products/97664/97663554/images/res_6d24f93788050f2582a9e9fa97e33a97.jpg?width=720&height=720&hash=F91DE29177A61DC53B6EC1E451078843,6.8 inch,"386 ppi
Rata de refresh 120 Hz
1300 nits (peak)",1080 x 2392,AMOLED,5000 mAh,,,12 GB,256 GB,
"Telefon mobil Apple iPhone 16e, 128GB, 5G, Black","3.196,30 Lei",3196.30 Lei,4.51(63),https://www.emag.ro/telefon-mobil-apple-iphone-16e-128gb-5g-black-md1q4zd-a/pd/D4XPCB3BM/,https://s13emagst.akamaized.net/products/86496/86495227/images/res_502bd68a81c5240a92c811e8797db6af.jpg?width=720&height=720&hash=1E5A4A429B8B2F291930C0B87BB83725,6.1 inch,"True tone
Haptic touch
2,000,000:1 contrast ratio
HDR display
Wide color (P3)
800 nits
1200 nits (peak)
Fingerprint-resistant",2532 x 1170,Super Retina XDR,,Nu,Li-Ion,8 GB,128 GB,
"Telefon mobil Motorola moto g05, Dual SIM, 64GB, 4GB RAM, 5200 mAh, Forest Green","399,99 Lei",399.99 Lei,4.66(73),https://www.emag.ro/telefon-mobil-motorola-moto-g05-dual-sim-64gb-4gb-ram-5200-mah-forest-green-pb6l0003pl/pd/D2GJV23BM/,https://s13emagst.akamaized.net/products/90135/90134054/images/res_46bd5e87d33ff0a2d509a0e0c3fd6ed7.jpg?width=720&height=720&hash=4325AE99D209EF52705DB529C0B7029A,6.67 inch,263 ppi,1612 x 720,LCD,5200 mAh,Nu,,4 GB,64 GB,
"Telefon mobil Apple iPhone XR, 64GB, Red","1.479,00 Lei",1479.00 Lei,4.66(396),https://www.emag.ro/telefon-mobil-apple-iphone-xr-64gb-red-mry62rm-a/pd/DKSY9VBBM/,https://s13emagst.akamaized.net/products/17043/17042909/images/res_c81fb84de5e8cb181a871a0848e3ec7c.jpg?width=720&height=720&hash=6A4E0F690094BA6AE08F8066E0FFFEB0,6.1 inch,,828 x 1792,IPS,2942 mAh,,Li-Ion,3 GB,64 GB,
"Telefon mobil Xiaomi Redmi 15, 8GB RAM, 256GB, 5G, Midnight Black + Woven Strap Ring Stand","899,99 Lei",899.99 Lei,4.28(29),https://www.emag.ro/telefon-mobil-xiaomi-redmi-15-8gb-ram-256gb-5g-midnight-black-woven-strap-ring-stand-mzb0mujeu/pd/DY82VJ3BM/,https://s13emagst.akamaized.net/products/101205/101204741/images/res_733c48d9bac14129c879cfa81dadb493.jpg?width=720&height=720&hash=47E2E1FD28828014A3CAE59EEBA43843,6.9 inch,"16.7 milioane culori
374 ppi
Rata de reimprospatare de 144 Hz",2340 x 1080,IPS,7000 mAh,Nu,,8 GB,256 GB,
"Telefon mobil TCL 501, 2GB RAM, 32GB, 4G, Prime Black","270,00 Lei",270.00 Lei,3.8(5),https://www.emag.ro/telefon-mobil-tcl-501-2gb-ram-32gb-4g-prime-black-t433d-2alca112/pd/DXPVTZYBM/,https://s13emagst.akamaized.net/products/77802/77801984/images/res_149045567d70c81f53c258026b4d77b3.jpg?width=720&height=720&hash=CE8EED68F95C22A80D4E8637005F8136,6 inch,"400 nits
Rata de reimprospatare a ecranului de 60 Hz
qHD+
203 PPI",540 x 1092,,3000 mAh,Da,,2 GB,32 GB,MicroSD
"Telefon mobil Apple iPhone 16, 256GB, 5G, Pink","4.331,80 Lei",4331.80 Lei,4.73(313),https://www.emag.ro/telefon-mobil-apple-iphone-16-256gb-5g-pink-myeg3zd-a/pd/DVY67LYBM/,https://s13emagst.akamaized.net/products/76828/76827220/images/res_41ac93d716ec11baeeb0b5d95ebeb465.jpg?width=720&height=720&hash=FBBE8141782BC1AB9C09D57994FB9410,6.1 inch,"True tone
Haptic touch
HDR display
Wide color (P3)
Dynamic Island
1000 nit luminozitate maxima (tipic); 1600 nit luminozitate maxima (HDR); 2000 nit luminozitate maxima (in aer liber)
Fingerprint-resistant",2556 x 1179,OLED,,Nu,Li-Ion,8 GB,256 GB,
"Telefon mobil Xiaomi Redmi 15, 8GB RAM, 256GB, 4G, Midnight Black + Woven Strap Ring Stand","799,99 Lei",799.99 Lei,4.05(19),https://www.emag.ro/telefon-mobil-xiaomi-redmi-15-8gb-ram-256gb-4g-midnight-black-woven-strap-ring-stand-mzb0mv4eu/pd/D862VJ3BM/,https://s13emagst.akamaized.net/products/101205/101204736/images/res_8d88065b36a8c09217e1cd214506628e.jpg?width=720&height=720&hash=F7CEECFBF5ABF7492AC6F9BF6014EEF5,6.9 inch,"16.7 milioane culori
374 ppi
Rata de reimprospatare de 144 Hz",2340 x 1080,IPS,7000 mAh,Nu,,8 GB,256 GB,
"Telefon mobil Xiaomi Redmi Note 14, 8GB RAM, 256GB, Ocean Blue","785,99 Lei",785.99 Lei,4.65(166),https://www.emag.ro/telefon-mobil-xiaomi-redmi-note-14-8gb-ram-256gb-ocean-blue-mzb0iyweu/pd/D8H3DGYBM/,https://s13emagst.akamaized.net/products/84223/84222405/images/res_2d62504301e458fcb97044fefa7cf673.jpg?width=720&height=720&hash=A6AC8CA71304D4F6B66B4365B917801F,6.67 inch,"394 PPI
Rata de refresh 120 Hz
1800 nits (peak)
Sunlight display
Reading mode
Touch sampling rate: 240Hz",2400 x 1080,AMOLED,5500 mAh,,,8 GB,256 GB,
"Telefon mobil Maxcom Senior MM428, Dual SIM, Black","109,99 Lei",109.99 Lei,3.55(111),https://www.emag.ro/telefon-mobil-maxcom-senior-mm428-dual-sim-black-mm428bb-black/pd/D2B70DBBM/,https://s13emagst.akamaized.net/products/5844/5843845/images/res_1657c4a02acdaf76f1cd17692e6a470e.jpg?width=720&height=720&hash=B21C434A51036D9088B4A35648401C3D,1.8 inch,,160 x 128,,800 mAh,,Li-Ion,,,MicroSD
"Telefon mobil Samsung Galaxy S25 Ultra, Dual SIM, 12GB RAM, 512GB, 5G, Titanium Black","5.868,50 Lei",5868.50 Lei,4.66(500),https://www.emag.ro/telefon-mobil-samsung-galaxy-s25-ultra-dual-sim-12gb-ram-512gb-5g-titanium-black-sm-s938bzkgeue/pd/DDRVXGYBM/,https://s13emagst.akamaized.net/products/84446/84445769/images/res_001e7e69e6d46fc6986fd4ee21fa0b78.jpg?width=720&height=720&hash=6660C1D946D94CBE36805F70804E8C03,6.9 inch,"Rata de refresh 120 Hz
2600nits
qHD+",3120 x 1440,Dynamic AMOLED,5000 mAh,,,12 GB,512 GB,
"Telefon mobil iHunt i4 PRO, Dual SIM, 2G, Bluetooth, Camera Foto, Radio FM fara cablu, Lanterna, Difuzor puternic 3-in-1, USB-C, Black","79,98 Lei",79.98 Lei,5(3),https://www.emag.ro/telefon-mobil-ihunt-i4-pro-dual-sim-2g-bluetooth-camera-foto-radio-fm-fara-cablu-lanterna-difuzor-puternic-3-in-1-usb-c-black-i4-pro-ngr/pd/DSPSS03BM/,https://s13emagst.akamaized.net/products/95646/95645836/images/res_98c275533259c9bbed99d63326d798da.jpg?width=720&height=720&hash=5ECCBF80AC2A3060DF19DDD1B2C7EAE7,1.77 inch,,,,800 mAh,Da,Li-Ion,32 MB,32 MB,MicroSD
"Telefon mobil ZTE Blade A56, Dual SIM, 4GB, 64GB, 4G, Celestial Black","349,99 Lei",349.99 Lei,4.25(4),https://www.emag.ro/telefon-mobil-zte-blade-a56-dual-sim-4gb-64gb-4g-celestial-black-123456301145/pd/D72WZC3BM/,https://s13emagst.akamaized.net/products/105043/105042234/images/res_0f54986dd55acf22d11971d2c36640e5.jpg?width=720&height=720&hash=4A6D4112295DD2EAE641BDD0CA70485C,6.75 inch,Rata de reimprospatare de 90 Hz,,"LCD
IPS",5000 mAh,,,4 GB,64 GB,MicroSDXC
"Telefon mobil Samsung Galaxy A56, 12GB RAM, 256GB, 5G, Awesome Graphite","2.269,00 Lei",2269.00 Lei,4.71(422),https://www.emag.ro/telefon-mobil-samsung-galaxy-a56-12gb-ram-256gb-5g-awesome-graphite-sm-a56awsgph12gb/pd/D0VQ4K3BM/,https://s13emagst.akamaized.net/products/88998/88997825/images/res_6890f681b67ba46e85f1d9e58dc3784e.jpg?width=720&height=720&hash=DB3D63059753876AE0AB104947572C0D,6.7 inch,"HDR10+
120 Hz
1200 nits (HBM)
1900 nits (peak)",1080 x 2340,Super AMOLED,5000 mAh,Nu,,12 GB,256 GB,
"Telefon mobil Nokia 225 (2024), Dual SIM, 4G, Dark Blue","269,95 Lei",269.95 Lei,4(8),https://www.emag.ro/telefon-mobil-nokia-225-2024-dual-sim-4g-dark-blue-1gf025fpg2l08/pd/D36CJFYBM/,https://s13emagst.akamaized.net/products/71608/71607833/images/res_79a0a90dbcbb9edcb7d6bd2ab9941517.jpg?width=720&height=720&hash=A844E2D4B4066C1C9959924A1E9A275D,2.4 inch,,,"LCD
TFT",1450 mAh,Da,Li-Ion,64 MB,128 MB,MicroSD
"Telefon mobil Samsung Galaxy S25 FE, Dual SIM, 8GB RAM, 256GB, 5G, Jetblack","3.204,99 Lei",3204.99 Lei,4.81(21),https://www.emag.ro/telefon-mobil-samsung-galaxy-s25-fe-dual-sim-8gb-ram-256gb-5g-jetblack-sm-s731bzkgeue/pd/DN0QTS3BM/,https://s13emagst.akamaized.net/products/101820/101819228/images/res_6052e9fd4d83cf0f1f35a38a674e5b2b.jpg?width=720&height=720&hash=11B96AC694FECB69932907CACD81AFCC,,"16 milioane de culori
120 Hz
FHD+",1080 x 2340,Dynamic AMOLED,4900 mAh,Nu,,8 GB,256 GB,
"Telefon mobil Samsung Galaxy A17, Dual SIM, 8GB RAM, 256GB, 4G, Light Blue","959,00 Lei",959.00 Lei,5(1),https://www.emag.ro/telefon-mobil-samsung-galaxy-a17-dual-sim-8gb-ram-256gb-4g-light-blue-sm-a175flbeeue/pd/DD57K93BM/,https://s13emagst.akamaized.net/products/99061/99060691/images/res_63daa0d0a96e6bda8513eda14300c68e.jpg?width=720&height=720&hash=BF2768FDA14A1FFB7BA8EADF9B687058,6.7 inch,"16 milioane de culori
Rata de reimprospatare de 90 Hz",1080 x 2340,Super AMOLED,5000 mAh,Nu,,8 GB,256 GB,
"Telefon mobil Samsung Galaxy A36, Dual SIM, 6GB RAM, 128GB, 5G, Awesome Graphite","1.391,49 Lei",1391.49 Lei,4.65(99),https://www.emag.ro/telefon-mobil-samsung-galaxy-a36-dual-sim-6gb-ram-128gb-5g-awesome-graphite-sm-a366bzkbeue/pd/DPZ5X33BM/,https://s13emagst.akamaized.net/products/89071/89070979/images/res_e113c383df8cfd84e9836c70be5d21ad.jpg?width=720&height=720&hash=891737BB4310E982D487C6D9E1BE8D7A,6.7 inch,120 Hz,1080 x 2340,Super AMOLED,5000 mAh,,,6 GB,128 GB,
"Telefon mobil Motorola moto g15 power, Dual SIM, 256GB, 8GB RAM, 6000 mAh, Gravity Grey","649,99 Lei",649.99 Lei,4.79(24),https://www.emag.ro/telefon-mobil-motorola-moto-g15-power-dual-sim-256gb-8gb-ram-6000-mah-gravity-grey-pb6g0001pl/pd/DL8JV23BM/,https://s13emagst.akamaized.net/products/90135/90134040/images/res_01a48de844f3f214e1178f28004cf450.jpg?width=720&height=720&hash=D874B5EBA3CBB0CC7DF5030FE179D5D2,6.72 inch,"391 PPI
60 Hz",2400 x 1080,LCD,6000 mAh,Nu,Li-Ion,8 GB,256 GB,MicroSD
"Telefon mobil Motorola Edge 50 Fusion, Dual SIM, 256GB, 8GB, 5G, Forest Blue","949,99 Lei",949.99 Lei,4.65(251),https://www.emag.ro/telefon-mobil-motorola-edge-50-fusion-dual-sim-256gb-8gb-5g-forest-blue-pb3t0044ro/pd/D5MCWN3BM/,https://s13emagst.akamaized.net/products/95113/95112149/images/res_47c1b756ff806f8cc86f0f41642b5fdf.jpg?width=720&height=720&hash=2455A51DC6776901BD6F840A9D32F439,6.7 inch,"395 PPI
Rata de reimprospatare de 144 Hz",2400 x 1080,OLED,5000 mAh,Nu,,8 GB,256 GB,
"Telefon mobil Samsung Galaxy A56, Dual SIM, 8GB RAM, 128GB, 5G, Awesome Pink","1.648,02 Lei",1648.02 Lei,4.71(422),https://www.emag.ro/telefon-mobil-samsung-galaxy-a56-dual-sim-8gb-ram-128gb-5g-awesome-pink-sm-a566bliaeue/pd/DFZ5X33BM/,https://s13emagst.akamaized.net/products/89071/89070982/images/res_1d63feeba44b0dd068db8a905496117d.jpg?width=720&height=720&hash=A84281F1C8030A95E2D4C6336962F8FD,6.7 inch,120 Hz,1080 x 2340,Super AMOLED,5000 mAh,,,8 GB,128 GB,
"Telefon mobil Allview A30 Max, Dual SIM, 6.53"", 1GB RAM, 32GB, 3G, Blue","199,29 Lei",199.29 Lei,1.86(7),https://www.emag.ro/telefon-mobil-allview-a30-max-dual-sim-6-53-1gb-ram-32gb-3g-blue-a30max/pd/DD1Y6SMBM/,https://s13emagst.akamaized.net/products/45137/45136006/images/res_34b739a6bcddbdd3f1b081defab416ef.jpg?width=720&height=720&hash=2233B2926D72734962D2E46BF0E2A5FA,6.52 inch,Multi-touch,720 x 1600,"IPS
TFT",2950 mAh,Da,Li-Po,1 GB,32 GB,MicroSD
"Telefon mobil pentru seniori, cu meniul in limba Romana, Stand pentru incarcare, taste mari, buton SOS, micro SIM, retea 4G, Functie Apelare rapida, Lanterna","220,00 Lei",220.00 Lei,,https://www.emag.ro/telefon-mobil-pentru-seniori-cu-meniul-in-limba-romana-stand-pentru-incarcare-taste-mari-buton-sos-micro-sim-retea-4g-functie-apelare-rapida-lanterna-telefon-c1-stand/pd/DBY7PGYBM/?ref=smart-history-ml_1_1&provider=rec&recid=rec_4_5e9759dcfd5288bf9a71d8396280e757e1b53ada38180bc2f1ca11e3136e9b5f_1767468571&scenario_ID=4,https://s13emagst.akamaized.net/products/84403/84402770/images/res_e76eb0344d7d0d953d720280a6767e39.png?width=300&height=300&hash=2D6F5B727B52C2C35DBA622E794D5690,1.77 inch,,,,1800 mAh,Da,,128 MB,48 MB,MicroSD
"Telefon mobil pentru seniori, cu meniul in limba Romana, taste mari, buton SOS, micro SIM, retea 4G, Functie Apelare Rapida, Bluetooth, Radio, Camera, Lanterna","237,00 Lei",237.00 Lei,4.94(1173),https://www.emag.ro/telefon-mobil-pentru-seniori-cu-meniul-in-limba-romana-taste-mari-buton-sos-micro-sim-retea-4g-functie-apelare-rapida-bluetooth-radio-camera-lanterna-telefon-c1-4g/pd/D4QJLRYBM/?ref=smart-history-ml_1_2&provider=rec&recid=rec_4_5e9759dcfd5288bf9a71d8396280e757e1b53ada38180bc2f1ca11e3136e9b5f_1767468571&scenario_ID=4,https://s13emagst.akamaized.net/products/80989/80988077/images/res_8fa578c970729c85d4d0cfcf6f7c4820.png?width=300&height=300&hash=33CF461B6567607B94367D82BA50A67B,1.77 inch,,,LCD,1800 mAh,Da,Li-Ion,128 MB,48 MB,MicroSD
"Telefon mobil pentru seniori, cu meniul in limba Romana, Stand pentru incarcare, taste mari, buton SOS, Dual SIM, Retea 4G, Baterie 1800 mAh, Functie Apelare Rapida, Usor de folosit pentru varstnici, pensionari si bunici, Lanterna, Diagonala ecran 6.1 cm","249,99 Lei",249.99 Lei,4.96(604),https://www.emag.ro/telefon-mobil-pentru-seniori-cu-meniul-in-limba-romana-stand-pentru-incarcare-taste-mari-buton-sos-dual-sim-retea-4g-baterie-1800-mah-functie-apelare-rapida-usor-de-folosit-pentru-varstnici-pensionari/pd/DTWK8GYBM/?ref=smart-history-ml_1_3&provider=rec&recid=rec_4_5e9759dcfd5288bf9a71d8396280e757e1b53ada38180bc2f1ca11e3136e9b5f_1767468571&scenario_ID=4,https://s13emagst.akamaized.net/products/84884/84883184/images/res_3eaf1c1278820a611548b9397654c266.png?width=300&height=300&hash=0B0D1EBE3840DFDCD35B67F0A133819C,2.4 inch,,,LCD,1800 mAh,Da,Li-Ion,128 MB,48 MB,MicroSD
"Telefon mobil cu clapeta pentru seniori, meniu in limba Romana, Display dublu, Stand incarcare, Retea 4G, Taste mari, Buton SOS, Micro SIM, Baterie 1300 mAh, usor de folosit pentru varstnici, pensionari si bunici, Functie Apelare Rapida, Ecran 6.1 cm","240,00 Lei",240.00 Lei,4.97(31),https://www.emag.ro/telefon-mobil-cu-clapeta-pentru-seniori-meniu-in-limba-romana-display-dublu-stand-incarcare-retea-4g-taste-mari-buton-sos-micro-sim-baterie-1300-mah-usor-de-folosit-pentru-varstnici-pensionari-si-buni/pd/DDPVLM3BM/?ref=smart-history-ml_1_4&provider=rec&recid=rec_4_5e9759dcfd5288bf9a71d8396280e757e1b53ada38180bc2f1ca11e3136e9b5f_1767468571&scenario_ID=4,https://s13emagst.akamaized.net/products/87455/87454261/images/res_2184472f5b106e0902e4d4c38a009d73.png?width=300&height=300&hash=4C50457F93B3235DE45529F61E5EBBCB,,,,,,Da,,128 MB,64 MB,
"Telefon Mobil pentru Seniori cu Taste Mari, 4G, Meniu in Limba Romana, Volum Puternic Reglabil, Buton SOS, One Sim, Ecran LCD Generos, Color, Autonomie 7 Zile, Usor de Folosit pentru Varstnici, Pensionari si Bunici, Lanterna, Radio, Bluetooth, Albastru","328,99 Lei",328.99 Lei,4.68(40),https://www.emag.ro/telefon-mobil-pentru-seniori-cu-taste-mari-4g-meniu-in-limba-romana-volum-puternic-reglabil-buton-sos-one-sim-ecran-lcd-generos-color-autonomie-7-zile-usor-de-folosit-pentru-varstnici-pensionari-si-bu/pd/DDVZT8YBM/?ref=smart-history-ml_1_5&provider=rec&recid=rec_4_5e9759dcfd5288bf9a71d8396280e757e1b53ada38180bc2f1ca11e3136e9b5f_1767468571&scenario_ID=4,https://s13emagst.akamaized.net/products/83348/83347133/images/res_f4546a5a3e32acdcaea2dcbe387baace.jpg?width=300&height=300&hash=7E4D8164F79B4DF147671E6A7BA471F1,1.77 inch,,128 x 160,LCD,1000 mAh,,Li-Ion,48 MB,128 GB,SD
"Telefon mobil pentru seniori, dual SIM, color, taste mari, meniu in limba Romana, buton SOS, Bluetooth, lanterna, radio, negru","180,00 Lei",180.00 Lei,4.77(325),https://www.emag.ro/telefon-mobil-pentru-seniori-dual-sim-color-taste-mari-meniu-in-limba-romana-buton-sos-bluetooth-lanterna-radio-negru-telefon-cs181/pd/DXLPBQMBM/?ref=smart-history-ml_1_6&provider=rec&recid=rec_4_5e9759dcfd5288bf9a71d8396280e757e1b53ada38180bc2f1ca11e3136e9b5f_1767468571&scenario_ID=4,https://s13emagst.akamaized.net/products/50806/50805851/images/res_65d5ec35caa79fb4820b8544da0c3a3a.png?width=300&height=300&hash=52A6B5DA9219E5124081D6E6AEB02844,1.8 inch,,,,800 mAh,Da,BL-5C,32 MB,24 MB,SD
"Telefon Mobil Motorola Moto E15, Procesor Mediatek Helio G81 Extreme Octa Core, IPS LCD Capacitive touchscreen 6.67"", 2GB RAM, 64GB Flash, Camera 32 MP, Wi-Fi, 4G, Dual Sim, Android (Albastru denim)","360,00 Lei",360.00 Lei,5(1),https://www.emag.ro/telefon-mobil-motorola-moto-e15-procesor-mediatek-helio-g81-extreme-octa-core-ips-lcd-capacitive-touchscreen-6-67-2gb-ram-64gb-flash-camera-32-mp-wi-fi-4g-dual-sim-android-albastru-denim-840023291791/pd/DKXX9N3BM/,https://s13emagst.akamaized.net/products/94630/94629120/images/res_ef9888e7bf6b0b2834d41f3417fdcafd.jpg?width=720&height=720&hash=63BCE0FD29432D13DFAFB78ED2E35980,6.67 inch,,,,,,,2 GB,64 GB,
"Telefon mobil Samsung Galaxy A56, Dual SIM, 8GB RAM, 256GB, 5G, Awesome LightGray","1.895,78 Lei",1895.78 Lei,4.71(422),https://www.emag.ro/telefon-mobil-samsung-galaxy-a56-dual-sim-8gb-ram-256gb-5g-awesome-lightgray-sm-a566bzaceue/pd/D4Z5X33BM/,https://s13emagst.akamaized.net/products/89071/89070985/images/res_b0f55b8539f04a66279c7747362a722f.jpg?width=720&height=720&hash=6C58526C0BC67D0AEF13A6B17C3D8CF9,6.7 inch,120 Hz,1080 x 2340,Super AMOLED,5000 mAh,,,8 GB,256 GB,
"Telefon mobil Xiaomi Redmi Note 14 Pro, 8GB RAM, 256GB, Midnight Black","999,99 Lei",999.99 Lei,4.43(67),https://www.emag.ro/telefon-mobil-xiaomi-redmi-note-14-pro-8gb-ram-256gb-midnight-black-mzb0id5eu/pd/DWH3DGYBM/,https://s13emagst.akamaized.net/products/84223/84222411/images/res_2884086e3eb2716b9817c1bd53a61cb8.jpg?width=720&height=720&hash=AEEC291975EBB7FE6DA282520E9ACBD4,6.67 inch,"Rata de refresh 120 Hz
1800 nits (peak)
Sunlight display
Reading mode
Contrast ratio: 5,000,000:1",2400 x 1080,AMOLED,5500 mAh,,,8 GB,256 GB,
"Telefon mobil Apple iPhone 12, 64GB, 5G, Purple","2.288,99 Lei",2288.99 Lei,4.61(600),https://www.emag.ro/telefon-mobil-apple-iphone-12-64gb-5g-purple-mjnm3rm-a/pd/DZ5X1KMBM/,https://s13emagst.akamaized.net/products/36716/36715835/images/res_6c8d441fb919d240d4b846bae844a567.jpg?width=720&height=720&hash=FCD6530892E5D584D8BA764D7FF04204,6.1 inch,460 PPI,2532 x 1170,Super Retina XDR,,,,4 GB,64 GB,
"Telefon mobil Nokia 3310 (2017), Dual SIM, Dark Blue","164,52 Lei",164.52 Lei,3.91(168),https://www.emag.ro/telefon-mobil-nokia-3310-2017-dual-sim-dark-blue-a00028096/pd/DLPGMNBBM/,https://s13emagst.akamaized.net/products/5788/5787187/images/res_f7eb764947d09b3a9971d9421f2efe27.jpg?width=720&height=720&hash=7220A770D86C0253DE9F72E381C1903D,2.4 inch,,240 x 320,TFT,1200 mAh,,Li-Ion,16 MB,16 MB,MicroSD
"Telefon mobil Apple iPhone Air, 256GB, 5G, Space Black","5.551,49 Lei",5551.49 Lei,4.21(43),https://www.emag.ro/telefon-mobil-apple-iphone-air-256gb-5g-space-black-mg2l4zd-a/pd/D2F9FV3BM/,https://s13emagst.akamaized.net/products/102972/102971619/images/res_bef7f7eec4a491d64cb449d4fbf8d066.jpg?width=720&height=720&hash=5B02365853D344C8D323B2157B7DA8CC,6.5 inch,"Always-on display
HDR
True tone
Haptic touch
Wide color (P3)
Dynamic Island
Fingerprint-resistant
Tehnologie ProMotion - rata de refresh adaptiva pana la 120Hz
Anti-reflective coating",2736 x 1260,"OLED
Super Retina XDR",,Nu,Li-Ion,12 GB,256 GB,
"Telefon Mobil pentru Varstnici AIEK G10-C, Dual SIM, Baterie 5900mAh, Lanterna, FM, Ecran Tactil 3.0"", Auriu","249,11 Lei",249.11 Lei,,https://www.emag.ro/telefon-mobil-pentru-varstnici-aiek-g10-c-dual-sim-baterie-5900mah-lanterna-fm-ecran-tactil-3-0-auriu-g10-c-gold/pd/DVSWL4YBM/,https://s13emagst.akamaized.net/products/75461/75460187/images/res_3b07df92d1f4cfc1239e94a1b40b088a.png?width=720&height=720&hash=0D3C2C896249140B41C2E189454BFB63,,,,,,,,32 MB,32 MB,
"Telefon mobil Motorola Edge 50, Dual SIM, 512GB, 12GB RAM, 5G, Steel Jasper","1.299,99 Lei",1299.99 Lei,4.67(9),https://www.emag.ro/telefon-mobil-motorola-edge-50-dual-sim-512gb-12gb-ram-5g-steel-jasper-pb2u0004pl/pd/D59QHCYBM/,https://s13emagst.akamaized.net/products/76080/76079947/images/res_6c585c65ab26eea85ff648fa1a7d0b43.jpg?width=720&height=720&hash=D663361AC5D28B884537061B340B5AC8,6.7 inch,446 PPI,2712 x 1220,P-OLED,4500 mAh,,Li-Po,12 GB,512 GB,
"Telefon mobil Apple iPhone 14 Pro Max, 256GB, 5G, Gold","6.159,00 Lei",6159.00 Lei,4.76(560),https://www.emag.ro/telefon-mobil-apple-iphone-14-pro-max-256gb-5g-gold-mq9w3rx-a/pd/DFDY4LMBM/,https://s13emagst.akamaized.net/products/48592/48591240/images/res_a4e5068cf223ad7dd7aac9ad750a6760.jpg?width=720&height=720&hash=5AA081939531E887E9DA736A6A19291C,6.7 inch,"True tone
Haptic touch
2,000,000:1 contrast ratio
HDR display
Wide color (P3)
1000 nits (typical), 1600 nits peak brightness(HDR), 2000 nits peak brightness (outdoor)",1290 x 2796,OLED,,,Li-Ion,6 GB,256 GB,
"Telefon mobil Xiaomi Redmi 15C, 4GB RAM, 128GB, Midnight Black","465,85 Lei",465.85 Lei,3(2),https://www.emag.ro/telefon-mobil-xiaomi-redmi-15c-4gb-ram-128gb-midnight-black-1892563/pd/DHZ05J3BM/,https://s13emagst.akamaized.net/products/101449/101448658/images/res_1bc5f2d03b32564b5ff282889a4935a0.jpg?width=720&height=720&hash=582FE23E34717AA81C05B5EC5B740F33,6.9 inch,120 Hz,1600 x 720,"LCD
IPS",6000 mAh,Nu,Li-Po,4 GB,128 GB,MicroSDHC
"Telefon mobil HMD (Nokia) 2660 Flip 4G, dual SIM, roșu, independent de card, meniu maghiar","332,75 Lei",332.75 Lei,,https://www.emag.ro/telefon-mobil-hmd-nokia-2660-flip-4g-dual-sim-rosu-independent-de-card-meniu-maghiar-k-6438409102980/pd/D8KH2J3BM/,https://s13emagst.akamaized.net/products/100794/100793800/images/res_dd947126b1dd5f5112c65298caf92c65.jpg?width=720&height=720&hash=18393BBBB6148042CB681EC6EF281E45,2.8 inch,,,,,,,64 MB,128 MB,
"Telefon mobil Samsung Galaxy A36, 12GB RAM, 256GB, 5G, Awesome Graphite","1.849,00 Lei",1849.00 Lei,4.65(99),https://www.emag.ro/telefon-mobil-samsung-galaxy-a36-12gb-ram-256gb-5g-awesome-graphite-sm-gxa36awbk12gb/pd/DBFK5N3BM/,https://s13emagst.akamaized.net/products/88998/88997834/images/res_a8825c0160e423d0f193bff1446cd804.jpg?width=720&height=720&hash=24A732EAAE3A2BE1B5861D2DB4A8837F,6.7 inch,"120 Hz
1200 nits (HBM)
1900 nits (peak)",1080 x 2340,Super AMOLED,5000 mAh,Nu,,12 GB,256 GB,
"Telefon mobil Samsung Galaxy A56, Dual SIM, 8GB RAM, 128GB, 5G, Awesome Olive","1.510,39 Lei",1510.39 Lei,4.71(422),https://www.emag.ro/telefon-mobil-samsung-galaxy-a56-dual-sim-8gb-ram-128gb-5g-awesome-olive-sm-a566bzgaeue/pd/DLZ5X33BM/,https://s13emagst.akamaized.net/products/89071/89070988/images/res_e09025b86730274f8278a5677a675a3a.jpg?width=720&height=720&hash=090EA78251E1F87D926FF47388D7079E,6.7 inch,120 Hz,1080 x 2340,Super AMOLED,5000 mAh,,,8 GB,128 GB,
"Telefon mobil Samsung Galaxy A07, 256GB, 8GB RAM, 4G, Black","699,00 Lei",699.00 Lei,4.5(4),https://www.emag.ro/telefon-mobil-samsung-galaxy-a07-256gb-8gb-ram-4g-black-sm-a075-ds-256-8gb-black/pd/DN40RL3BM/,https://s13emagst.akamaized.net/products/106037/106036377/images/res_7922acf80248905f6699f87d7359b0d8.jpg?width=720&height=720&hash=F9A9CAC4CF9E4F7CDC4EF52C4BECDD6F,6.7 inch,262 ppi,720 x 1600,"LCD
PLS",5000 mAh,Nu,,8 GB,256 GB,MicroSDXC
"Telefon mobil Samsung Galaxy S24, Dual SIM, 8GB RAM, 256GB, 5G, Marble Gray","3.494,00 Lei",3494.00 Lei,4.65(494),https://www.emag.ro/telefon-mobil-samsung-galaxy-s24-dual-sim-8gb-ram-256gb-5g-marble-gray-sm-s921bzageue/pd/DM6L7KYBM/,https://s13emagst.akamaized.net/products/64817/64816438/images/res_123f1febea800a33029f577aab46a0e8.jpg?width=720&height=720&hash=59192A0578F57553E61AF922B0F91534,6.2 inch,"120 Hz
FHD+",2340 x 1080,Dynamic AMOLED,4000 mAh,,,8 GB,256 GB,
"Telefon mobil HMD 2660 Flip 4G, Dual SIM, Black","348,37 Lei",348.37 Lei,5(2),https://www.emag.ro/telefon-mobil-hmd-2660-flip-4g-dual-sim-black-1gf033cph1l04/pd/DVQWRT3BM/,https://s13emagst.akamaized.net/products/93127/93126467/images/res_e35c1a6d6744ed3f866ca69000e8429f.jpg?width=720&height=720&hash=E5E29F1DD070CE8C9718B1AC51FB6136,"2.8 inch
1.77 inch",QVGA,,,1450 mAh,Nu,Li-Ion,128 MB,64 MB,MicroSD
"Telefon mobil Apple iPhone 16 Plus, 128GB, 5G, White","3.998,99 Lei",3998.99 Lei,4.83(64),https://www.emag.ro/telefon-mobil-apple-iphone-16-plus-128gb-5g-white-mxvv3zd-a/pd/D8Y67LYBM/,https://s13emagst.akamaized.net/products/76828/76827235/images/res_ebdef1216627cb16f651d5ad0a9f2475.jpg?width=720&height=720&hash=F4CE7158A3DA5A2C6C1F2B05B374D0F5,6.7 inch,"True tone
Haptic touch
HDR display
Wide color (P3)
Dynamic Island
1000 nit luminozitate maxima (tipic); 1600 nit luminozitate maxima (HDR); 2000 nit luminozitate maxima (in aer liber)
Fingerprint-resistant",2796 x 1290,OLED,,Nu,Li-Ion,8 GB,128 GB,
"Telefon mobil Samsung Galaxy S25 Ultra, Dual SIM, 12GB RAM, 512GB, 5G, Titanium Gray","5.899,31 Lei",5899.31 Lei,4.66(500),https://www.emag.ro/telefon-mobil-samsung-galaxy-s25-ultra-dual-sim-12gb-ram-512gb-5g-titanium-gray-sm-s938bztgeue/pd/DTRVXGYBM/,https://s13emagst.akamaized.net/products/84446/84445770/images/res_e3ece7d39a8a5aafa0a3d026b45d88fe.jpg?width=720&height=720&hash=973D04CABADCF04AC07E318DD94EA0AB,6.9 inch,"Rata de refresh 120 Hz
2600nits
qHD+",3120 x 1440,Dynamic AMOLED,5000 mAh,,,12 GB,512 GB,
"Telefon mobil Apple iPhone 13, 128GB, 5G, Blue","3.023,99 Lei",3023.99 Lei,4.82(1093),https://www.emag.ro/telefon-mobil-apple-iphone-13-128gb-5g-blue-mlpk3rm-a/pd/DCFCMXMBM/,https://s13emagst.akamaized.net/products/40685/40684410/images/res_3f88af07401bd01fbb0af9a56adf3845.jpg?width=720&height=720&hash=28C2FD39209B48D13B907FC57F50FEE4,6.1 inch,460 PPI,2532 x 1170,OLED,,,,4 GB,128 GB,
"Telefon mobil iHunt Titan P10000 Ultra, 4G, Dual SIM, 6-inch HD+, 16GB RAM (4GB RAM + 12GB ext), 128GB, Lanterna Camping Puternica, 6300mAh, Buton SOS, Black","599,98 Lei",599.98 Lei,2.5(4),https://www.emag.ro/telefon-mobil-ihunt-titan-p10000-ultra-4g-dual-sim-6-inch-hd-16gb-ram-4gb-ram-12gb-ext-128gb-lanterna-camping-puternica-6300mah-buton-sos-black-titan-p10000-ultra-2025/pd/D7G3193BM/,https://s13emagst.akamaized.net/products/99506/99505727/images/res_81ff5f135835455930f689d923a8fcb3.jpg?width=720&height=720&hash=226C1FAA0AF87947332FBA607BF8A5FD,6 inch,"Corning Gorilla Glass 5
HD+",576 x 1152,IPS,6300 mAh,Da,Li-Po,16 GB,128 GB,MicroSD
"Telefon mobil Samsung Galaxy A36, Dual SIM, 8GB RAM, 128GB, 5G, Awesome Graphite","1.300,00 Lei",1300.00 Lei,4.65(99),https://www.emag.ro/telefon-mobil-samsung-galaxy-a36-dual-sim-8gb-ram-128gb-5g-awesome-graphite-sm-a366ezkdcac/pd/DNTSS03BM/,https://s13emagst.akamaized.net/products/95646/95645673/images/res_6b2e05aa0bcd310a8765b2657de22a6c.jpg?width=720&height=720&hash=ACFF6ADBC408C83DA6811B73642B2ACF,6.7 inch,"120 Hz
1200 nits (HBM)",1080 x 2340,Super AMOLED,5000 mAh,Nu,,8 GB,128 GB,NM
"Telefon mobil Samsung Galaxy A07, 256GB, 8GB RAM, 4G, Green","699,00 Lei",699.00 Lei,4.5(4),https://www.emag.ro/telefon-mobil-samsung-galaxy-a07-256gb-8gb-ram-4g-green-sm-a075-ds-256-8gb-green/pd/D540RL3BM/,https://s13emagst.akamaized.net/products/106037/106036394/images/res_bfc06506a23c482e41451489927505db.jpg?width=720&height=720&hash=AC8C24D8CA2BDCF1A353EF2BD962870E,6.7 inch,262 ppi,720 x 1600,"LCD
PLS",5000 mAh,Nu,,8 GB,256 GB,MicroSDXC
"Telefon mobil Motorola Moto G15 Power, Dual SIM, 512GB, 8GB RAM, Gravity Grey","665,50 Lei",665.50 Lei,4.79(24),https://www.emag.ro/telefon-mobil-motorola-moto-g15-power-dual-sim-512gb-8gb-ram-gravity-grey-8487/pd/DFG7JZ3BM/,https://s13emagst.akamaized.net/products/106688/106687290/images/res_e5ab1cb34f01f5fb5180a10ab4e0330a.jpg?width=720&height=720&hash=D1C37EB2E1705DA36C4A23FD130C7EC0,6.72 inch,,1080 x 2400,IPS,6000 mAh,Nu,,8 GB,512 GB,MicroSDXC
"Telefon mobil Samsung Galaxy A17, Dual SIM, 8GB RAM, 256GB, 5G, Black","1.125,30 Lei",1125.30 Lei,4.86(14),https://www.emag.ro/telefon-mobil-samsung-galaxy-a17-dual-sim-8gb-ram-256gb-5g-black-sm-a176bzkdeue/pd/DF57K93BM/,https://s13emagst.akamaized.net/products/99061/99060702/images/res_ed344fd410d116b91ade93c7bb4eea21.jpg?width=720&height=720&hash=F64B2F2C43E24E7F9EACC1EFA724CD22,6.7 inch,"16 milioane de culori
Rata de reimprospatare de 90 Hz",1080 x 2340,Super AMOLED,5000 mAh,Nu,,8 GB,256 GB,
"Telefon mobil Samsung Galaxy A07, 256GB, 8GB RAM, 4G, Light Violet","715,00 Lei",715.00 Lei,4.5(4),https://www.emag.ro/telefon-mobil-samsung-galaxy-a07-256gb-8gb-ram-4g-light-violet-sm-a075-ds-256-8gb-light-violet/pd/D9C0RL3BM/,https://s13emagst.akamaized.net/products/106037/106036413/images/res_16c67f740a3b2af153e61f65c9f97ed0.jpg?width=720&height=720&hash=75CF62082E110FECF7B93E71BE345169,6.7 inch,262 ppi,720 x 1600,"LCD
PLS",5000 mAh,Nu,,8 GB,256 GB,MicroSDXC
"Telefon Mobil AIEK M2-C, Dual SIM, 2G, Ecran 2.8inch, 32MB RAM, Lanterna, Negru, 111x58x19.5mm","249,11 Lei",249.11 Lei,,https://www.emag.ro/telefon-mobil-aiek-m2-c-dual-sim-2g-ecran-2-8inch-32mb-ram-lanterna-negru-111x58x19-5mm-g10-c-black/pd/DSLWL4YBM/,https://s13emagst.akamaized.net/products/75461/75460310/images/res_43c002a3dcd8d0505c0a9b37491ca200.jpg?width=720&height=720&hash=C9EFD121345D0ABFD67FBACCE3256853,,,,,,,,32 MB,32 MB,
"Telefon mobil Motorola Edge 40 Neo, Dual SIM, 256GB, 12GB RAM, 5G, Black Beauty","1.100,00 Lei",1100.00 Lei,4.46(267),https://www.emag.ro/telefon-mobil-motorola-edge-40-neo-dual-sim-256gb-12gb-ram-5g-black-beauty-payh0004pl/pd/D4LT93YBM/,https://s13emagst.akamaized.net/products/60454/60453336/images/res_f2b9133b33a7bc55e554938496c528ae.jpg?width=720&height=720&hash=E30539B9EAB5215A9C3C6FB3CAA28864,6.55 inch,402 ppi,2400 x 1080,OLED,5000 mAh,,,12 GB,256 GB,
"Telefon mobil Samsung Galaxy S25 Ultra, Dual SIM, 12GB RAM, 512GB, 5G, Titanium SilverBlue","5.752,86 Lei",5752.86 Lei,4.66(500),https://www.emag.ro/telefon-mobil-samsung-galaxy-s25-ultra-dual-sim-12gb-ram-512gb-5g-titanium-silverblue-sm-s938bzbgeue/pd/D7RVXGYBM/,https://s13emagst.akamaized.net/products/84446/84445768/images/res_143faed783b8d73c7a64b8c44dee6d44.jpg?width=720&height=720&hash=D65EF5C4B6FA69A73C4EBFFE6C260127,6.9 inch,"Rata de refresh 120 Hz
2600nits
qHD+",3120 x 1440,Dynamic AMOLED,5000 mAh,,,12 GB,512 GB,
"Telefon mobil iHunt Titan Survivor 4G, 2.8 inch QVGA, Dual SIM, 48MB, 4500 mAh, Black","275,99 Lei",275.99 Lei,4.57(14),https://www.emag.ro/telefon-mobil-ihunt-titan-survivor-4g-2-8-inch-qvga-dual-sim-48mb-4500-mah-black-ihunt-titan-survivor-4g/pd/DWWRRT3BM/,https://s13emagst.akamaized.net/products/93035/93034412/images/res_56a7db71e5c3e98737ef23ab2a8671f3.jpg?width=720&height=720&hash=1E8B01F75CAAB0E5B4DE8D9143C74652,2.8 inch,QVGA,320 x 240,IPS,4500 mAh,Da,Li-Po,48 MB,128 MB,
"Telefon mobil Motorola e15, Dual SIM, 64GB, 2GB RAM, Denim Blue","308,07 Lei",308.07 Lei,3.87(15),https://www.emag.ro/telefon-mobil-motorola-e15-dual-sim-64gb-2gb-ram-denim-blue-pb6s0021pl/pd/DHZ3VH3BM/,https://s13emagst.akamaized.net/products/96586/96585998/images/res_330b7a6fb1360d9b43fa7d863bb76e59.jpg?width=720&height=720&hash=BD622B6FE3CA2BDDD755B31D2717D141,6.67 inch,Rata de reimprospatare de 90 Hz,1612 x 720,"LCD
IPS",5200 mAh,Nu,Li-Po,2 GB,64 GB,
"Telefon mobil Maxcom MM835 4G, 3.5"" + 2.4"", negru, set complet","347,73 Lei",347.73 Lei,,https://www.emag.ro/telefon-mobil-maxcom-mm835-4g-3-5-2-4-negru-set-complet-5908235978376-1198552215/pd/D8G44WYBM/,https://s13emagst.akamaized.net/products/85550/85549147/images/res_40f48a90e798c3a45377c4d49fda9e3e.jpg?width=720&height=720&hash=AD225FAD74A8849776C6F6DDB5849305,,,,,,,,2 GB,32 GB,
"Telefon mobil Motorola edge 60 pro, 8GB RAM, 256GB, PANTONE Shadow","1.599,99 Lei",1599.99 Lei,4.63(41),https://www.emag.ro/telefon-mobil-motorola-edge-60-pro-8gb-ram-256gb-pantone-shadow-pb7x0086ro/pd/DG7JB13BM/,https://s13emagst.akamaized.net/products/94569/94568634/images/res_c2431bba5d1f41628b63ae8420850232.jpg?width=720&height=720&hash=5A03C9C93657EAA6343020DB4FFE1B0F,6.67 inch,"446 PPI
Rata de reimprospatare de 120 Hz
4500 nits (peak)
Rata de raspuns la atingere 300 Hz (modul joc)",2712 x 1220,OLED,6000 mAh,Nu,Li-Ion,8 GB,256 GB,
"Telefon mobil Oukitel P1 Pro, 4G, Dual SIM, Octa-Core Helio G100, 6.7-inch AMOLED FHD+ 120Hz, 32GB RAM / 512GB, Dynamic Island, In-Display Fingerprint, 5150mAh, NFC, Android 15, Black","1.149,00 Lei",1149.00 Lei,,https://www.emag.ro/telefon-mobil-oukitel-p1-pro-4g-dual-sim-octa-core-helio-g100-6-7-inch-amoled-fhd-120hz-32gb-ram-512gb-dynamic-island-in-display-fingerprint-5150mah-nfc-android-15-black-00003146/pd/DZ0HK83BM/,https://s13emagst.akamaized.net/products/111996/111995272/images/res_6709e63ea7311c25c3c64decf922f34d.png?width=720&height=720&hash=A18B40383AC8E0D4C024106C6163812B,6.7 inch,"Corning Gorilla Glass 5
120 Hz
Touch screen
500 niti",1080 x 2412,IPS,5150 mAh,Da,Li-Po,32 GB,512 GB,MicroSD
"Telefon mobil Samsung Galaxy A06, 128GB, 4GB RAM, 4G, Gold","498,52 Lei",498.52 Lei,4.52(139),https://www.emag.ro/telefon-mobil-samsung-galaxy-a06-128gb-4gb-ram-4g-gold-sm-a065fd128gbgold4/pd/DDK3CCYBM/,https://s13emagst.akamaized.net/products/82050/82049927/images/res_ee81e7a57089b507b1690cc6457e1774.jpg?width=720&height=720&hash=24B1451ED56F3E70A2EC26058E04BE08,6.7 inch,,720 x 1600,PLS,5000 mAh,Nu,,4 GB,128 GB,MicroSD
"Telefon mobil INFINIX SMART 9 HD, 4GB, 64GB, 4G, METALLIC BLACK","369,64 Lei",369.64 Lei,4.75(8),https://www.emag.ro/telefon-mobil-infinix-smart-9-hd-4gb-64gb-4g-metallic-black-10066709/pd/D8N80GYBM/,https://s13emagst.akamaized.net/products/84366/84365536/images/res_9f0b98fea8fe8ce7e6c64dcfb00bb263.jpg?width=720&height=720&hash=521BD36EFEDD8E746E69DACE2F1153BF,6.7 inch,500 nits,720 x 1600,"LCD
IPS",5000 mAh,,,4 GB,64 GB,MicroSD
"Telefon mobil Nokia 6310 (2024), Green","310,00 Lei",310.00 Lei,5(2),https://www.emag.ro/telefon-mobil-nokia-6310-2024-green-286953951/pd/DD5PDSYBM/,https://s13emagst.akamaized.net/products/73150/73149249/images/res_52fdf6a9fcf8c5607eff8d6a507dfa36.jpg?width=720&height=720&hash=FB629BAD4063C8C3A831D0EF71C47E56,,,,,,,,8 MB,16 MB,
"Telefon mobil iHunt Titan Music P11001 Ultra, 4G, Dual SIM, Octa-Core, 6.75-inch IPS, 8GB RAM, 128GB, Camera 50MP + 5MP, Big Speaker, Baterie 10000mAh, Android 15, Black","695,98 Lei",695.98 Lei,5(1),https://www.emag.ro/telefon-mobil-ihunt-titan-music-p11001-ultra-4g-dual-sim-octa-core-6-75-inch-ips-8gb-ram-128gb-camera-50mp-5mp-big-speaker-baterie-10000mah-android-15-black-00002975/pd/D8PZLC3BM/,https://s13emagst.akamaized.net/products/105006/105005026/images/res_77e17593f35d8c0627a30ef1b9fed1f9.jpg?width=720&height=720&hash=B7451F905D81889467AAA5F975573C94,6.75 inch,"18:9
215 PPI
Touch screen",720 x 1600,IPS,10000 mAh,Da,Li-Po,8 GB,128 GB,MicroSD
"Telefon mobil Samsung Galaxy A06, 128GB, 4GB RAM, 5G, Black","540,00 Lei",540.00 Lei,4(1),https://www.emag.ro/telefon-mobil-samsung-galaxy-a06-128gb-4gb-ram-5g-black-sm-a066-ds-128-4gb-black/pd/DX3GVJ3BM/,https://s13emagst.akamaized.net/products/100981/100980827/images/res_0410f0ed86c4b917ce314dcb8275b150.jpg?width=720&height=720&hash=BDE64180D105BDA563989C41EB39A481,6.7 inch,262 ppi,720 x 1600,"LCD
PLS",5000 mAh,Nu,,4 GB,128 GB,MicroSDXC
"Telefon mobil Apple iPhone 14, 256GB, 5G, Midnight","4.249,99 Lei",4249.99 Lei,4.78(570),https://www.emag.ro/telefon-mobil-apple-iphone-14-256gb-5g-midnight-mpvx3rx-a/pd/DW2Y4LMBM/,https://s13emagst.akamaized.net/products/48592/48591192/images/res_749904e2b5777dea6eb322cfb68742a1.jpg?width=720&height=720&hash=A31AEC0C4CD4D28F3C10772C8315D943,6.1 inch,"True tone
Haptic touch
2,000,000:1 contrast ratio
800 nits (typ), 1200 nits (peak)
HDR display
Wide color (P3)",1170 x 2532,OLED,,Nu,Li-Ion,6 GB,256 GB,
"Telefon mobil Apple iPhone 14 Plus, 128GB, 5G, Midnight","3.650,00 Lei",3650.00 Lei,4.74(163),https://www.emag.ro/telefon-mobil-apple-iphone-14-plus-128gb-5g-midnight-mq4x3rx-a/pd/DN7Y4LMBM/,https://s13emagst.akamaized.net/products/48592/48591207/images/res_e820dddaa9f4a47c6a661e28d74ea683.jpg?width=720&height=720&hash=DE5F34F418D5B86003985D29612E133B,6.7 inch,"HDR10
Dolby Vision
True tone
Haptic touch
Invelis oleophobic
1200 niti",1284 x 2778,"OLED
Super Retina XDR",,Nu,Li-Ion,6 GB,128 GB,
"Telefon mobil OPPO Reno13 Pro, Dual SIM, 12GB RAM, 512GB, 5G, Plume Purple","1.999,99 Lei",1999.99 Lei,4.5(14),https://www.emag.ro/telefon-mobil-oppo-reno13-pro-dual-sim-12gb-ram-512gb-5g-plume-purple-cph2697pp/pd/D8GVYB3BM/,https://s13emagst.akamaized.net/products/85966/85965260/images/res_d00c851cbde4c1295f2ed323be7b3bf3.jpg?width=720&height=720&hash=2F269004897A82DDE4D794D05F7F58F7,6.83 inch,"120 Hz
450 ppi",1272 x 2800,AMOLED,5800 mAh,,,12 GB,512 GB,
"Telefon mobil ZTE nubia NEO 2, Dual SIM, 256GB, 8GB RAM, 5G, Storm Grey","749,99 Lei",749.99 Lei,4.34(38),https://www.emag.ro/telefon-mobil-zte-nubia-neo-2-dual-sim-256gb-8gb-ram-5g-storm-grey-z2352n/pd/DRTP9JYBM/,https://s13emagst.akamaized.net/products/72464/72463486/images/res_08e1d7ce1f5c04c0442c6a70c3270a4b.jpg?width=720&height=720&hash=419B9E45BA2396CD1ED65B12A2DB47B5,6.72 inch,"120 Hz
FHD+",2400 x 1080,IPS,5200 mAh,,,8 GB,256 GB,
"Incarcator retea HONOR, SuperCharge Power Adapter (Max 66W)","84,70 Lei",84.70 Lei,4.81(43),https://www.emag.ro/incarcator-retea-honor-supercharge-power-adapter-max-66w-5503aahx-fc/pd/D3X1T5MBM/,https://s13emagst.akamaized.net/products/52872/52871743/images/res_c1613ef1d3a2ef1e27a774b8eac1b581.jpg?width=720&height=720&hash=8D881D13DA23ADA2327B720580EDA8AF,,,,,,,,1 GB,1 TB,
"Telefon mobil Nokia 105 (2023), Dual SIM, 4G, Ocean Blue","174,99 Lei",174.99 Lei,4.4(5),https://www.emag.ro/telefon-mobil-nokia-105-2023-dual-sim-4g-ocean-blue-1gf018upg1l04/pd/DSXGWMYBM/,https://s13emagst.akamaized.net/products/59104/59103842/images/res_eb160f52b0df76c0b000863d237492c5.jpg?width=720&height=720&hash=1116AF5E824D5C49F351F91B33CA19EE,1.77 inch,,,,,,,48 MB,128 MB,
"Telefon mobil Xiaomi Redmi Note 14, 6GB RAM, 128GB, Mist Purple","739,99 Lei",739.99 Lei,4.65(166),https://www.emag.ro/telefon-mobil-xiaomi-redmi-note-14-6gb-ram-128gb-mist-purple-mzb0iyieu/pd/DZH3DGYBM/,https://s13emagst.akamaized.net/products/84223/84222403/images/res_77c6c724767433609b34f2ccecd999d0.jpg?width=720&height=720&hash=08F6613283FA2EC49D795BA4A2283DF3,6.67 inch,"394 PPI
Rata de refresh 120 Hz
1800 nits (peak)
Sunlight display
Reading mode
Touch sampling rate: 240Hz",2400 x 1080,AMOLED,5500 mAh,,,6 GB,128 GB,
"Telefon mobil Xiaomi Redmi Note 14 Pro+, 12GB RAM, 512GB, 5G, Midnight Black","2.086,00 Lei",2086.00 Lei,4.67(153),https://www.emag.ro/telefon-mobil-xiaomi-redmi-note-14-pro-12gb-ram-512gb-5g-midnight-black-mzb0i9reu/pd/DTP3DGYBM/,https://s13emagst.akamaized.net/products/84223/84222419/images/res_fa572eaf829c8e17a24e5dd939a18b5b.jpg?width=720&height=720&hash=92D5DEAF9F5D2CEB0C689F0ED2D56185,6.67 inch,"Rata de refresh 120 Hz
3000 nits (varf)
Reading mode
Contrast ratio: 5,000,000:1
Touch sampling rate: Up to 480Hz",2712 x 1220,AMOLED,5110 mAh,,,12 GB,512 GB,
"Telefon mobil Samsung Galaxy A06, 128GB, 4GB RAM, 4G, Light Blue","520,01 Lei",520.01 Lei,4.52(139),https://www.emag.ro/telefon-mobil-samsung-galaxy-a06-128gb-4gb-ram-4g-light-blue-sm-a065fd-128-4-ligh/pd/DCK5VLYBM/,https://s13emagst.akamaized.net/products/76328/76327676/images/res_21af9dd5ff5b180784ec1c141bbaf098.jpg?width=720&height=720&hash=4656C9275BD4105AEABB9679CB415280,6.7 inch,,720 x 1600,PLS,5000 mAh,Nu,,4 GB,128 GB,MicroSD
"Telefon mobil Apple iPhone 11, 64GB, Black","2.031,34 Lei",2031.34 Lei,4.73(1635),https://www.emag.ro/telefon-mobil-apple-iphone-11-64gb-black-mwlt2rm-a/pd/D89ZX6BBM/,https://s13emagst.akamaized.net/products/25344/25343941/images/res_99d57ec9e3d9bb8d3242f384288ce0a3.jpg?width=720&height=720&hash=A4BC3CE224F32C303B0B287A5784D474,6.1 inch,,828 x 1792,IPS,3110 mAh,,Li-Ion,4 GB,64 GB,
"Telefon mobil HONOR Magic7 Lite, Dual SIM, 8GB RAM, 256GB, Titanium Black - Incarcator HONOR SuperCharge (Max 66W) inclus","1.931,92 Lei",1931.92 Lei,4.58(19),https://www.emag.ro/telefon-mobil-honor-magic7-lite-dual-sim-8gb-ram-256gb-titanium-black-incarcator-honor-supercharge-max-66w-inclus-5109bmfw-5503aahx/pd/DVZ22H3BM/,https://s13emagst.akamaized.net/products/96170/96169892/images/res_198622d86ffcb9683a7bf25ec6ac6717.jpg?width=720&height=720&hash=BB9566D8D45740E1771766FDD959A062,6.78 inch,"437 PPI
Rata de refresh 120 Hz",2700 x 1224,AMOLED,6600 mAh,"Da, incarcare rapida USB PD",,8 GB,256 GB,
"Telefon mobil Samsung Galaxy S24 FE, Dual SIM, 8GB RAM, 256GB, 5G, Graphite","2.868,91 Lei",2868.91 Lei,4.76(135),https://www.emag.ro/telefon-mobil-samsung-galaxy-s24-fe-dual-sim-8gb-ram-256gb-5g-graphite-sm-s721bzkgeue/pd/D9J1YZYBM/,https://s13emagst.akamaized.net/products/77658/77657955/images/res_ff11f356f99b3af89e0e67b5537d3fa6.jpg?width=720&height=720&hash=FCC9537A3B285CC271B4FED2606DF2C5,6.7 inch,"16 milioane de culori
FHD+
Rata de refresh 120 Hz",1080 x 2340,Dynamic AMOLED,4700 mAh,Nu,,8 GB,256 GB,
"Telefon mobil Apple iPhone 17, 256GB, 5G, Sage","5.765,99 Lei",5765.99 Lei,4.71(86),https://www.emag.ro/telefon-mobil-apple-iphone-17-256gb-5g-sage-mg6n4zd-a/pd/DWX9FV3BM/,https://s13emagst.akamaized.net/products/102972/102971583/images/res_7c752e2134fb34b2b9f51506ef9410c4.jpg?width=720&height=720&hash=E010634A68D8C539735787FA44990C9D,6.3 inch,"Always-on display
True tone
Haptic touch
HDR display
Wide color (P3)
Dynamic Island
Fingerprint-resistant
Tehnologie ProMotion - rata de refresh adaptiva pana la 120Hz
Anti-reflective coating",2622 x 1206,"OLED
Super Retina XDR",,Nu,Li-Ion,8 GB,256 GB,
"Telefon mobil Xiaomi Redmi 15C, 4GB RAM, 256GB, 4G, Midnight Black + Woven Strap Ring Stand","629,99 Lei",629.99 Lei,4(4),https://www.emag.ro/telefon-mobil-xiaomi-redmi-15c-4gb-ram-256gb-4g-midnight-black-woven-strap-ring-stand-mzb0mudeu/pd/D662VJ3BM/,https://s13emagst.akamaized.net/products/101205/101204735/images/res_36129bf015964274880afdbc3f1a7886.jpg?width=720&height=720&hash=E98CA2FDAB77A6ED3B687CCA1D20D555,6.9 inch,"16.7 milioane culori
Rata de reimprospatare de 120 Hz",1600 x 720,IPS,6000 mAh,Nu,,4 GB,256 GB,
"Telefon mobil Samsung Galaxy A36, Dual SIM, 8GB RAM, 256GB, 5G, Awesome Lime","1.372,85 Lei",1372.85 Lei,4.65(99),https://www.emag.ro/telefon-mobil-samsung-galaxy-a36-dual-sim-8gb-ram-256gb-5g-awesome-lime-sm-a366blggeue/pd/DKZ5X33BM/,https://s13emagst.akamaized.net/products/89071/89070975/images/res_cd9ee1d7c93ee39856d7d583c307c1d2.jpg?width=720&height=720&hash=BDD388A06DB953510EA32729CBFEC6E0,6.7 inch,120 Hz,1080 x 2340,Super AMOLED,5000 mAh,,,8 GB,256 GB,
"Telefon mobil ZTE nubia NEO 3GT, Dual SIM, 12GB, 256GB, 5G, Interstellar Gray","1.389,08 Lei",1389.08 Lei,4.46(13),https://www.emag.ro/telefon-mobil-zte-nubia-neo-3gt-dual-sim-12gb-256gb-5g-interstellar-gray-p820f05g/pd/D1R7M03BM/,https://s13emagst.akamaized.net/products/95159/95158057/images/res_b733c4a96f2dbcbf368e05495510f864.jpg?width=720&height=720&hash=7C5A9D4FD31578EE032ADE0CE9AE231A,6.8 inch,"386 ppi
Rata de refresh 120 Hz
1300 nits (peak)",1080 x 2392,OLED,5000 mAh,,,12 GB,256 GB,
"Telefon mobil pentru seniori, dual SIM, color, taste mari, meniu in limba Romana, buton SOS, Bluetooth, lanterna, radio, negru","180,00 Lei",180.00 Lei,,https://www.emag.ro/telefon-mobil-pentru-seniori-dual-sim-color-taste-mari-meniu-in-limba-romana-buton-sos-bluetooth-lanterna-radio-negru-telefon-cs181/pd/DXLPBQMBM/?ref=smart-history-ml_1_1&provider=rec&recid=rec_4_9e5d324717357c33085f5a1233e6918027f2d4509a8547466673b9e9acd9340f_1767467872&scenario_ID=4,https://s13emagst.akamaized.net/products/50806/50805851/images/res_65d5ec35caa79fb4820b8544da0c3a3a.png?width=300&height=300&hash=52A6B5DA9219E5124081D6E6AEB02844,1.8 inch,,,,800 mAh,Da,BL-5C,32 MB,24 MB,SD
"Telefon mobil pentru seniori, cu meniul in limba Romana, taste mari, buton SOS, micro SIM, retea 4G, Functie Apelare Rapida, Bluetooth, Radio, Camera, Lanterna","237,00 Lei",237.00 Lei,4.94(1173),https://www.emag.ro/telefon-mobil-pentru-seniori-cu-meniul-in-limba-romana-taste-mari-buton-sos-micro-sim-retea-4g-functie-apelare-rapida-bluetooth-radio-camera-lanterna-telefon-c1-4g/pd/D4QJLRYBM/?ref=smart-history-ml_1_2&provider=rec&recid=rec_4_9e5d324717357c33085f5a1233e6918027f2d4509a8547466673b9e9acd9340f_1767467872&scenario_ID=4,https://s13emagst.akamaized.net/products/80989/80988077/images/res_8fa578c970729c85d4d0cfcf6f7c4820.png?width=300&height=300&hash=33CF461B6567607B94367D82BA50A67B,1.77 inch,,,LCD,1800 mAh,Da,Li-Ion,128 MB,48 MB,MicroSD
"Telefon Mobil Seniori cu Taste Mari, CZAY® Meniu in Limba Romana, Autonomie 7 Zile, Volum Puternic Reglabil, Buton SOS, 2G, Dual Sim, Ecran LCD Generos, Color, Usor de Folosit pentru Varstnici, Pensionari si Bunici, Lanterna, Radio, Bluetooth, Rezistent","225,99 Lei",225.99 Lei,4.68(40),https://www.emag.ro/telefon-mobil-seniori-cu-taste-mari-czayr-meniu-in-limba-romana-autonomie-7-zile-volum-puternic-reglabil-buton-sos-2g-dual-sim-ecran-lcd-generos-color-usor-de-folosit-pentru-varstnici-pensionari-si-bu/pd/D97JJ5YBM/?ref=smart-history-ml_1_3&provider=rec&recid=rec_4_9e5d324717357c33085f5a1233e6918027f2d4509a8547466673b9e9acd9340f_1767467872&scenario_ID=4,https://s13emagst.akamaized.net/products/81763/81762049/images/res_09c43b7dac3dc4e10ca332c6d733ed84.png?width=300&height=300&hash=66E6AE8D6C1339E69CF5D9BF2618DA46,1.77 inch,,128 x 160,LCD,1000 mAh,Da,BL-5C,32 MB,32 MB,SD
"Telefon mobil iHunt Senior Comfort, Display 1.77"", Dual SIM, GSM, Bluetooth, Camera, Meniu Limba Romana, Taste Mari, Lanterna, Radio FM fara cablu, Baterie 1000mAh, Buton SOS, Sunet Puternic, Negru","99,98 Lei",99.98 Lei,4.75(16),https://www.emag.ro/telefon-mobil-ihunt-senior-comfort-display-1-77-dual-sim-gsm-bluetooth-camera-meniu-limba-romana-taste-mari-lanterna-radio-fm-fara-cablu-baterie-1000mah-buton-sos-sunet-puternic-negru-senior-comfort/pd/D2ZWP93BM/?ref=smart-history-ml_1_4&provider=rec&recid=rec_4_9e5d324717357c33085f5a1233e6918027f2d4509a8547466673b9e9acd9340f_1767467872&scenario_ID=4,https://s13emagst.akamaized.net/products/99204/99203755/images/res_1d1209bfab30c26f74511e1488567f37.jpg?width=300&height=300&hash=B4FDDEFEE8AB1D30B47132BA3CCBBF54,1.77 inch,,128 x 160,TFT,1000 mAh,Da,Li-Ion,32 MB,32 MB,MicroSD
"Telefon mobil pentru seniori, cu meniul in limba Romana, Stand pentru incarcare, taste mari, buton SOS, Dual SIM, Retea 4G, Baterie 1800 mAh, Functie Apelare Rapida, Usor de folosit pentru varstnici, pensionari si bunici, Lanterna, Diagonala ecran 6.1 cm","249,99 Lei",249.99 Lei,4.96(604),https://www.emag.ro/telefon-mobil-pentru-seniori-cu-meniul-in-limba-romana-stand-pentru-incarcare-taste-mari-buton-sos-dual-sim-retea-4g-baterie-1800-mah-functie-apelare-rapida-usor-de-folosit-pentru-varstnici-pensionari/pd/DTWK8GYBM/?ref=smart-history-ml_1_5&provider=rec&recid=rec_4_9e5d324717357c33085f5a1233e6918027f2d4509a8547466673b9e9acd9340f_1767467872&scenario_ID=4,https://s13emagst.akamaized.net/products/84884/84883184/images/res_3eaf1c1278820a611548b9397654c266.png?width=300&height=300&hash=0B0D1EBE3840DFDCD35B67F0A133819C,2.4 inch,,,LCD,1800 mAh,Da,Li-Ion,128 MB,48 MB,MicroSD
"Telefon mobil pentru seniori, cu meniul in limba Romana, Stand pentru incarcare, taste mari, buton SOS, micro SIM, retea 4G, Functie Apelare rapida, Lanterna","220,00 Lei",220.00 Lei,4.95(843),https://www.emag.ro/telefon-mobil-pentru-seniori-cu-meniul-in-limba-romana-stand-pentru-incarcare-taste-mari-buton-sos-micro-sim-retea-4g-functie-apelare-rapida-lanterna-telefon-c1-stand/pd/DBY7PGYBM/?ref=smart-history-ml_1_6&provider=rec&recid=rec_4_9e5d324717357c33085f5a1233e6918027f2d4509a8547466673b9e9acd9340f_1767467872&scenario_ID=4,https://s13emagst.akamaized.net/products/84403/84402770/images/res_e76eb0344d7d0d953d720280a6767e39.png?width=300&height=300&hash=2D6F5B727B52C2C35DBA622E794D5690,1.77 inch,,,,1800 mAh,Da,,128 MB,48 MB,MicroSD
"Telefon mobil Xiaomi Redmi Note 14, 8GB RAM, 256GB, Mist Purple","832,43 Lei",832.43 Lei,4.65(166),https://www.emag.ro/telefon-mobil-xiaomi-redmi-note-14-8gb-ram-256gb-mist-purple-mzb0j0leu/pd/D6H3DGYBM/,https://s13emagst.akamaized.net/products/84223/84222403/images/res_77c6c724767433609b34f2ccecd999d0.jpg?width=720&height=720&hash=08F6613283FA2EC49D795BA4A2283DF3,6.67 inch,"394 PPI
Rata de refresh 120 Hz
1800 nits (peak)
Sunlight display
Reading mode
Touch sampling rate: 240Hz",2400 x 1080,AMOLED,5500 mAh,,,8 GB,256 GB,
"Telefon mobil Samsung Galaxy A07, 4GB RAM, 128GB, Green","512,05 Lei",512.05 Lei,4(1),https://www.emag.ro/telefon-mobil-samsung-galaxy-a07-4gb-ram-128gb-green-213931/pd/D0QC5S3BM/,https://s13emagst.akamaized.net/products/102382/102381843/images/res_1c604f89503258a4190ecc02b194881f.jpg?width=720&height=720&hash=75F8FE99CC221E2DB7D5BB5A630C713B,6.7 inch,90 Hz,720 x 1600,"LCD
PLS",5000 mAh,Nu,,4 GB,128 GB,MicroSDXC
"Telefon mobil Motorola Moto g06, 4GB RAM, 128GB, Tendril","449,99 Lei",449.99 Lei,4.5(14),https://www.emag.ro/telefon-mobil-motorola-moto-g06-4gb-ram-128gb-tendril-pba20020ro/pd/DR7JB13BM/,https://s13emagst.akamaized.net/products/106179/106178136/images/res_2e462dc3a32d2413da683cf85774ce5c.jpg?width=720&height=720&hash=7351BF108F8FC2B1BB12AFB4DE702057,6.88 inch,"Rata de refresh 120 Hz
263 ppi",1640 x 720,LCD,5200 mAh,Nu,,4 GB,128 GB,
"Telefon SAMSUNG Galaxy A05, 64 GB, 4 GB RAM, Black","448,91 Lei",448.91 Lei,4.49(104),https://www.emag.ro/telefon-samsung-galaxy-a05-64-gb-4-gb-ram-black-sm-a055fzkd/pd/D6KK5NYBM/,https://s13emagst.akamaized.net/products/66353/66352520/images/res_a2ff0f56f901898d0519aab022e7a069.jpg?width=720&height=720&hash=6D50B56DE913554A03BA93CDD21949C8,6.7 inch,,720 x 1600,PLS,5000 mAh,Da,Li-Po,4 GB,64 GB,
"Telefon mobil Apple iPhone 17 Pro, 512GB, 5G, Cosmic Orange","7.929,99 Lei",7929.99 Lei,4.71(135),https://www.emag.ro/telefon-mobil-apple-iphone-17-pro-512gb-5g-cosmic-orange-mg8m4zd-a/pd/D999FV3BM/,https://s13emagst.akamaized.net/products/102972/102971594/images/res_2dd3ceeb224a4e2141c8a47b02de1c37.jpg?width=720&height=720&hash=52097D1F6C46AE0A5C221E1C43369534,6.3 inch,"Always-on display
True tone
Haptic touch
2,000,000:1 contrast ratio
HDR display
Wide color (P3)
Dynamic Island
1000 nit luminozitate maxima (tipic); 1600 nit luminozitate maxima (HDR); 3000 nit luminozitate maxima (in aer liber)
Tehnologie ProMotion - rata de refresh adaptiva pana la 120Hz",2622 x 1206,OLED,,Nu,Li-Ion,12 GB,512 GB,
"Telefon mobil Samsung Galaxy S24, Dual SIM, 8GB RAM, 128GB, 5G, Marble Gray","2.989,99 Lei",2989.99 Lei,4.65(494),https://www.emag.ro/telefon-mobil-samsung-galaxy-s24-dual-sim-8gb-ram-128gb-5g-marble-gray-sm-s921bzadeue/pd/D55L7KYBM/,https://s13emagst.akamaized.net/products/64817/64816438/images/res_123f1febea800a33029f577aab46a0e8.jpg?width=720&height=720&hash=59192A0578F57553E61AF922B0F91534,6.2 inch,"120 Hz
FHD+",2340 x 1080,Dynamic AMOLED,4000 mAh,,,8 GB,128 GB,
"Telefon mobil Motorola Moto g06, 4GB RAM, 128GB, Arabesque","449,99 Lei",449.99 Lei,4.5(14),https://www.emag.ro/telefon-mobil-motorola-moto-g06-4gb-ram-128gb-arabesque-pba20022ro/pd/D57JB13BM/,https://s13emagst.akamaized.net/products/107144/107143993/images/res_db633701a347852b0a99b650e1d27a6c.jpg?width=720&height=720&hash=21D471CFD28BFE56923F7401246732BD,6.88 inch,"Rata de refresh 120 Hz
263 ppi",1640 x 720,LCD,5200 mAh,Nu,,4 GB,128 GB,
"Telefon mobil Samsung Galaxy A17, Dual SIM, 4GB RAM, 128GB, 5G, Black","889,00 Lei",889.00 Lei,4(3),https://www.emag.ro/telefon-mobil-samsung-galaxy-a17-dual-sim-4gb-ram-128gb-5g-black-sm-a176bzkaeue/pd/DJ57K93BM/,https://s13emagst.akamaized.net/products/99061/99060702/images/res_ed344fd410d116b91ade93c7bb4eea21.jpg?width=720&height=720&hash=F64B2F2C43E24E7F9EACC1EFA724CD22,6.7 inch,"16 milioane de culori
Rata de reimprospatare de 90 Hz",1080 x 2340,Super AMOLED,5000 mAh,Nu,,4 GB,128 GB,
"Telefon mobil Apple iPhone 16, 256GB, 5G, Ultramarine","4.330,00 Lei",4330.00 Lei,4.73(313),https://www.emag.ro/telefon-mobil-apple-iphone-16-256gb-5g-ultramarine-myeh3zd-a/pd/DLY67LYBM/,https://s13emagst.akamaized.net/products/76828/76827221/images/res_a5c8fbacbd8ad36c1b79f2c55d36bf9f.jpg?width=720&height=720&hash=9507D7E8F46451E8F6A95F88F1DCDED1,6.1 inch,"True tone
Haptic touch
HDR display
Wide color (P3)
Dynamic Island
1000 nit luminozitate maxima (tipic); 1600 nit luminozitate maxima (HDR); 2000 nit luminozitate maxima (in aer liber)
Fingerprint-resistant",2556 x 1179,OLED,,Nu,Li-Ion,8 GB,256 GB,
"Telefon mobil ZTE nubia AIR, Dual SIM, 8GB, 256GB, 5G, Titanium Desert","899,99 Lei",899.99 Lei,4.6(5),https://www.emag.ro/telefon-mobil-zte-nubia-air-dual-sim-8gb-256gb-5g-titanium-desert-123454901014/pd/DY0R3L3BM/,https://s13emagst.akamaized.net/products/105396/105395104/images/res_5f4de6bdc7874dd8528d3841c2065237.jpg?width=720&height=720&hash=6A7F356FAC8338ADEAFAE08259DB273A,6.78 inch,Rata de refresh 120 Hz,1224 x 2720,AMOLED,5000 mAh,Nu,,8 GB,256 GB,
"Telefon mobil Xiaomi 15T, 12GB RAM, 256GB ROM, 5G Black + Woven Strap Ring Stand","2.699,99 Lei",2699.99 Lei,4.6(30),https://www.emag.ro/telefon-mobil-xiaomi-15t-12gb-ram-256gb-rom-5g-black-woven-strap-ring-stand-mzb0n3leu/pd/DL9M943BM/,https://s13emagst.akamaized.net/products/103853/103852845/images/res_c004004df3f0e9d9f2ed87cfba1703b0.jpg?width=720&height=720&hash=B88481C0EDB0523E28C79568C9906597,6.83 inch,"Dolby Vision
Rata de reimprospatare de pana la 120 Hz
HDR 10+
Touch sampling rate: Up to 480Hz
3200 niti (varf)
447 ppi",2772 x 1280,AMOLED,5500 mAh,Nu,,12 GB,256 GB,
"Telefon mobil cu clapeta pentru seniori, meniu in limba Romana, Display dublu, Stand incarcare, Retea 4G, Taste mari, Buton SOS, Micro SIM, Baterie 1300 mAh, usor de folosit pentru varstnici, pensionari si bunici, Functie Apelare Rapida, Ecran 6.1 cm","240,00 Lei",240.00 Lei,4.97(31),https://www.emag.ro/telefon-mobil-cu-clapeta-pentru-seniori-meniu-in-limba-romana-display-dublu-stand-incarcare-retea-4g-taste-mari-buton-sos-micro-sim-baterie-1300-mah-usor-de-folosit-pentru-varstnici-pensionari-si-buni/pd/DDPVLM3BM/,https://s13emagst.akamaized.net/products/87455/87454261/images/res_2184472f5b106e0902e4d4c38a009d73.png?width=720&height=720&hash=252E93840C224F4935FD261C3F81A1D0,,,,,,Da,,128 MB,64 MB,
"Telefon mobil Xiaomi Redmi Note 14 Pro, 8GB RAM, 256GB, 5G, Midnight Black","1.371,67 Lei",1371.67 Lei,4.54(68),https://www.emag.ro/telefon-mobil-xiaomi-redmi-note-14-pro-8gb-ram-256gb-5g-midnight-black-mzb0i8beu/pd/D7P3DGYBM/,https://s13emagst.akamaized.net/products/84223/84222417/images/res_b9692db224e2bd637e4d88cf14a1b39d.jpg?width=720&height=720&hash=658E01C31C7C920ACCD309D7760442FF,6.67 inch,"Rata de refresh 120 Hz
3000 nits (varf)
Reading mode
Contrast ratio: 5,000,000:1
Touch sampling rate: Up to 480Hz",2712 x 1220,AMOLED,5110 mAh,,,8 GB,256 GB,
"Telefon mobil Apple iPhone 14, 128GB, 5G, Blue","3.199,99 Lei",3199.99 Lei,4.78(570),https://www.emag.ro/telefon-mobil-apple-iphone-14-128gb-5g-blue-mpvn3rx-a/pd/DG2Y4LMBM/,https://s13emagst.akamaized.net/products/48592/48591196/images/res_4fe7d2a075236c7c332d2c663bf09c26.jpg?width=720&height=720&hash=7E503FF0EC48272C19A1D3387F621B5A,6.1 inch,"True tone
Haptic touch
2,000,000:1 contrast ratio
800 nits (typ), 1200 nits (peak)
HDR display
Wide color (P3)",1170 x 2532,OLED,,Nu,Li-Ion,6 GB,128 GB,
"Telefon mobil INFINIX SMART 9 HD, 4GB, 64GB, 4G, NEO TITANIUM","399,99 Lei",399.99 Lei,4.75(8),https://www.emag.ro/telefon-mobil-infinix-smart-9-hd-4gb-64gb-4g-neo-titanium-10066710/pd/DWN80GYBM/,https://s13emagst.akamaized.net/products/84366/84365538/images/res_904942a2012899547f60605ec9d4240e.jpg?width=720&height=720&hash=9D2CAAC8AC2A23D24D284FE8F528479B,6.7 inch,500 nits,720 x 1600,"LCD
IPS",5000 mAh,,,4 GB,64 GB,MicroSD
"Telefon mobil OPPO A5 Pro, Dual SIM, 8GB RAM, 256GB, 4G, Black Brown","999,99 Lei",999.99 Lei,4.38(8),https://www.emag.ro/telefon-mobil-oppo-a5-pro-dual-sim-8gb-ram-256gb-4g-black-brown-cph2711bb/pd/D8852K3BM/,https://s13emagst.akamaized.net/products/93421/93420667/images/res_0c4e393dbeea81188878f9e4524af941.jpg?width=720&height=720&hash=0BEA5C4B36AFD860FED973E3A059A6A0,6.67 inch,"264 PPI
16.7 milioane culori
90 Hz",1604 x 720,LCD,5800 mAh,,,8 GB,256 GB,
"Telefon mobil Motorola Moto g24 Power, Dual SIM, 8GB RAM, 256GB, Ink Blue","599,00 Lei",599.00 Lei,4.62(149),https://www.emag.ro/telefon-mobil-motorola-moto-g24-power-dual-sim-8gb-ram-256gb-ink-blue-pb1e0000pl/pd/D5CS8NYBM/,https://s13emagst.akamaized.net/products/66422/66421122/images/res_785c34daf4de88298d3b9f35dad4e06c.jpg?width=720&height=720&hash=75FD3888079825B57032727D47C8D886,6.56 inch,"Aspect Ratio: 20:9
Densitatea pixelilor la 269 ppi
Rata de Refresh 90Hz",1612 x 720,IPS,6000 mAh,,,8 GB,256 GB,MicroSD
"Telefon mobil Motorola moto g15, Dual SIM, 256GB, 8GB RAM, 5200 mAh, Gravity Grey","636,47 Lei",636.47 Lei,4.4(25),https://www.emag.ro/telefon-mobil-motorola-moto-g15-dual-sim-256gb-8gb-ram-5200-mah-gravity-grey-pb6e0036ro/pd/DR8JV23BM/,https://s13emagst.akamaized.net/products/90135/90134048/images/res_0d88966c5b4647e6999656b01a2f9d46.jpg?width=720&height=720&hash=AF62663E08749AD808C4833025AC386D,6.72 inch,"391 PPI
FHD+
60 Hz",2400 x 1080,LCD,5200 mAh,Nu,,8 GB,256 GB,
"Telefon mobil Xiaomi Redmi 15, 8GB RAM, 256GB, 4G, Titan Gray + Woven Strap Ring Stand","799,99 Lei",799.99 Lei,4.05(19),https://www.emag.ro/telefon-mobil-xiaomi-redmi-15-8gb-ram-256gb-4g-titan-gray-woven-strap-ring-stand-mzb0mv6eu/pd/DG62VJ3BM/,https://s13emagst.akamaized.net/products/101205/101204737/images/res_e5420bae021a5957675eca404dc8479b.jpg?width=720&height=720&hash=99836A8E4F00B63C8A4F44E30E2564B9,6.9 inch,"16.7 milioane culori
374 ppi
Rata de reimprospatare de 144 Hz",2340 x 1080,IPS,7000 mAh,Nu,,8 GB,256 GB,
"Telefon mobil HONOR Magic7 Lite, Dual SIM, 8GB RAM, 512GB, Titanium Black","1.415,70 Lei",1415.70 Lei,4.33(67),https://www.emag.ro/telefon-mobil-honor-magic7-lite-dual-sim-8gb-ram-512gb-titanium-black-5109bqbe/pd/DHLVK6YBM/,https://s13emagst.akamaized.net/products/82450/82449657/images/res_43584b129f05e0ec6f1774c586f5947e.jpg?width=720&height=720&hash=4B9F010E8B842CB18C516ACBC2F971DE,6.78 inch,"437 PPI
Rata de refresh 120 Hz",2700 x 1224,AMOLED,6600 mAh,Nu,,8 GB,512 GB,
"Telefon mobil Google Pixel 8a, 128GB, 8GB RAM, 5G, Obsidian","1.630,68 Lei",1630.68 Lei,4.23(43),https://www.emag.ro/telefon-mobil-google-pixel-8a-128gb-8gb-ram-5g-obsidian-ga04432-gb/pd/DSLKQVYBM/,https://s13emagst.akamaized.net/products/74606/74605020/images/res_a07e024d7c10f193fe7eac4540d0c772.jpg?width=720&height=720&hash=2E7C7406E83C6EA9B7A7800BD3DFF1C8,6.1 inch,"HDR
120 Hz
2000 nits (peak)",2400 x 1080,OLED,4492 mAh,Nu,Li-Ion,8 GB,128 GB,
"Telefon mobil Motorola moto g05, Dual SIM, 128GB, 4GB RAM, 5200 mAh, Forest Green","437,73 Lei",437.73 Lei,4.66(73),https://www.emag.ro/telefon-mobil-motorola-moto-g05-dual-sim-128gb-4gb-ram-5200-mah-forest-green-pb6l0033ro/pd/DKGJV23BM/,https://s13emagst.akamaized.net/products/90135/90134054/images/res_46bd5e87d33ff0a2d509a0e0c3fd6ed7.jpg?width=720&height=720&hash=4325AE99D209EF52705DB529C0B7029A,6.67 inch,263 ppi,1612 x 720,LCD,5200 mAh,Nu,,4 GB,128 GB,
"Telefon mobil Samsung Galaxy A06, 64GB, 4GB RAM, 4G, Gold","459,00 Lei",459.00 Lei,4.52(139),https://www.emag.ro/telefon-mobil-samsung-galaxy-a06-64gb-4gb-ram-4g-gold-sm-a065fd64gold/pd/DYK3CCYBM/,https://s13emagst.akamaized.net/products/82050/82049927/images/res_ee81e7a57089b507b1690cc6457e1774.jpg?width=720&height=720&hash=24B1451ED56F3E70A2EC26058E04BE08,6.7 inch,,720 x 1600,PLS,5000 mAh,Nu,,4 GB,64 GB,MicroSD
"Telefon mobil TCL 406, Dual SIM, 32GB, 3GB RAM, 4G, Prime Black","449,88 Lei",449.88 Lei,4.94(18),https://www.emag.ro/telefon-mobil-tcl-406-dual-sim-32gb-3gb-ram-4g-prime-black-tcl-406prmblk/pd/DZDCY7YBM/,https://s13emagst.akamaized.net/products/61955/61954917/images/res_156d9516d58b26446386783c3f88e061.jpg?width=720&height=720&hash=E54472A8A449E289A2DD3432A567413D,6.6 inch,400 nits,720 x 1612,"LCD
IPS",5000 mAh,,Li-Po,3 GB,32 GB,MicroSDXC
"Telefon mobil Samsung Galaxy S25 FE, Dual SIM, 8GB RAM, 128GB, 5G, Jetblack","2.911,36 Lei",2911.36 Lei,4.81(21),https://www.emag.ro/telefon-mobil-samsung-galaxy-s25-fe-dual-sim-8gb-ram-128gb-5g-jetblack-sm-s731bzkdeue/pd/DT0QTS3BM/,https://s13emagst.akamaized.net/products/101820/101819228/images/res_6052e9fd4d83cf0f1f35a38a674e5b2b.jpg?width=720&height=720&hash=11B96AC694FECB69932907CACD81AFCC,,"16 milioane de culori
120 Hz
FHD+",1080 x 2340,Dynamic AMOLED,4900 mAh,Nu,,8 GB,128 GB,
"Telefon mobil Motorola Moto g86, 8GB RAM, 256GB, 5G, Cosmic Sky","1.082,10 Lei",1082.10 Lei,4.83(24),https://www.emag.ro/telefon-mobil-motorola-moto-g86-8gb-ram-256gb-5g-cosmic-sky-pb7l0098pl/pd/D0Z3VH3BM/,https://s13emagst.akamaized.net/products/96586/96585997/images/res_d19bf024f09c5ebca647a62b09d8aa06.jpg?width=720&height=720&hash=685C44A82341FAFE3C85F1A9A20B78FE,6.67 inch,"446 PPI
Rata de reimprospatare de 120 Hz",2712 x 1220,OLED,5200 mAh,Nu,,8 GB,256 GB,
"Telefon mobil Xiaomi Redmi A5, 3GB RAM, 64GB, 4G, Blue","372,72 Lei",372.72 Lei,4.6(10),https://www.emag.ro/telefon-mobil-xiaomi-redmi-a5-3gb-ram-64gb-4g-blue-mzb0jrieu/pd/D39N1J3BM/,https://s13emagst.akamaized.net/products/94270/94269621/images/res_9f02f7e089ee9cdc3dfe5b77dc71b8ab.jpg?width=720&height=720&hash=C8D4F3E720620C3F71877CDE5976D489,6.88 inch,"260 PPI
450 nits
Rata de refresh 120 Hz",1640 x 720,LCD,5200 mAh,Nu,,3 GB,64 GB,MicroSD
"Telefon mobil Xiaomi Redmi A5, 3GB RAM, 64GB, Black + Xiaomi High-capacity pen","508,39 Lei",508.39 Lei,4.59(46),https://www.emag.ro/telefon-mobil-xiaomi-redmi-a5-3gb-ram-64gb-black-xiaomi-high-capacity-pen-bndla5bl/pd/DS0HYN3BM/,https://s13emagst.akamaized.net/products/94270/94269622/images/res_91e79eb9f22909b22ea717431fce4dc0.jpg?width=720&height=720&hash=58D7DCBE56EE6D406B047A4512AA617C,6.88 inch,"260 PPI
450 nits
Rata de refresh 120 Hz",1640 x 720,LCD,5200 mAh,Nu,,3 GB,64 GB,MicroSD
"Telefon mobil HONOR 400 Lite, Dual SIM, 8GB RAM, 256GB, Velvet Grey - Incarcator HONOR SuperCharge (Max 66W) inclus","1.419,79 Lei",1419.79 Lei,4.67(6),https://www.emag.ro/telefon-mobil-honor-400-lite-dual-sim-8gb-ram-256gb-velvet-grey-incarcator-honor-supercharge-max-66w-inclus-5109brux-5503aahx/pd/DSZ22H3BM/,https://s13emagst.akamaized.net/products/96170/96169891/images/res_0a1de7f362ab2f5a091768fe59ca3080.jpg?width=720&height=720&hash=6DFFE1A81347206CA633E47EE7D70F15,6.7 inch,"120 Hz
394 PPI
3500 nits peak",1080 x 2412,AMOLED,5230 mAh,"Da, incarcare rapida USB PD",,8 GB,256 GB,
"Telefon mobil Motorola Edge 60, Dual SIM, 256GB, 8GB RAM, 5G PANTONE Gibraltar Sea","1.339,22 Lei",1339.22 Lei,4.83(6),https://www.emag.ro/telefon-mobil-motorola-edge-60-dual-sim-256gb-8gb-ram-5g-pantone-gibraltar-sea-pb7h0004ro/pd/D2Z3VH3BM/,https://s13emagst.akamaized.net/products/96586/96585991/images/res_bd09386b251f002923661f6bae945ca4.jpg?width=720&height=720&hash=77E764E5547323BAA9CADFEF46992E39,6.67 inch,"446 PPI
Rata de reimprospatare de 120 Hz",2712 x 1220,OLED,5200 mAh,Nu,,8 GB,256 GB,
"Telefon mobil Apple iPhone 14, 256GB, 5G, RED","3.332,34 Lei",3332.34 Lei,4.78(570),https://www.emag.ro/telefon-mobil-apple-iphone-14-256gb-5g-red-mpwh3rx-a/pd/DY7Y4LMBM/,https://s13emagst.akamaized.net/products/48592/48591195/images/res_9d9f7cfd3812beffad0e413f5803476b.jpg?width=720&height=720&hash=08EE0E28A2C1BFB4BF8FC173F45F02DF,6.1 inch,"True tone
Haptic touch
2,000,000:1 contrast ratio
800 nits (typ), 1200 nits (peak)
HDR display
Wide color (P3)",1170 x 2532,OLED,,Nu,Li-Ion,6 GB,256 GB,
"Telefon mobil Motorola moto g15, Dual SIM, 256GB, 8GB RAM, 5200 mAh, Iguana Green","613,99 Lei",613.99 Lei,4.4(25),https://www.emag.ro/telefon-mobil-motorola-moto-g15-dual-sim-256gb-8gb-ram-5200-mah-iguana-green-pb6e0032ro/pd/DQ8JV23BM/,https://s13emagst.akamaized.net/products/90135/90134047/images/res_7e9f601228feecf118871af5d7403e8d.jpg?width=720&height=720&hash=07DF1A32B5801DF510E3E33BC3C31CB1,6.72 inch,"391 PPI
FHD+
60 Hz",2400 x 1080,LCD,5200 mAh,Nu,,8 GB,256 GB,
"Telefon mobil Nokia 8210, Nokia, Dual SIM, 4G, Albastru","572,09 Lei",572.09 Lei,,https://www.emag.ro/telefon-mobil-nokia-8210-nokia-dual-sim-4g-albastru-16libl01a05/pd/D293HLMBM/,https://s13emagst.akamaized.net/products/48355/48354114/images/res_a4d25bd25107a821a7b3292a2685660b.jpg?width=720&height=720&hash=D940278B890C446223617C63CDFE511B,2.8 inch,,,,1450 mAh,,,48 MB,128 MB,MicroSD
"Telefon mobil Samsung Galaxy A17, Dual SIM, 4GB RAM, 128GB, 5G, Gray","779,99 Lei",779.99 Lei,4.86(14),https://www.emag.ro/telefon-mobil-samsung-galaxy-a17-dual-sim-4gb-ram-128gb-5g-gray-sm-a176bzaaeue/pd/DX57K93BM/,https://s13emagst.akamaized.net/products/99061/99060699/images/res_164895fed2ebc6cf4557b9b58e5ace1d.jpg?width=720&height=720&hash=9A62D2B3CCD80CDFEC1027D325F55195,6.7 inch,"16 milioane de culori
Rata de reimprospatare de 90 Hz",1080 x 2340,Super AMOLED,5000 mAh,Nu,,4 GB,128 GB,
"Telefon mobil Samsung Galaxy A05s, Dual SIM, 4GB RAM, 64GB, 4G, Black","599,00 Lei",599.00 Lei,4.44(194),https://www.emag.ro/telefon-mobil-samsung-galaxy-a05s-dual-sim-4gb-ram-64gb-4g-black-sm-a057gzkueue/pd/DPLPDTYBM/,https://s13emagst.akamaized.net/products/63914/63913890/images/res_357b951c336e1bf499171dbc11fad0ba.jpg?width=720&height=720&hash=D303927752CBEC5C9A1263EE0E817CB2,6.7 inch,90 Hz,1080 x 2400,PLS,5000 mAh,,Li-Po,4 GB,64 GB,MicroSD
"Telefon mobil Honor Magic V2, Dual SIM, 16GB RAM, 512GB, 5G, Black","4.209,00 Lei",4209.00 Lei,4.83(23),https://www.emag.ro/telefon-mobil-honor-magic-v2-dual-sim-16gb-ram-512gb-5g-black-5109aygy/pd/DBS46KYBM/,https://s13emagst.akamaized.net/products/65470/65469613/images/res_22ce9ab118cd1a05c9095f76740be4fb.jpg?width=720&height=720&hash=E51803AEC0766C4104A75A421BE49B36,"7.9 inch
6.43 inch",120 Hz,"2344 x 2156
2376 x 1060",OLED,5000 mAh,,,16 GB,512 GB,
"Telefon mobil Motorola g06 Power, Dual SIM, 256GB, 4GB RAM, Tapestry","499,99 Lei",499.99 Lei,4.33(3),https://www.emag.ro/telefon-mobil-motorola-g06-power-dual-sim-256gb-4gb-ram-tapestry-pba00002ro/pd/D223WL3BM/,https://s13emagst.akamaized.net/products/106179/106178135/images/res_0c911eb682d40934e7557109a665011b.jpg?width=720&height=720&hash=F84D1699139F830CF42A3DB0A0AAB000,6.88 inch,"Rata de refresh 120 Hz
263 ppi",1640 x 720,LCD,7000 mAh,Nu,,4 GB,256 GB,
"Telefon mobil Oukitel WP50, 5G, Dual SIM, Octa-Core Dimensity 6100+, IPS 6.6' HD+, 16GB RAM, 256GB, Senzor Amprenta, Face Unlock, 6500mAh, IP68/IP69K, NFC, Android 14, Black","795,99 Lei",795.99 Lei,,https://www.emag.ro/telefon-mobil-oukitel-wp50-5g-dual-sim-octa-core-dimensity-6100-ips-6-6-hd-16gb-ram-256gb-senzor-amprenta-face-unlock-6500mah-ip68-ip69k-nfc-android-14-black-00003142/pd/DNVHK83BM/,https://s13emagst.akamaized.net/products/111996/111995507/images/res_6e8828fd689bea4914b2190b46f71913.png?width=720&height=720&hash=CEDA700BFA46163264D25EA788BB4DBC,6.6 inch,"Corning Gorilla Glass 5
267 PPI
HD+
60 Hz
Touch screen",720 x 1612,IPS,6500 mAh,Da,Li-Po,16 GB,256 GB,MicroSD
"Telefon mobil Samsung Galaxy A55, Dual SIM, 8GB, 128GB, 5G, Awesome Navy","1.599,00 Lei",1599.00 Lei,4.68(1033),https://www.emag.ro/telefon-mobil-samsung-galaxy-a55-dual-sim-8gb-128gb-5g-awesome-navy-sm-a556bzkaeue/pd/D5Y2YPYBM/,https://s13emagst.akamaized.net/products/68405/68404068/images/res_a3095d212ad7802b5a3d36d36ff77779.jpg?width=720&height=720&hash=06B9EFB948E93E6ED74167E57EC16C11,6.6 inch,"16M adancime de culoare
Refresh rate 120Hz",1080 x 2340,Super AMOLED,5000 mAh,,,8 GB,128 GB,MicroSD
"Telefon mobil Samsung Galaxy S25, Dual SIM, 12GB RAM, 256GB, 5G, Silver Shadow","3.873,40 Lei",3873.40 Lei,4.74(219),https://www.emag.ro/telefon-mobil-samsung-galaxy-s25-dual-sim-12gb-ram-256gb-5g-silver-shadow-sm-s931bzsgeue/pd/DXQVXGYBM/,https://s13emagst.akamaized.net/products/84446/84445748/images/res_81ae3d6632d20b3f01ffb8edea7c73f3.jpg?width=720&height=720&hash=FF92E018C4CEDCF12BFEACAD50839533,6.2 inch,"Rata de refresh 120 Hz
2600nits",2340 x 1080,Dynamic AMOLED,4000 mAh,,,12 GB,256 GB,
"Telefon mobil Samsung Galaxy S23 Ultra, Dual SIM, 8GB RAM, 256GB, 5G, Green","4.600,01 Lei",4600.01 Lei,4.73(700),https://www.emag.ro/telefon-mobil-samsung-galaxy-s23-ultra-dual-sim-8gb-ram-256gb-5g-green-sm-s918bzgdeue/pd/DP7R8RMBM/,https://s13emagst.akamaized.net/products/52576/52575516/images/res_4ab20eeca849773fcbc038158310e7a3.jpg?width=720&height=720&hash=071FFCF99869FC86A8A67D48CD2F91EB,6.8 inch,"1750 nits (Peak)
500 PPI",3088 x 1440,Dynamic AMOLED,5000 mAh,,,8 GB,256 GB,
"Telefon mobil HONOR 200, 12GB RAM, 512GB, 5G, Black","1.399,99 Lei",1399.99 Lei,4.55(51),https://www.emag.ro/telefon-mobil-honor-200-12gb-ram-512gb-5g-black-hon2005g512-beu/pd/DVZKZSYBM/,https://s13emagst.akamaized.net/products/73622/73621949/images/res_3a1e6be695ca41c228921560ab3f6410.jpg?width=720&height=720&hash=8B37AB0999DEDC16AF485A15360A37A1,6.7 inch,"HDR
120 Hz
1B colors
4000 nits (peak)",1200 x 2664,OLED,5200 mAh,,,12 GB,512 GB,
"Telefon mobil Google Pixel 8, 128GB, 8GB RAM, 5G, Obsidian","1.666,00 Lei",1666.00 Lei,4.1(29),https://www.emag.ro/telefon-mobil-google-pixel-8-128gb-8gb-ram-5g-obsidian-ga05803-gb/pd/DFRGP1YBM/,https://s13emagst.akamaized.net/products/78886/78885436/images/res_2e0b012f2af9a96016ddb18677ca520b.jpg?width=720&height=720&hash=515284803D70C3F57CB9132E0A652B4D,6.2 inch,"Always-on display
428 ppi
Pana la 1.400 nits (HDR) si pana la 2.000 nits (luminozitate maxima)
Suport HDR
Afisare fluida (60-120 Hz)",1080 x 2400,OLED,4575 mAh,Nu,,8 GB,128 GB,
"Telefon mobil CMF Phone 2 Pro, 128 GB, 8GB RAM, 5G, Black","1.468,78 Lei",1468.78 Lei,4.85(20),https://www.emag.ro/telefon-mobil-cmf-phone-2-pro-128-gb-8gb-ram-5g-black-a10400191/pd/D6FLGT3BM/,https://s13emagst.akamaized.net/products/93237/93236712/images/res_967acee950f62664e4dd6917bd71929e.jpg?width=720&height=720&hash=BB7F8A8D2E89145EFDEFBB837C9ECAFC,6.77 inch,Aspect Ratio: 20:9,1080 x 2392,AMOLED,5000 mAh,Nu,,8 GB,128 GB,
"Telefon mobil Xiaomi Redmi 15C, 4GB RAM, 256GB ROM, 4G, Moonlight Blue + Woven Strap Ring Stand","629,99 Lei",629.99 Lei,4(4),https://www.emag.ro/telefon-mobil-xiaomi-redmi-15c-4gb-ram-256gb-rom-4g-moonlight-blue-woven-strap-ring-stand-mzb0mu9eu/pd/D562VJ3BM/,https://s13emagst.akamaized.net/products/101205/101204734/images/res_8838ca2605036646ddf50874d0af2c61.jpg?width=720&height=720&hash=48859D9E6AFBB8B1428ABCE0C5B8C457,6.9 inch,"16.7 milioane culori
Rata de reimprospatare de 120 Hz",1600 x 720,IPS,6000 mAh,Nu,,4 GB,256 GB,
"Telefon mobil Motorola edge 70, 12GB RAM, 512 GB, PANTONE Gadget Grey","2.999,99 Lei",2999.99 Lei,4.83(18),https://www.emag.ro/telefon-mobil-motorola-edge-70-12gb-ram-512-gb-pantone-gadget-grey-pba50002pl/pd/D28T813BM/,https://s13emagst.akamaized.net/products/107971/107970183/images/res_3c5ff120598abd763ba11b184683266f.jpg?width=720&height=720&hash=E45FC392DB6DC78CA2BED678B5F967FF,6.67 inch,"HDR10+
446 PPI
Rata de refresh 120 Hz",2717 x 1220,AMOLED,4800 mAh,Nu,Li-Ion,12 GB,512 GB,
"Telefon mobil ZTE nubia AIR, Dual SIM, 8GB, 256GB, 5G, Titanium Black","899,99 Lei",899.99 Lei,4.6(5),https://www.emag.ro/telefon-mobil-zte-nubia-air-dual-sim-8gb-256gb-5g-titanium-black-123454901001/pd/DM0R3L3BM/,https://s13emagst.akamaized.net/products/105396/105395103/images/res_bad3bd47036cd0c792dbb42c99cb5a75.jpg?width=720&height=720&hash=C23E2F429563E1184A7767BBA668470C,6.78 inch,Rata de refresh 120 Hz,1224 x 2720,AMOLED,5000 mAh,Nu,,8 GB,256 GB,
"Telefon mobil Motorola Edge 50 Pro, Dual SIM, 512GB, 12GB RAM, 5G, Caneel Bay","1.599,99 Lei",1599.99 Lei,4.31(110),https://www.emag.ro/telefon-mobil-motorola-edge-50-pro-dual-sim-512gb-12gb-ram-5g-caneel-bay-pb1j0097pl/pd/D89QHCYBM/,https://s13emagst.akamaized.net/products/76080/76079949/images/res_72324ab2cb7672345b5621b85449d3ba.jpg?width=720&height=720&hash=0E36F458AA53507472A440CD8C2DE82D,6.7 inch,"HDR10+
446 PPI
Rata de reimprospatare de 144 Hz",2712 x 1220,POLED,4500 mAh,Da,,12 GB,512 GB,
"Telefon OnePlus Nord 5 Black Edition, Dual SIM, 12GB RAM, 512GB, 5G, Phantom Grey","2.317,15 Lei",2317.15 Lei,5(11),https://www.emag.ro/telefon-oneplus-nord-5-black-edition-dual-sim-12gb-ram-512gb-5g-phantom-grey-5011113307blackedition/pd/D7JWJX3BM/,https://s13emagst.akamaized.net/products/98400/98399213/images/res_256a825d9138f97e4be458be962369fe.jpg?width=720&height=720&hash=6B053A4EA4B40A8E4EA56C79F49F201A,6.83 inch,"FHD+
450 ppi
Rata de reimprospatare de 144 Hz",2800 x 1272,AMOLED,5200 mAh,Nu,Li-Ion,12 GB,512 GB,
"Telefon mobil Apple iPhone 15, 256GB, 5G, Pink","4.199,99 Lei",4199.99 Lei,4.66(575),https://www.emag.ro/telefon-mobil-apple-iphone-15-256gb-5g-pink-mtp73rx-a/pd/D84H93YBM/,https://s13emagst.akamaized.net/products/60458/60457122/images/res_a34b30b780dd109b981753e94838c86c.jpg?width=720&height=720&hash=0AB50BDA2DD50B4FA704BDE0A10DC35B,6.1 inch,"True tone
Haptic touch
2,000,000:1 contrast ratio
HDR display
Wide color (P3)
Dynamic Island",2556 x 1179,Super Retina XDR,,Nu,Li-Ion,6 GB,256 GB,
"Telefon mobil HONOR X7d, Dual SIM, 8GB RAM, 256GB ROM, Velvet Black - Casti Honor Choice Earbuds X7e Active incluse","999,99 Lei",999.99 Lei,4.75(4),https://www.emag.ro/telefon-mobil-honor-x7d-dual-sim-8gb-ram-256gb-rom-velvet-black-casti-honor-choice-earbuds-x7e-active-incluse-5109bxpj-5504adcy/pd/DZ6LXS3BM/,https://s13emagst.akamaized.net/products/101996/101995634/images/res_ac4098513ab7fb27fbd816e587604d9b.jpg?width=720&height=720&hash=A0DD02B304C06ACE4E185B833B322ED7,6.77 inch,"120 Hz
700 nits",1610 x 720,LCD,6500 mAh,Nu,,8 GB,256 GB,
"Telefon mobil Samsung Galaxy S25, Dual SIM, 12GB RAM, 512GB, 5G, Mint","4.575,49 Lei",4575.49 Lei,4.74(219),https://www.emag.ro/telefon-mobil-samsung-galaxy-s25-dual-sim-12gb-ram-512gb-5g-mint-sm-s931blgheue/pd/DJQVXGYBM/,https://s13emagst.akamaized.net/products/84446/84445745/images/res_b4f3d79522735557b456887b00bf418d.jpg?width=720&height=720&hash=16685D46EFF53175DA678318D451E00F,6.2 inch,"Rata de refresh 120 Hz
2600nits",2340 x 1080,Dynamic AMOLED,4000 mAh,,,12 GB,512 GB,
"Telefon mobil Xiaomi Redmi 15, 8GB RAM, 256GB, 4G, Sandy Purple + Woven Strap Ring Stand","799,99 Lei",799.99 Lei,4.05(19),https://www.emag.ro/telefon-mobil-xiaomi-redmi-15-8gb-ram-256gb-4g-sandy-purple-woven-strap-ring-stand-mzb0mv3eu/pd/DB82VJ3BM/,https://s13emagst.akamaized.net/products/101205/101204739/images/res_f8eb34b7f9f6cc02663f06acaa350241.jpg?width=720&height=720&hash=E40CF3DD62FE649012167DD8E9926C7F,6.9 inch,"16.7 milioane culori
374 ppi
Rata de reimprospatare de 144 Hz",2340 x 1080,IPS,7000 mAh,Nu,,8 GB,256 GB,
"Telefon mobil HONOR 400 Lite, Dual SIM, 8GB RAM, 256GB, Velvet Black - Incarcator HONOR SuperCharge (Max 66W) inclus","1.673,82 Lei",1673.82 Lei,4.67(6),https://www.emag.ro/telefon-mobil-honor-400-lite-dual-sim-8gb-ram-256gb-velvet-black-incarcator-honor-supercharge-max-66w-inclus-5109bruv-5503aahx/pd/DJZ22H3BM/,https://s13emagst.akamaized.net/products/96170/96169890/images/res_07cbe4288870acba45367c404a86ca30.jpg?width=720&height=720&hash=0420184464AB0187D06129AFD9D66B5F,6.7 inch,"120 Hz
394 PPI
3500 nits peak",1080 x 2412,AMOLED,5230 mAh,"Da, incarcare rapida USB PD",,8 GB,256 GB,
"Telefon mobil Samsung Galaxy A16, Dual SIM, 256GB, 8GB RAM, 4G, Black","931,58 Lei",931.58 Lei,4.6(78),https://www.emag.ro/telefon-mobil-samsung-galaxy-a16-dual-sim-256gb-8gb-ram-4g-black-sm-a165fzkceue/pd/DLJ1YZYBM/,https://s13emagst.akamaized.net/products/77658/77657963/images/res_b2f35acf45f245e873c00a0db780dbfe.jpg?width=720&height=720&hash=375EA7F9ECA7342667FF0D5F94DC5AC3,6.7 inch,FHD,1080 x 2340,Super AMOLED,5000 mAh,,,8 GB,256 GB,MicroSD
"Telefon mobil Google Pixel 10, 128GB, 12GB RAM, 5G, Obsidian","3.594,60 Lei",3594.60 Lei,5(5),https://www.emag.ro/telefon-mobil-google-pixel-10-128gb-12gb-ram-5g-obsidian-ga09744-gb/pd/D4KG0J3BM/,https://s13emagst.akamaized.net/products/100990/100989835/images/res_5f4408f12928f6a11ffc95794bf3a6df.jpg?width=720&height=720&hash=42E196B81780A8F9A804ECB652DB847E,6.3 inch,"20:9 ratio
3000 nits (varf)
Smooth Display (60 – 120 Hz)",1080 x 2424,OLED,4970 mAh,Nu,,12 GB,128 GB,
"Telefon mobil ZTE nubia Focus 2, Dual SIM, 8GB, 256GB, 5G, Obsidian Black","899,99 Lei",899.99 Lei,,https://www.emag.ro/telefon-mobil-zte-nubia-focus-2-dual-sim-8gb-256gb-5g-obsidian-black-123446501167/pd/DD2WZC3BM/,https://s13emagst.akamaized.net/products/105043/105042235/images/res_4a69c506c3fd9d3e33dd7a5254e01194.jpg?width=720&height=720&hash=422212106AF0A6EF72774034887F5158,6.7 inch,Rata de refresh 120 Hz,720 x 1600,"LCD
IPS",5000 mAh,,,8 GB,256 GB,
"Telefon mobil Samsung Galaxy S23 Ultra, Dual SIM, 8GB RAM, 256GB, 5G, Lavender","4.450,00 Lei",4450.00 Lei,4.73(700),https://www.emag.ro/telefon-mobil-samsung-galaxy-s23-ultra-dual-sim-8gb-ram-256gb-5g-lavender-sm-s918blideue/pd/D407B5MBM/,https://s13emagst.akamaized.net/products/52646/52645831/images/res_7a05da2420c93824cd4fdd91b6db1072.jpg?width=720&height=720&hash=41BACCACF93751EE6A8706CCC88EDBB0,6.8 inch,"1750 nits (Peak)
500 PPI",3088 x 1440,Dynamic AMOLED,5000 mAh,,,8 GB,256 GB,
"Telefon Mobil HONOR Magic 4 Lite, 6GB RAM, 128GB, 5G, Midnight Black","849,00 Lei",849.00 Lei,4.89(19),https://www.emag.ro/telefon-mobil-honor-magic-4-lite-6gb-ram-128gb-5g-midnight-black-5109aecg/pd/D0CHRSMBM/,https://s13emagst.akamaized.net/products/45085/45084984/images/res_1b3dba6a673cd6eb358b4bc6b6c40c56.jpg?width=720&height=720&hash=F87550648DBCB857585679CF05CA84DD,6.81 inch,"FullView
Rata de raspuns la atingere 240 Hz
Rata de reimprospatare la 120 Hz",2388 x 1080,LCD,4800 mAh,,,6 GB,128 GB,
"Telefon mobil Samsung Galaxy S25 FE, Dual SIM, 8GB RAM, 256GB, 5G, Navy","2.997,99 Lei",2997.99 Lei,4.81(21),https://www.emag.ro/telefon-mobil-samsung-galaxy-s25-fe-dual-sim-8gb-ram-256gb-5g-navy-sm-s731bdbgeue/pd/D30QTS3BM/,https://s13emagst.akamaized.net/products/101820/101819223/images/res_c69a4830b7d27433eaf31a9f0e182fa7.jpg?width=720&height=720&hash=A80DED5E661C7DE0D928980625FBC150,,"16 milioane de culori
120 Hz
FHD+",1080 x 2340,Dynamic AMOLED,4900 mAh,Nu,,8 GB,256 GB,
"Telefon mobil Apple iPhone 16e, 128GB, 5G, White","3.031,49 Lei",3031.49 Lei,4.51(63),https://www.emag.ro/telefon-mobil-apple-iphone-16e-128gb-5g-white-md1r4zd-a/pd/DCXPCB3BM/,https://s13emagst.akamaized.net/products/86496/86495228/images/res_c33fa5d00e84c0d9a583ccec696fc2a3.jpg?width=720&height=720&hash=C79B4E5A86DA461F5AD53BD2DC8C218F,6.1 inch,"True tone
Haptic touch
2,000,000:1 contrast ratio
HDR display
Wide color (P3)
800 nits
1200 nits (peak)
Fingerprint-resistant",2532 x 1170,Super Retina XDR,,Nu,Li-Ion,8 GB,128 GB,
"Telefon mobil Apple iPhone 15 Pro Max, 256GB, 5G, Blue Titanium","6.857,99 Lei",6857.99 Lei,4.66(573),https://www.emag.ro/telefon-mobil-apple-iphone-15-pro-max-256gb-5g-blue-titanium-mu7a3rx-a/pd/DHLH93YBM/,https://s13emagst.akamaized.net/products/60458/60457156/images/res_968c9ac33392707226842f4933552b0c.jpg?width=720&height=720&hash=E6495DD6BD702C3B660156F76D2B0FDB,6.7 inch,"Always-on display
True tone
Haptic touch
Wide color (P3)
Dynamic Island
1000 nit luminozitate maxima (tipic); 1600 nit luminozitate maxima (HDR); 2000 nit luminozitate maxima (in aer liber)",1290 x 2796,OLED,,Nu,Li-Ion,8 GB,256 GB,
"Telefon mobil Samsung Galaxy S24, Dual SIM, 8GB RAM, 256GB, 5G, Cobalt Violet","3.249,99 Lei",3249.99 Lei,4.65(494),https://www.emag.ro/telefon-mobil-samsung-galaxy-s24-dual-sim-8gb-ram-256gb-5g-cobalt-violet-sm-s921bzvgeue/pd/DW5L7KYBM/,https://s13emagst.akamaized.net/products/64817/64816436/images/res_6e02536491ffe1eeca3f915ff300d2bc.jpg?width=720&height=720&hash=E05681587BCD031E41CFDB039A0B3A16,6.2 inch,"120 Hz
FHD+",2340 x 1080,Dynamic AMOLED,4000 mAh,,,8 GB,256 GB,
"Telefon mobil Samsung Galaxy A56, 12GB RAM, 256GB, 5G, Awesome Olive","2.269,00 Lei",2269.00 Lei,4.71(422),https://www.emag.ro/telefon-mobil-samsung-galaxy-a56-12gb-ram-256gb-5g-awesome-olive-sm-a56awsolv12gb/pd/D9VQ4K3BM/,https://s13emagst.akamaized.net/products/93866/93865286/images/res_611d7a79802d3cd7ba512a687d229b83.jpg?width=720&height=720&hash=E6F54CC580EA860A1F1F32F1DDCFD043,6.7 inch,"HDR10+
120 Hz
1200 nits (HBM)
1900 nits (peak)",1080 x 2340,Super AMOLED,5000 mAh,Nu,,12 GB,256 GB,
"Telefon mobil OnePlus 15, Dual SIM, 16GB RAM, 512GB, 5G, Sand Storm","5.899,99 Lei",5899.99 Lei,4.56(16),https://www.emag.ro/telefon-mobil-oneplus-15-dual-sim-16gb-ram-512gb-5g-sand-storm-5011116288/pd/DS0RK13BM/,https://s13emagst.akamaized.net/products/107392/107391116/images/res_89ce19f27551362b5de72f3de8c537b6.jpg?width=720&height=720&hash=3E390919D8D0BA3D146040D6C4CCC2C4,6.78 inch,1.07 miliarde de culori,2772 x 1272,AMOLED,,Nu,Li-Ion,16 GB,512 GB,
"Telefon mobil Google Pixel 8, 128GB, 8GB RAM, 5G, Hazel","1.701,70 Lei",1701.70 Lei,3.86(21),https://www.emag.ro/telefon-mobil-google-pixel-8-128gb-8gb-ram-5g-hazel-9790/pd/D46QNDYBM/,https://s13emagst.akamaized.net/products/63092/63091467/images/res_3ba5a9e7a6a596e04efaa154adceea5c.jpg?width=720&height=720&hash=F84D183AA3008C580ED1C2E8C08B8E73,6.2 inch,"HDR10+
120 Hz
1400 nits (HBM)
2000 nits (peak)",1080 x 2400,OLED,4575 mAh,Da,Li-Ion,8 GB,128 GB,
"Telefon mobil OPPO A5, 6GB RAM, 128GB, Dark Purple","595,93 Lei",595.93 Lei,5(1),https://www.emag.ro/telefon-mobil-oppo-a5-6gb-ram-128gb-dark-purple-op-a5drkprp4g128/pd/DGHDJV3BM/,https://s13emagst.akamaized.net/products/102994/102993538/images/res_b644dd71ac45832aa257cc61682f4d88.jpg?width=720&height=720&hash=C76BBEFE55DC74F992868D93603B915A,6.67 inch,"90 Hz
1000 nits (HBM)",720 x 1604,"LCD
IPS",6000 mAh,Nu,,6 GB,128 GB,MicroSDXC
"Telefon mobil Google Pixel Fold, 12GB RAM, 256GB, 5G, Obsidian","4.199,91 Lei",4199.91 Lei,5(3),https://www.emag.ro/telefon-mobil-google-pixel-fold-12gb-ram-256gb-5g-obsidian-go-pxfld256ob/pd/D08PHXYBM/,https://s13emagst.akamaized.net/products/69605/69604186/images/res_3d307dcab85e5ea3a6c04061d8d69f5d.jpg?width=720&height=720&hash=83C0F41BB26A916CD5BCC03FD22BFD6C,"7.6 inch
5.8 inch","HDR10+
120 Hz
1000 nits (HBM)",1840 x 2208,OLED,4821 mAh,Da,Li-Po,12 GB,256 GB,
"Telefon mobil Apple iPhone 17 Pro, 512GB, 5G, Deep Blue","7.929,99 Lei",7929.99 Lei,4.71(135),https://www.emag.ro/telefon-mobil-apple-iphone-17-pro-512gb-5g-deep-blue-mg8n4zd-a/pd/DF99FV3BM/,https://s13emagst.akamaized.net/products/102972/102971595/images/res_6d7c3a407f22da1525a05f5a9e491288.jpg?width=720&height=720&hash=DAE9E2840862ED3DDF7A93FDE69ACA5F,6.3 inch,"Always-on display
True tone
Haptic touch
2,000,000:1 contrast ratio
HDR display
Wide color (P3)
Dynamic Island
1000 nit luminozitate maxima (tipic); 1600 nit luminozitate maxima (HDR); 3000 nit luminozitate maxima (in aer liber)
Tehnologie ProMotion - rata de refresh adaptiva pana la 120Hz",2622 x 1206,OLED,,Nu,Li-Ion,12 GB,512 GB,
"MINI TELEFON DUAL SIM CU RADIO FM SI BLUETOOTH ,NEGRU","60,50 Lei",60.50 Lei,3.88(25),https://www.emag.ro/mini-telefon-dual-sim-cu-radio-fm-si-bluetooth-negru-dv94fsbbm/pd/DV94FSBBM/,https://s13emagst.akamaized.net/products/21913/21912791/images/res_48410e66ec14a7bf88f9a00b3e1d5291.jpg?width=720&height=720&hash=4A36FF2E5C02934EC04106791AFB1250,0.66 inch,,,,,,,,,
"Telefon mobil Samsung Galaxy Z Flip7, 12GB RAM, 256GB, 5G, Jetblack","5.183,80 Lei",5183.80 Lei,4.66(32),https://www.emag.ro/telefon-mobil-samsung-galaxy-z-flip7-12gb-ram-256gb-5g-jetblack-sm-f766bzkgeue/pd/DJ5WT93BM/,https://s13emagst.akamaized.net/products/99055/99054936/images/res_5cb15609fd2b0d87cdf6202ba92ed819.jpg?width=720&height=720&hash=D51F7CBC349879470C6ED6AAC9DBB7CB,"6.9 inch
4.1 inch","FHD+
60 Hz
120Hz
2600 nits (peak)","2520 x 1080
1048 x 948","Super AMOLED
Dynamic AMOLED",4300 mAh,,,12 GB,256 GB,
"Telefon mobil Motorola Edge 50 Neo, Dual SIM, 512GB, 12GB RAM, 5G, Pantone Grisaille","1.441,49 Lei",1441.49 Lei,4.44(163),https://www.emag.ro/telefon-mobil-motorola-edge-50-neo-dual-sim-512gb-12gb-ram-5g-pantone-grisaille-pb310009pl/pd/D19QHCYBM/,https://s13emagst.akamaized.net/products/76080/76079940/images/res_0781357c06fcad16bfde8e445b290c21.jpg?width=720&height=720&hash=DFE974AC521EBFB3245EBC2E8FE46192,6.4 inch,446 PPI,2670 x 1220,P-OLED,4310 mAh,Nu,Li-Po,12 GB,512 GB,
"Telefon mobil OnePlus 15, Dual SIM, 16GB RAM, 512GB, 5G, Infinite Black","5.837,83 Lei",5837.83 Lei,4.56(16),https://www.emag.ro/telefon-mobil-oneplus-15-dual-sim-16gb-ram-512gb-5g-infinite-black-5011116286/pd/DJ0RK13BM/,https://s13emagst.akamaized.net/products/107392/107391115/images/res_0824a0da138aeb7017ae1962f3d616a3.jpg?width=720&height=720&hash=5639B91AE66AAE5C79C19DA0D3FE104E,6.78 inch,1.07 miliarde de culori,2772 x 1272,AMOLED,7300 mAh,Nu,Li-Ion,16 GB,512 GB,
"Telefon mobil Motorola moto g05, Dual SIM, 64GB, 4GB RAM, 5200 mAh, Plum Red","399,99 Lei",399.99 Lei,4.66(73),https://www.emag.ro/telefon-mobil-motorola-moto-g05-dual-sim-64gb-4gb-ram-5200-mah-plum-red-pb6l0006pl/pd/D3GJV23BM/,https://s13emagst.akamaized.net/products/90135/90134053/images/res_f1c623f611936276cf07a40e1c0d63a9.jpg?width=720&height=720&hash=79B64AD01E6EF5421AC58AF0C70B9DE2,6.67 inch,263 ppi,1612 x 720,LCD,5200 mAh,Nu,,4 GB,64 GB,
"Telefon mobil Apple iPhone 16, 256GB, 5G, Teal","4.331,80 Lei",4331.80 Lei,4.73(313),https://www.emag.ro/telefon-mobil-apple-iphone-16-256gb-5g-teal-myej3zd-a/pd/DCY67LYBM/,https://s13emagst.akamaized.net/products/76828/76827222/images/res_2b48580a1b85d2b3e7c5c41f5f6c8d42.jpg?width=720&height=720&hash=CEA683847A73520D4DC103A0EC55225D,6.1 inch,"True tone
Haptic touch
HDR display
Wide color (P3)
Dynamic Island
1000 nit luminozitate maxima (tipic); 1600 nit luminozitate maxima (HDR); 2000 nit luminozitate maxima (in aer liber)
Fingerprint-resistant",2556 x 1179,OLED,,Nu,Li-Ion,8 GB,256 GB,
"Telefon mobil Motorola Moto g06, 4GB RAM, 128GB, Tapestry","449,99 Lei",449.99 Lei,4.5(14),https://www.emag.ro/telefon-mobil-motorola-moto-g06-4gb-ram-128gb-tapestry-pba20023ro/pd/D67JB13BM/,https://s13emagst.akamaized.net/products/107144/107143994/images/res_2bbe21e909a46be44e918ac58eef9910.jpg?width=720&height=720&hash=57ECA55AEE28713F3A87F8010F38DAD2,6.88 inch,"Rata de refresh 120 Hz
263 ppi",1640 x 720,LCD,5200 mAh,Nu,,4 GB,128 GB,
"Telefon Mobil E-Boda Speak T118, Cu butoane, Bluetooth 2.0, Dual Sim, 24 Mb RAM, Radio FM, Albastru","62,99 Lei",62.99 Lei,4(1),https://www.emag.ro/telefon-mobil-e-boda-speak-t118-cu-butoane-bluetooth-2-0-dual-sim-24-mb-ram-radio-fm-albastru-ebd-t118a/pd/DQXSS03BM/,https://s13emagst.akamaized.net/products/95646/95645874/images/res_631cf4f0c1d09e345a5aa7f4452b3418.jpg?width=720&height=720&hash=62F74A37D79BEB96CC35F38E97E719B6,,,,,,,,24 MB,24 MB,
"Telefon mobil Apple iPhone 15, 256GB, 5G, Blue","4.199,99 Lei",4199.99 Lei,4.66(575),https://www.emag.ro/telefon-mobil-apple-iphone-15-256gb-5g-blue-mtp93rx-a/pd/DW4H93YBM/,https://s13emagst.akamaized.net/products/60458/60457124/images/res_710aa5e925b96dc436201454c55598f8.jpg?width=720&height=720&hash=158019B3C12F394F7E05373E31BA6724,6.1 inch,"True tone
Haptic touch
2,000,000:1 contrast ratio
HDR display
Wide color (P3)
Dynamic Island",2556 x 1179,Super Retina XDR,,Nu,Li-Ion,6 GB,256 GB,
"Telefon mobil Xiaomi Redmi 15, 8GB RAM, 256GB, 5G, Titan Gray + Woven Strap Ring Stand","899,99 Lei",899.99 Lei,4.28(29),https://www.emag.ro/telefon-mobil-xiaomi-redmi-15-8gb-ram-256gb-5g-titan-gray-woven-strap-ring-stand-mzb0muieu/pd/D382VJ3BM/,https://s13emagst.akamaized.net/products/101205/101204742/images/res_67ae372e657ad73c74036f66c396e695.jpg?width=720&height=720&hash=2D5E3EC0B59E88F794A1F3F6A768D121,6.9 inch,"16.7 milioane culori
374 ppi
Rata de reimprospatare de 144 Hz",2340 x 1080,IPS,7000 mAh,Nu,,8 GB,256 GB,
SOYES XS19 telefon mobil 2GB RAM 16GB ROM 3.88 Inch 2000mAh 3G Roz,"302,50 Lei",302.50 Lei,3(1),https://www.emag.ro/soyes-xs19-telefon-mobil-2gb-ram-16gb-rom-3-88-inch-2000mah-3g-roz-xs19-pink/pd/DGX5YN3BM/,https://s13emagst.akamaized.net/products/94285/94284142/images/res_49c3a2f5cba97ad4872ccb04863ee46a.jpg?width=720&height=720&hash=C6F519AE5D235B844EB8B263B22E97FC,3.88 inch,Multi-touch,854 x 480,IPS,2000 mAh,,Li-Po,2 GB,16 GB,MicroSD
"Telefon mobil Xiaomi Redmi 15C, 4GB RAM, 256GB, 4G, Mint Green + Woven Strap Ring Stand","629,99 Lei",629.99 Lei,4(4),https://www.emag.ro/telefon-mobil-xiaomi-redmi-15c-4gb-ram-256gb-4g-mint-green-woven-strap-ring-stand-mzb0muaeu/pd/DW62VJ3BM/,https://s13emagst.akamaized.net/products/101205/101204738/images/res_f2167a013a0640147f6bd3f154f44b1e.jpg?width=720&height=720&hash=DFDFC39A35B435007971FFA1798ACC68,6.9 inch,"16.7 milioane culori
Rata de reimprospatare de 120 Hz",1600 x 720,IPS,6000 mAh,Nu,,4 GB,256 GB,
"Telefon mobil Xiaomi Redmi 15C, 4GB RAM, 256GB, Midnight Black","580,80 Lei",580.80 Lei,3(2),https://www.emag.ro/telefon-mobil-xiaomi-redmi-15c-4gb-ram-256gb-midnight-black-mzb0lifeu/pd/DLZ05J3BM/,https://s13emagst.akamaized.net/products/101449/101448658/images/res_1bc5f2d03b32564b5ff282889a4935a0.jpg?width=720&height=720&hash=582FE23E34717AA81C05B5EC5B740F33,6.9 inch,120 Hz,720 x 1600,"LCD
IPS",6000 mAh,Nu,,4 GB,256 GB,MicroSDXC
"Telefon mobil HONOR Magic V3, Dual SIM, 12GB RAM, 512GB, 5G, Verde","5.729,73 Lei",5729.73 Lei,4.71(17),https://www.emag.ro/telefon-mobil-honor-magic-v3-dual-sim-12gb-ram-512gb-5g-verde-5109bjnk/pd/DWYGKLYBM/,https://s13emagst.akamaized.net/products/76919/76918532/images/res_15da01055f51cbc6a1ec8b10216a5cad.jpg?width=720&height=720&hash=DBD4A157B74E2DDC9EABCFB2077D37DD,"6.43 inch
7.92 inch","Pliabil
1.07 miliarde de culori","2344 x 2156
2376 x 1060",OLED,5150 mAh,,Li-Po,12 GB,512 GB,
"Telefon mobil HONOR 400, Dual SIM, 8GB RAM, 512GB ROM, Desert Gold","1.945,49 Lei",1945.49 Lei,4.86(14),https://www.emag.ro/telefon-mobil-honor-400-dual-sim-8gb-ram-512gb-rom-desert-gold-5109buuv/pd/DJT4CN3BM/,https://s13emagst.akamaized.net/products/94814/94813454/images/res_db69fc18bce7dcbcc61ce6d96b8313f6.jpg?width=720&height=720&hash=BE8943B1D684B21B3204447C0ED4ADED,6.55 inch,,1200 x 2664,AMOLED,5300 mAh,Nu,Li-Ion,8 GB,512 GB,
"Telefon mobil Samsung Galaxy A36, Dual SIM, 6GB RAM, 128GB, 5G, Awesome White","1.177,02 Lei",1177.02 Lei,4.65(99),https://www.emag.ro/telefon-mobil-samsung-galaxy-a36-dual-sim-6gb-ram-128gb-5g-awesome-white-sm-a366bzabeue/pd/D0Z5X33BM/,https://s13emagst.akamaized.net/products/89071/89070979/images/res_e0f3409ce743fe8cb0e92ccb861e13c1.jpg?width=720&height=720&hash=D5B3555B2483FF3C4AE4CE4906B436C9,6.7 inch,120 Hz,1080 x 2340,Super AMOLED,5000 mAh,,,6 GB,128 GB,
"Telefon mobil OPPO Reno12 FS, Dual SIM, 512GB, 8GB RAM, 4G, Matte Grey","899,99 Lei",899.99 Lei,4(10),https://www.emag.ro/telefon-mobil-oppo-reno12-fs-dual-sim-512gb-8gb-ram-4g-matte-grey-reno12fs4gmg/pd/DZ93HCYBM/,https://s13emagst.akamaized.net/products/76060/76059762/images/res_8d62ea2cd6209918c0d86594a49c265e.jpg?width=720&height=720&hash=A6C63501C33B482FCF8767EC0C8C5AD1,6.67 inch,"120 Hz
FHD+
394 PPI
Rezistent la praf si stropire",1080 x 2400,OLED,5000 mAh,,Li-Po,8 GB,512 GB,MicroSD
"Telefon mobil Samsung Galaxy A17, Dual SIM, 4GB RAM, 128GB, 4G, Light Blue","754,99 Lei",754.99 Lei,5(1),https://www.emag.ro/telefon-mobil-samsung-galaxy-a17-dual-sim-4gb-ram-128gb-4g-light-blue-sm-a175flbbeue/pd/D757K93BM/,https://s13emagst.akamaized.net/products/99061/99060691/images/res_63daa0d0a96e6bda8513eda14300c68e.jpg?width=720&height=720&hash=BF2768FDA14A1FFB7BA8EADF9B687058,6.7 inch,"16 milioane de culori
Rata de reimprospatare de 90 Hz",1080 x 2340,Super AMOLED,5000 mAh,Nu,,4 GB,128 GB,
"Telefon mobil Xiaomi 15T, 12GB RAM, 256GB ROM, 5G Gray + Woven Strap Ring Stand","2.699,99 Lei",2699.99 Lei,4.6(30),https://www.emag.ro/telefon-mobil-xiaomi-15t-12gb-ram-256gb-rom-5g-gray-woven-strap-ring-stand-mzb0n3keu/pd/DZ9M943BM/,https://s13emagst.akamaized.net/products/103853/103852846/images/res_9a23d9322eed753023d4362b6cf56070.jpg?width=720&height=720&hash=6F88FA1D3804CEC344EA8636C1628199,6.83 inch,"Dolby Vision
Rata de reimprospatare de pana la 120 Hz
HDR 10+
Touch sampling rate: Up to 480Hz
3200 niti (varf)
447 ppi",2772 x 1280,AMOLED,5500 mAh,Nu,,12 GB,256 GB,
"Telefon mobil Apple iPhone 15, 512GB, 5G, Pink","5.200,00 Lei",5200.00 Lei,4.66(575),https://www.emag.ro/telefon-mobil-apple-iphone-15-512gb-5g-pink-mtpd3rx-a/pd/DYCH93YBM/,https://s13emagst.akamaized.net/products/60458/60457122/images/res_a34b30b780dd109b981753e94838c86c.jpg?width=720&height=720&hash=0AB50BDA2DD50B4FA704BDE0A10DC35B,6.1 inch,"True tone
Haptic touch
2,000,000:1 contrast ratio
HDR display
Wide color (P3)
Dynamic Island",2556 x 1179,Super Retina XDR,,Nu,Li-Ion,6 GB,512 GB,
"Telefon mobil Samsung Galaxy S24 Ultra, Dual SIM, 12GB RAM, 512GB, 5G, Titanium Black","5.661,49 Lei",5661.49 Lei,4.74(885),https://www.emag.ro/telefon-mobil-samsung-galaxy-s24-ultra-dual-sim-12gb-ram-512gb-5g-titanium-black-sm-s928bzkheue/pd/DF6L7KYBM/,https://s13emagst.akamaized.net/products/64817/64816455/images/res_dcae4c4dabb70a9916dffbc724913b11.jpg?width=720&height=720&hash=410B9FC2522B0AB870D6D1F8FC7A4B3D,6.8 inch,"120 Hz
QHD",3120 x 1440,Dynamic AMOLED,5000 mAh,,,12 GB,512 GB,
"Telefon mobil HONOR 400 Lite, Dual SIM, 8GB RAM, 256GB, Marrs Green","1.107,15 Lei",1107.15 Lei,4.36(11),https://www.emag.ro/telefon-mobil-honor-400-lite-dual-sim-8gb-ram-256gb-marrs-green-5109bruw/pd/DWXDSD3BM/,https://s13emagst.akamaized.net/products/91942/91941225/images/res_a1659bad091c1bc3221a94687c3d8140.jpg?width=720&height=720&hash=EA60EF55FB2F3AF210923310525A8193,6.7 inch,"120 Hz
394 PPI
3500 nits peak",1080 x 2412,AMOLED,5230 mAh,Nu,,8 GB,256 GB,
"Telefon mobil Google Pixel 10, 256GB, 12GB RAM, 5G,Obsidian","4.487,18 Lei",4487.18 Lei,5(5),https://www.emag.ro/telefon-mobil-google-pixel-10-256gb-12gb-ram-5g-obsidian-ga09883-gb/pd/DRKG0J3BM/,https://s13emagst.akamaized.net/products/100990/100989835/images/res_5f4408f12928f6a11ffc95794bf3a6df.jpg?width=720&height=720&hash=42E196B81780A8F9A804ECB652DB847E,6.3 inch,"20:9 ratio
3000 nits (varf)
Smooth Display (60 – 120 Hz)",1080 x 2424,OLED,4970 mAh,Nu,,12 GB,256 GB,
"Telefon mobil Realme 14 Pro, 12GB RAM, 512GB, 5G, Suede Grey","1.318,80 Lei",1318.80 Lei,5(2),https://www.emag.ro/telefon-mobil-realme-14-pro-12gb-ram-512gb-5g-suede-grey-rm-r14prosugr512/pd/DQWRRT3BM/,https://s13emagst.akamaized.net/products/87455/87454187/images/res_cdbd0a15ad86e320107688125ee6419b.jpg?width=720&height=720&hash=1B18FFEBDD90B4B9431788DFA7D46790,6.77 inch,"120 Hz
1B colors
1400 nits (HBM)
4500 nits (peak)",1080 x 2392,OLED,6000 mAh,Nu,,12 GB,512 GB,
"Telefon mobil OPPO Reno14, Dual SIM, 12GB RAM, 512GB, 5G, Luminous Green","2.999,99 Lei",2999.99 Lei,4.92(13),https://www.emag.ro/telefon-mobil-oppo-reno14-dual-sim-12gb-ram-512gb-5g-luminous-green-cph2737lg/pd/DR2VCJ3BM/,https://s13emagst.akamaized.net/products/101278/101277056/images/res_220a34aa7e2ad97be381710b958f47f9.jpg?width=720&height=720&hash=D5CBBB369513C0F97EE63B83AB4C8110,6.59 inch,"120 Hz
460 PPI
1200 niti",1256 x 2760,AMOLED,6000 mAh,Nu,,12 GB,512 GB,
"Telefon mobil Apple iPhone 14, 128GB, 5G, RED","2.952,40 Lei",2952.40 Lei,4.78(570),https://www.emag.ro/telefon-mobil-apple-iphone-14-128gb-5g-red-mpva3rx-a/pd/D82Y4LMBM/,https://s13emagst.akamaized.net/products/48592/48591195/images/res_9d9f7cfd3812beffad0e413f5803476b.jpg?width=720&height=720&hash=08EE0E28A2C1BFB4BF8FC173F45F02DF,6.1 inch,"True tone
Haptic touch
2,000,000:1 contrast ratio
800 nits (typ), 1200 nits (peak)
HDR display
Wide color (P3)",1170 x 2532,OLED,,Nu,Li-Ion,6 GB,128 GB,
"Telefon mobil Xiaomi Redmi 15, 8GB RAM, 256GB, 5G, Ripple Green + Woven Strap Ring Stand","899,99 Lei",899.99 Lei,4.28(29),https://www.emag.ro/telefon-mobil-xiaomi-redmi-15-8gb-ram-256gb-5g-ripple-green-woven-strap-ring-stand-mzb0muheu/pd/DM82VJ3BM/,https://s13emagst.akamaized.net/products/101205/101204740/images/res_2a715425784a000c40d1f3c79db3410d.jpg?width=720&height=720&hash=04627D9C955F72C5EF8FB7B23E3D6031,6.9 inch,"16.7 milioane culori
374 ppi
Rata de reimprospatare de 144 Hz",2340 x 1080,IPS,7000 mAh,Nu,,8 GB,256 GB,
"Telefon mobil Xiaomi Redmi 12, Dual SIM, 4GB RAM, 128GB, 5G, Jade Black","507,99 Lei",507.99 Lei,5(1),https://www.emag.ro/telefon-mobil-xiaomi-redmi-12-dual-sim-4gb-ram-128gb-5g-jade-black-mzb0eb5eu/pd/DTNV8YYBM/,https://s13emagst.akamaized.net/products/59958/59957076/images/res_87baeafa73e218a2d6f9b14951a8fc91.jpg?width=720&height=720&hash=68177A2A1189C08C6A40AD4A88F5FC90,6.79 inch,"90 Hz
550 niti",1080 x 2460,"LCD
IPS",5000 mAh,,Li-Po,4 GB,128 GB,MicroSDXC
"Telefon mobil Samsung Galaxy A26, Dual SIM, 8GB RAM, 256GB, 5G, Mint","1.199,00 Lei",1199.00 Lei,4.53(102),https://www.emag.ro/telefon-mobil-samsung-galaxy-a26-dual-sim-8gb-ram-256gb-5g-mint-sm-a266blgceue/pd/DWL5X33BM/,https://s13emagst.akamaized.net/products/89071/89070967/images/res_a5ac19d85dd9957ccc35afd4f26dd7ed.jpg?width=720&height=720&hash=7B92AACCA6D972F687CFB0F2A222140C,6.7 inch,120 Hz,1080 x 2340,Super AMOLED,5000 mAh,,,8 GB,256 GB,MicroSD
"Telefon mobil Motorola moto g05, Dual SIM, 256GB, 4GB RAM, 5200 mAh, Forest Green","479,99 Lei",479.99 Lei,4.66(73),https://www.emag.ro/telefon-mobil-motorola-moto-g05-dual-sim-256gb-4gb-ram-5200-mah-forest-green-pb6l0028ro/pd/DDGJV23BM/,https://s13emagst.akamaized.net/products/90135/90134054/images/res_46bd5e87d33ff0a2d509a0e0c3fd6ed7.jpg?width=720&height=720&hash=4325AE99D209EF52705DB529C0B7029A,6.67 inch,263 ppi,1612 x 720,LCD,5200 mAh,Nu,,4 GB,256 GB,
"Telefon mobil Samsung Galaxy S25 Ultra, Dual SIM, 12GB RAM, 1TB, 5G, Titanium Black","6.897,00 Lei",6897.00 Lei,4.66(500),https://www.emag.ro/telefon-mobil-samsung-galaxy-s25-ultra-dual-sim-12gb-ram-1tb-5g-titanium-black-sm-s938bzkheue/pd/DGQVXGYBM/,https://s13emagst.akamaized.net/products/84446/84445769/images/res_001e7e69e6d46fc6986fd4ee21fa0b78.jpg?width=720&height=720&hash=6660C1D946D94CBE36805F70804E8C03,6.9 inch,"Rata de refresh 120 Hz
2600nits
qHD+",3120 x 1440,Dynamic AMOLED,5000 mAh,,,12 GB,1 TB,
"Telefon mobil Xiaomi Redmi Note 14, 6GB RAM, 128GB, Ocean Blue","704,40 Lei",704.40 Lei,4.65(166),https://www.emag.ro/telefon-mobil-xiaomi-redmi-note-14-6gb-ram-128gb-ocean-blue-mzb0j09eu/pd/DQH3DGYBM/,https://s13emagst.akamaized.net/products/84223/84222405/images/res_2d62504301e458fcb97044fefa7cf673.jpg?width=720&height=720&hash=A6AC8CA71304D4F6B66B4365B917801F,6.67 inch,"394 PPI
Rata de refresh 120 Hz
1800 nits (peak)
Sunlight display
Reading mode
Touch sampling rate: 240Hz",2400 x 1080,AMOLED,5500 mAh,,,6 GB,128 GB,
"Telefon mobil Samsung Galaxy S23, Dual SIM, 8GB RAM, 128GB, 5G, Phantom Black","3.299,98 Lei",3299.98 Lei,4.6(520),https://www.emag.ro/telefon-mobil-samsung-galaxy-s23-dual-sim-8gb-ram-128gb-5g-phantom-black-sm-s911bzkdeue/pd/D12R8RMBM/,https://s13emagst.akamaized.net/products/52576/52575496/images/res_ffcb7b5770c2897ca7e87093c5253e15.jpg?width=720&height=720&hash=1B45613E420644492903DACF1F573003,6.1 inch,"FHD+
425 PPI
Rata de reimprospatare la 120 Hz
1750 nits (Peak)",2340 x 1080,Dynamic AMOLED,3900 mAh,,,8 GB,128 GB,
"Telefon mobil Samsung Galaxy Z Flip6, 12GB RAM, 256GB, 5G, Silver Shadow","3.925,01 Lei",3925.01 Lei,4.07(58),https://www.emag.ro/telefon-mobil-samsung-galaxy-z-flip6-12gb-ram-256gb-5g-silver-shadow-sm-f741bzsgeue/pd/DBXGVSYBM/,https://s13emagst.akamaized.net/products/73523/73522669/images/res_1169e1c60ef28b29b508180d21e36682.jpg?width=720&height=720&hash=369E0D4883D086146C2F93086D766DA6,6.7 inch,"FHD+
60 Hz
120Hz
1600nits","2640 x 1080
748 x 720","Super AMOLED
Dynamic AMOLED",4000 mAh,,,12 GB,256 GB,
"Telefon mobil Poco F8 Ultra, 12GB RAM, 256GB, 5G, Denim Blue","7.598,39 Lei",7598.39 Lei,5(1),https://www.emag.ro/telefon-mobil-poco-f8-ultra-12gb-ram-256gb-5g-denim-blue-pc-f8ult256db/pd/D6YSK83BM/,https://s13emagst.akamaized.net/products/112001/112000723/images/res_c5a85896f5036daa630a26383b28483f.jpg?width=720&height=720&hash=232EE816FC4799FB6BC1DE0E768DA3AA,6.9 inch,"Dolby Vision
HDR10+
120 Hz
68B colors
2000 nits (HBM)
3500 nits peak",1200 x 2608,AMOLED,6500 mAh,Nu,,12 GB,256 GB,
"Telefon mobil Samsung Galaxy S24+, Dual SIM, 12GB RAM, 512GB, 5G, Marble Gray","4.599,00 Lei",4599.00 Lei,4.6(208),https://www.emag.ro/telefon-mobil-samsung-galaxy-s24-dual-sim-12gb-ram-512gb-5g-marble-gray-sm-s926bzageue/pd/D4VMHKYBM/,https://s13emagst.akamaized.net/products/64817/64816449/images/res_ebfa4fd0d965c6c30b70782a2549ae53.jpg?width=720&height=720&hash=9BB6C0D42439BE36B25435E3010066DE,6.7 inch,"120 Hz
QHD",3120 x 1440,Dynamic AMOLED,4900 mAh,,,12 GB,512 GB,
"Telefon mobil Samsung Galaxy S23, Dual SIM, 8GB RAM, 256GB, 5G, Lavender","3.250,00 Lei",3250.00 Lei,4.6(520),https://www.emag.ro/telefon-mobil-samsung-galaxy-s23-dual-sim-8gb-ram-256gb-5g-lavender-sm-s911bligeue/pd/DF07B5MBM/,https://s13emagst.akamaized.net/products/52576/52575499/images/res_49c62172e907d7ab828cc0bf4c506bb4.jpg?width=720&height=720&hash=8EFB360E064B549BAF587FC5B99D804F,6.1 inch,"FHD+
425 PPI
Rata de reimprospatare la 120 Hz
1750 nits (Peak)",2340 x 1080,Dynamic AMOLED,3900 mAh,,,8 GB,256 GB,
"Telefon mobil Samsung Galaxy S25 FE, Dual SIM, 8GB RAM, 256GB, 5G, White","2.999,99 Lei",2999.99 Lei,4.81(21),https://www.emag.ro/telefon-mobil-samsung-galaxy-s25-fe-dual-sim-8gb-ram-256gb-5g-white-sm-s731bzwgeue/pd/DP0QTS3BM/,https://s13emagst.akamaized.net/products/101820/101819232/images/res_ce04125b3b750ce8f81ee1253b20e68a.jpg?width=720&height=720&hash=B746E6713961FCAE3D0024D3F13B8BA6,,"16 milioane de culori
120 Hz
FHD+",1080 x 2340,Dynamic AMOLED,4900 mAh,Nu,,8 GB,256 GB,
"Telefon mobil Samsung Galaxy A36, Dual SIM, 6GB RAM, 128GB, 5G, Awesome Lavender","1.353,55 Lei",1353.55 Lei,4.65(99),https://www.emag.ro/telefon-mobil-samsung-galaxy-a36-dual-sim-6gb-ram-128gb-5g-awesome-lavender-sm-a366blvbeue/pd/DNZ5X33BM/,https://s13emagst.akamaized.net/products/89071/89070976/images/res_f7d75da00538022e7a1f683dd13503dd.jpg?width=720&height=720&hash=9000F5EDF8FB53CCA73C87B2ABFBA19F,6.7 inch,120 Hz,1080 x 2340,Super AMOLED,5000 mAh,,,6 GB,128 GB,
"Smartphone P40 Lite, Huawei, 128GB, 8GB RAM, Dual Sim, Verde","713,98 Lei",713.98 Lei,4.67(3),https://www.emag.ro/smartphone-p40-lite-huawei-128gb-8gb-ram-dual-sim-verde-9309956563401/pd/DYN3N7YBM/,https://s13emagst.akamaized.net/products/62148/62147190/images/res_f06d8ebae40def54fe66a129cf17094c.jpg?width=720&height=720&hash=4B6B5BA0D123A814DD5036BF23061462,,,,,,,,8 GB,128 GB,
"Telefon mobil pentru seniori, dual SIM, color, taste mari, meniu in limba Romana, buton SOS, Bluetooth, lanterna, radio, negru","180,00 Lei",180.00 Lei,,https://www.emag.ro/telefon-mobil-pentru-seniori-dual-sim-color-taste-mari-meniu-in-limba-romana-buton-sos-bluetooth-lanterna-radio-negru-telefon-cs181/pd/DXLPBQMBM/?ref=smart-history-ml_1_1&provider=rec&recid=rec_4_9e5d324717357c33085f5a1233e6918027f2d4509a8547466673b9e9acd9340f_1767471077&scenario_ID=4,https://s13emagst.akamaized.net/products/50806/50805851/images/res_65d5ec35caa79fb4820b8544da0c3a3a.png?width=300&height=300&hash=52A6B5DA9219E5124081D6E6AEB02844,1.8 inch,,,,800 mAh,Da,BL-5C,32 MB,24 MB,SD
"Telefon mobil pentru seniori, cu meniul in limba Romana, taste mari, buton SOS, micro SIM, retea 4G, Functie Apelare Rapida, Bluetooth, Radio, Camera, Lanterna","237,00 Lei",237.00 Lei,4.94(1173),https://www.emag.ro/telefon-mobil-pentru-seniori-cu-meniul-in-limba-romana-taste-mari-buton-sos-micro-sim-retea-4g-functie-apelare-rapida-bluetooth-radio-camera-lanterna-telefon-c1-4g/pd/D4QJLRYBM/?ref=smart-history-ml_1_2&provider=rec&recid=rec_4_9e5d324717357c33085f5a1233e6918027f2d4509a8547466673b9e9acd9340f_1767471077&scenario_ID=4,https://s13emagst.akamaized.net/products/80989/80988077/images/res_8fa578c970729c85d4d0cfcf6f7c4820.png?width=300&height=300&hash=33CF461B6567607B94367D82BA50A67B,1.77 inch,,,LCD,1800 mAh,Da,Li-Ion,128 MB,48 MB,MicroSD
"Telefon Mobil Seniori cu Taste Mari, CZAY® Meniu in Limba Romana, Autonomie 7 Zile, Volum Puternic Reglabil, Buton SOS, 2G, Dual Sim, Ecran LCD Generos, Color, Usor de Folosit pentru Varstnici, Pensionari si Bunici, Lanterna, Radio, Bluetooth, Rezistent","225,99 Lei",225.99 Lei,4.68(40),https://www.emag.ro/telefon-mobil-seniori-cu-taste-mari-czayr-meniu-in-limba-romana-autonomie-7-zile-volum-puternic-reglabil-buton-sos-2g-dual-sim-ecran-lcd-generos-color-usor-de-folosit-pentru-varstnici-pensionari-si-bu/pd/D97JJ5YBM/?ref=smart-history-ml_1_3&provider=rec&recid=rec_4_9e5d324717357c33085f5a1233e6918027f2d4509a8547466673b9e9acd9340f_1767471077&scenario_ID=4,https://s13emagst.akamaized.net/products/81763/81762049/images/res_09c43b7dac3dc4e10ca332c6d733ed84.png?width=300&height=300&hash=66E6AE8D6C1339E69CF5D9BF2618DA46,1.77 inch,,128 x 160,LCD,1000 mAh,Da,BL-5C,32 MB,32 MB,SD
"Telefon mobil iHunt Senior Comfort, Display 1.77"", Dual SIM, GSM, Bluetooth, Camera, Meniu Limba Romana, Taste Mari, Lanterna, Radio FM fara cablu, Baterie 1000mAh, Buton SOS, Sunet Puternic, Negru","99,98 Lei",99.98 Lei,4.75(16),https://www.emag.ro/telefon-mobil-ihunt-senior-comfort-display-1-77-dual-sim-gsm-bluetooth-camera-meniu-limba-romana-taste-mari-lanterna-radio-fm-fara-cablu-baterie-1000mah-buton-sos-sunet-puternic-negru-senior-comfort/pd/D2ZWP93BM/?ref=smart-history-ml_1_4&provider=rec&recid=rec_4_9e5d324717357c33085f5a1233e6918027f2d4509a8547466673b9e9acd9340f_1767471077&scenario_ID=4,https://s13emagst.akamaized.net/products/99204/99203755/images/res_1d1209bfab30c26f74511e1488567f37.jpg?width=300&height=300&hash=B4FDDEFEE8AB1D30B47132BA3CCBBF54,1.77 inch,,128 x 160,TFT,1000 mAh,Da,Li-Ion,32 MB,32 MB,MicroSD
"Telefon mobil pentru seniori, cu meniul in limba Romana, Stand pentru incarcare, taste mari, buton SOS, Dual SIM, Retea 4G, Baterie 1800 mAh, Functie Apelare Rapida, Usor de folosit pentru varstnici, pensionari si bunici, Lanterna, Diagonala ecran 6.1 cm","249,99 Lei",249.99 Lei,4.96(604),https://www.emag.ro/telefon-mobil-pentru-seniori-cu-meniul-in-limba-romana-stand-pentru-incarcare-taste-mari-buton-sos-dual-sim-retea-4g-baterie-1800-mah-functie-apelare-rapida-usor-de-folosit-pentru-varstnici-pensionari/pd/DTWK8GYBM/?ref=smart-history-ml_1_5&provider=rec&recid=rec_4_9e5d324717357c33085f5a1233e6918027f2d4509a8547466673b9e9acd9340f_1767471077&scenario_ID=4,https://s13emagst.akamaized.net/products/84884/84883184/images/res_3eaf1c1278820a611548b9397654c266.png?width=300&height=300&hash=0B0D1EBE3840DFDCD35B67F0A133819C,2.4 inch,,,LCD,1800 mAh,Da,Li-Ion,128 MB,48 MB,MicroSD
"Telefon mobil pentru seniori, cu meniul in limba Romana, Stand pentru incarcare, taste mari, buton SOS, micro SIM, retea 4G, Functie Apelare rapida, Lanterna","220,00 Lei",220.00 Lei,4.95(843),https://www.emag.ro/telefon-mobil-pentru-seniori-cu-meniul-in-limba-romana-stand-pentru-incarcare-taste-mari-buton-sos-micro-sim-retea-4g-functie-apelare-rapida-lanterna-telefon-c1-stand/pd/DBY7PGYBM/?ref=smart-history-ml_1_6&provider=rec&recid=rec_4_9e5d324717357c33085f5a1233e6918027f2d4509a8547466673b9e9acd9340f_1767471077&scenario_ID=4,https://s13emagst.akamaized.net/products/84403/84402770/images/res_e76eb0344d7d0d953d720280a6767e39.png?width=300&height=300&hash=2D6F5B727B52C2C35DBA622E794D5690,1.77 inch,,,,1800 mAh,Da,,128 MB,48 MB,MicroSD
"Telefon mobil Oukitel P1, Dual SIM, 4G, Octa-Core, 6.7-inch AMOLED FHD+ 120Hz, 24GB RAM / 256GB, 5150mAh, NFC, Android 15, Black","948,99 Lei",948.99 Lei,,https://www.emag.ro/telefon-mobil-oukitel-p1-dual-sim-4g-octa-core-6-7-inch-amoled-fhd-120hz-24gb-ram-256gb-5150mah-nfc-android-15-black-00003137/pd/DVSHK83BM/,https://s13emagst.akamaized.net/products/111996/111995485/images/res_15e149927c170510ec9a17fbdf433a0e.png?width=720&height=720&hash=7BFF93EA84EF1CF03BC932132F6667E1,6.7 inch,"Corning Gorilla Glass 5
120 Hz
Touch screen
550 niti",1080 x 2412,IPS,5150 mAh,Da,Li-Po,24 GB,256 GB,MicroSD
"Telefon mobil Apple iPhone 15 Plus, 256GB, 5G, Black","5.200,00 Lei",5200.00 Lei,4.82(153),https://www.emag.ro/telefon-mobil-apple-iphone-15-plus-256gb-5g-black-mu183rx-a/pd/DHCH93YBM/,https://s13emagst.akamaized.net/products/60458/60457136/images/res_1d99112302dd6440c1024a664244cf18.jpg?width=720&height=720&hash=A6C3724BF6560BC9DCEF9F46DEBAB039,6.7 inch,"True tone
Haptic touch
2,000,000:1 contrast ratio
HDR display
Wide color (P3)
Dynamic Island",2796 x 1290,Super Retina XDR,,Nu,Li-Ion,6 GB,256 GB,
"Telefon mobil Samsung Galaxy A03s, Dual SIM, 3GB RAM, 32GB, 4G, Black","549,34 Lei",549.34 Lei,4.04(74),https://www.emag.ro/telefon-mobil-samsung-galaxy-a03s-dual-sim-3gb-ram-32gb-4g-black-sm-a037gzkneue/pd/DS5P0PMBM/,https://s13emagst.akamaized.net/products/40022/40021668/images/res_9f60df678be500c46c48a8c4c7fb2297.jpg?width=720&height=720&hash=E5FAAF5407294CFEBAF612C78EC9C794,6.5 inch,270 PPI,1600 x 720,"LCD
PLS",5000 mAh,,,3 GB,32 GB,MicroSD
"Telefon mobil Apple iPhone 14 Plus, 128GB, 5G, Purple","3.999,00 Lei",3999.00 Lei,4.74(163),https://www.emag.ro/telefon-mobil-apple-iphone-14-plus-128gb-5g-purple-mq503rx-a/pd/DH7Y4LMBM/,https://s13emagst.akamaized.net/products/48592/48591209/images/res_b4af6866fae7fa727e79a969f18da045.jpg?width=720&height=720&hash=556307FD53097452D91446AD939757A5,6.7 inch,"HDR10
Dolby Vision
True tone
Haptic touch
Invelis oleophobic
1200 niti",1284 x 2778,"OLED
Super Retina XDR",,Nu,Li-Ion,6 GB,128 GB,
"Telefon mobil Poco X7 Pro, 8GB RAM, 256GB, 5G, Yellow","1.410,00 Lei",1410.00 Lei,4.53(55),https://www.emag.ro/telefon-mobil-poco-x7-pro-8gb-ram-256gb-5g-yellow-pc-x7pro8gbylw/pd/DKK19GYBM/,https://s13emagst.akamaized.net/products/84480/84479844/images/res_cc7616affe8bf3d3ffae929e3943c61b.jpg?width=720&height=720&hash=BBC910583CB8471DD0052B8C1BC90A5E,6.67 inch,"Dolby Vision
HDR10+
120 Hz
68B colors
1400 nits (HBM)
3200 nits (peak)",1220 x 2712,AMOLED,6000 mAh,,,8 GB,256 GB,
"Telefon mobil Google Pixel 9, 256GB, 12GB RAM, 5G, Obsidian","4.005,10 Lei",4005.10 Lei,4.64(56),https://www.emag.ro/telefon-mobil-google-pixel-9-256gb-12gb-ram-5g-obsidian-ga05842-gb/pd/D5LKQVYBM/,https://s13emagst.akamaized.net/products/74606/74605025/images/res_1e9d680977808e4b1c1b159052f2b111.jpg?width=720&height=720&hash=E112ABB40A7D2C549ED7C84303EB5337,6.3 inch,"Rata de refresh 120 Hz
422 PPI
HDR 10+
1800 nits (HBM)
2700 nits (peak)",1080 x 2424,P-OLED,4700 mAh,Nu,Li-Ion,12 GB,256 GB,
"Telefon mobil Nothing Phone 3a Lite, 8GB RAM, 128GB, Black","1.349,99 Lei",1349.99 Lei,,https://www.emag.ro/telefon-mobil-nothing-phone-3a-lite-8gb-ram-128gb-black-a10400247/pd/D5TBJR3BM/,https://s13emagst.akamaized.net/products/109453/109452377/images/res_273affaf07e8499e4db3f490b2412825.jpg?width=720&height=720&hash=5958A36638A954FF8456EA42DC066F86,6.77 inch,"Always-on display
Rata de reimprospatare de 120 Hz
1.07 miliarde de culori
3000 nits (peak)
387 PPI
Touch sampling rate: 1000 Hz",1080 x 2392,AMOLED,5000 mAh,Nu,,8 GB,128 GB,
"Telefon mobil Samsung Galaxy A56, 12GB RAM, 256GB, 5G, Awesome LightGray","2.279,00 Lei",2279.00 Lei,4.71(422),https://www.emag.ro/telefon-mobil-samsung-galaxy-a56-12gb-ram-256gb-5g-awesome-lightgray-sm-a56awslgy12gb/pd/DPVQ4K3BM/,https://s13emagst.akamaized.net/products/93866/93865284/images/res_6e1f65d72d08b6233935e3bed1be54a7.jpg?width=720&height=720&hash=9EB12053B2C801550AEB069494E05201,6.7 inch,"HDR10+
120 Hz
1200 nits (HBM)
1900 nits (peak)",1080 x 2340,Super AMOLED,5000 mAh,Nu,,12 GB,256 GB,
"Telefon mobil Apple iPhone 15, 512GB, 5G, Black","5.309,99 Lei",5309.99 Lei,4.66(575),https://www.emag.ro/telefon-mobil-apple-iphone-15-512gb-5g-black-mtpc3rx-a/pd/DMCH93YBM/,https://s13emagst.akamaized.net/products/60458/60457121/images/res_9e07439d21e460f9570cfe181e6280c2.jpg?width=720&height=720&hash=F305EF62487A655E79E8D31F77CAA5B6,6.1 inch,"True tone
Haptic touch
2,000,000:1 contrast ratio
HDR display
Wide color (P3)
Dynamic Island",2556 x 1179,Super Retina XDR,,Nu,Li-Ion,6 GB,512 GB,
"MINI TELEFON DUAL SIM CU RADIO FM SI BLUETOOTH ,BLEUMARIN","57,87 Lei",57.87 Lei,3.5(6),https://www.emag.ro/mini-telefon-dual-sim-cu-radio-fm-si-bluetooth-bleumarin-dfb0d6bbm/pd/DFB0D6BBM/,https://s13emagst.akamaized.net/products/21913/21912791/images/res_51a95a8b1daa32ebc198680de824c349.jpg?width=720&height=720&hash=847CC4E88747FC119982DA8E2E586B8A,0.66 inch,,,,350 mAh,,,32 MB,,
"Telefon mobil Apple iPhone 16 Pro Max, 512GB, 5G, Desert Titanium","6.999,99 Lei",6999.99 Lei,4.81(501),https://www.emag.ro/telefon-mobil-apple-iphone-16-pro-max-512gb-5g-desert-titanium-myx23zd-a/pd/D2267LYBM/,https://s13emagst.akamaized.net/products/76828/76827268/images/res_2e96db7aae423d09717a344bb22a43d2.jpg?width=720&height=720&hash=B94CCA141159617DAEEBC67CF72FF2BC,6.9 inch,"Always-on display
True tone
Haptic touch
2,000,000:1 contrast ratio
HDR display
Wide color (P3)
Dynamic Island
1000 nit luminozitate maxima (tipic); 1600 nit luminozitate maxima (HDR); 2000 nit luminozitate maxima (in aer liber)
Fingerprint-resistant",2868 x 1320,OLED,,Nu,Li-Ion,8 GB,512 GB,
"Telefon mobil Poco X7, 12GB RAM, 512GB, 5G, Silver","1.233,60 Lei",1233.60 Lei,4.33(9),https://www.emag.ro/telefon-mobil-poco-x7-12gb-ram-512gb-5g-silver-mzb0iq6eu/pd/DMK19GYBM/,https://s13emagst.akamaized.net/products/84480/84479836/images/res_992c35ad592bc3dfd94d5d532362701e.jpg?width=720&height=720&hash=41538BD646CFF994CDC1A6D96F949399,6.67 inch,"Dolby Vision
HDR10+
120 Hz
68B colors
1200 nits (HBM)
3000 nits (peak)",1220 x 2712,AMOLED,5110 mAh,Da,,12 GB,512 GB,
"Telefon mobil Nubia Redmagic 11 Pro 144Hz Gaming, 16GB RAM, 512GB ROM, Snapdragon 8 Elite Gen 5, 6.85"" AMOLED Full Screen, Dual-Sim, Nightfreeze","6.499,00 Lei",6499.00 Lei,,https://www.emag.ro/telefon-mobil-nubia-redmagic-11-pro-144hz-gaming-16gb-ram-512gb-rom-snapdragon-8-elite-gen-5-6-85-amoled-full-screen-dual-sim-nightfreeze-nx809j-16-512-blk/pd/DZ49983BM/,https://s13emagst.akamaized.net/products/112178/112177180/images/res_11e1ecd44128cca00e069fbf2fb1d955.jpg?width=720&height=720&hash=07E5A783C6A71FFC07ED19CF6D0A1987,6.85 inch,,2688 x 1216,AMOLED,,,,16 GB,512 GB,
"Telefon mobil Nothing Phone (3a), 256GB, 12GB RAM, 5G, Black","1.895,04 Lei",1895.04 Lei,4.91(43),https://www.emag.ro/telefon-mobil-nothing-phone-3a-256gb-12gb-ram-5g-black-a10400145/pd/DQ35JM3BM/,https://s13emagst.akamaized.net/products/87313/87312728/images/res_843fd0082ab70567a39ecc9a65cd0f56.jpg?width=720&height=720&hash=81C06E83AE8591CD5FA028B2DB1F110D,6.77 inch,"Always-on display
Rata de reimprospatare de 120 Hz
1.07 miliarde de culori
1300 nits
387 PPI
certificare HDR10+",1080 x 2392,AMOLED,5000 mAh,Nu,,12 GB,256 GB,
"Telefon mobil Xiaomi Redmi Note 14, 8GB RAM, 256GB, 5G, Lavender Purple","948,48 Lei",948.48 Lei,4.33(3),https://www.emag.ro/telefon-mobil-xiaomi-redmi-note-14-8gb-ram-256gb-5g-lavender-purple-xa-rdnt14lvpp2565g/pd/D0N19GYBM/,https://s13emagst.akamaized.net/products/84480/84479877/images/res_7189707e68392a3b52342ea956924630.jpg?width=720&height=720&hash=4DE89E8349E8902379EAEAD60EC9B4FB,6.67 inch,"120 Hz
2100 nits (peak)",2400 x 1080,AMOLED,5110 mAh,Nu,Li-Ion,8 GB,256 GB,MicroSDHC
"Telefon mobil Samsung Galaxy Z Flip7, 12GB RAM, 512GB, 5G, Coralred","de la 6.710,91 Lei",de la 6710.91 Lei,4.66(32),https://www.emag.ro/telefon-mobil-samsung-galaxy-z-flip7-12gb-ram-512gb-5g-coralred-sm-f766bzrheue/pd/D45WT93BM/,https://s13emagst.akamaized.net/products/99055/99054937/images/res_920a0ffbb58e139be95b54c733f0ee5d.jpg?width=720&height=720&hash=7CBC2DA40FA0CCAF52892570C7EB916A,"6.9 inch
4.1 inch","FHD+
60 Hz
120Hz
2600 nits (peak)","2520 x 1080
1048 x 948","Super AMOLED
Dynamic AMOLED",4300 mAh,,,12 GB,512 GB,
"Telefon mobil Maxcom MM815 Comfort, Dual SIM, Gray","175,98 Lei",175.98 Lei,5(1),https://www.emag.ro/telefon-mobil-maxcom-mm815-comfort-dual-sim-gray-mm815-gray/pd/DHK4J6YBM/,https://s13emagst.akamaized.net/products/82689/82688543/images/res_cd8a77461671edf5673ad9debaab269a.jpg?width=720&height=720&hash=49228BA24E52E729E1BF02124FA4AD74,2.4 inch,,240 x 320,,1000 mAh,,Li-Ion,32 MB,32 MB,
"Telefon mobil Gamakoo G25 Ultra, Dual SIM, 6GB RAM, 128GB, 5G, Auriu","702,09 Lei",702.09 Lei,3(6),https://www.emag.ro/telefon-mobil-gamakoo-g25-ultra-dual-sim-6gb-ram-128gb-5g-auriu-pixstone015/pd/DH7TM03BM/,https://s13emagst.akamaized.net/products/95160/95159347/images/res_de7b634ea91670ac1e7787dc831475c3.jpg?width=720&height=720&hash=CB49C6FC3B736EE480E78E6C50D964F0,6.8 inch,,,LCD,6800 mAh,Da,,6 GB,128 GB,MicroSD
Telefon mobil Redmi 15C Negru Miezul Nopții 8/256GB,"759,60 Lei",759.60 Lei,,https://www.emag.ro/telefon-mobil-redmi-15c-negru-miezul-noptii-8-256gb-6932554444884/pd/DSSNFJ3BM/,https://s13emagst.akamaized.net/products/101120/101119847/images/res_b9764d7ca316cb94c99c2d87bed1455f.jpg?width=720&height=720&hash=650020E4192B5CEDBA3670E9C5607B5A,,,,,,,,8 GB,256 GB,
"Telefon mobil Apple iPhone 14, 512GB, 5G, RED","4.000,01 Lei",4000.01 Lei,4.78(570),https://www.emag.ro/telefon-mobil-apple-iphone-14-512gb-5g-red-mpxg3rx-a/pd/DT7Y4LMBM/,https://s13emagst.akamaized.net/products/48592/48591195/images/res_9d9f7cfd3812beffad0e413f5803476b.jpg?width=720&height=720&hash=08EE0E28A2C1BFB4BF8FC173F45F02DF,6.1 inch,"True tone
Haptic touch
2,000,000:1 contrast ratio
800 nits (typ), 1200 nits (peak)
HDR display
Wide color (P3)",1170 x 2532,OLED,,,Li-Ion,6 GB,512 GB,
"Telefon mobil Xiaomi 14T, 12GB RAM, 512GB, 5G, Titan Gray","2.049,99 Lei",2049.99 Lei,4.49(179),https://www.emag.ro/telefon-mobil-xiaomi-14t-12gb-ram-512gb-5g-titan-gray-mzb0hfieu/pd/D24GQLYBM/,https://s13emagst.akamaized.net/products/77396/77395687/images/res_f2fe3b2224ea1ebbcb8b115768ef097f.jpg?width=720&height=720&hash=7B5DF2D8CF8DCE242C3956D362D50FE2,6.67 inch,"Dolby Vision
HDR10+
144 Hz
446 PPI
Luminozitate maxima: 4000 nits
Intensitate culoare: 12-bit",2712 x 1220,AMOLED,5000 mAh,Nu,,12 GB,512 GB,
"Telefon Mobil HMD 2660 FLIP, Dual Sim, VIOLET","326,70 Lei",326.70 Lei,,https://www.emag.ro/telefon-mobil-hmd-2660-flip-dual-sim-violet-6438409101266-1248210999/pd/D8Z8YN3BM/,https://s13emagst.akamaized.net/products/94287/94286342/images/res_15ec8142e6f38619d338ac3af6d18c7e.png?width=720&height=720&hash=8320EB3B1EC74633EA182AC64CD27404,2.8 inch,,,,,,,64 MB,128 MB,
"Telefon mobil Nothing Phone(2), 256GB, 12GB RAM, 5G, White","2.525,02 Lei",2525.02 Lei,4.64(106),https://www.emag.ro/telefon-mobil-nothing-phone-2-256gb-12gb-ram-5g-white-a10400028/pd/DYD22MYBM/,https://s13emagst.akamaized.net/products/58306/58305018/images/res_46690feff83cf96da53cb791f4c0cc1c.jpg?width=720&height=720&hash=2BAD8997B9D67CB8A7767FFFC7FF8C4D,6.7 inch,,2412 x 1080,OLED,4700 mAh,,,12 GB,256 GB,
"Telefon mobil Honor X5c Plus, 4GB RAM, 64GB, Midnight Black","459,98 Lei",459.98 Lei,,https://www.emag.ro/telefon-mobil-honor-x5c-plus-4gb-ram-64gb-midnight-black-5109byfd/pd/DLL5ZC3BM/,https://s13emagst.akamaized.net/products/105039/105038890/images/res_43556aa1e23454911d917ea76e2e257b.png?width=720&height=720&hash=75C532E60E6692AF258A2E902838F373,,,,,,,,4 GB,64 GB,
"Telefon mobil Samsung Galaxy A35, Dual SIM, 6GB, 128GB, 5G, Awesome Navy","1.350,01 Lei",1350.01 Lei,4.67(244),https://www.emag.ro/telefon-mobil-samsung-galaxy-a35-dual-sim-6gb-128gb-5g-awesome-navy-sm-a356bzkbeue/pd/DJY2YPYBM/,https://s13emagst.akamaized.net/products/68405/68404058/images/res_8645c41e200fa602ab66786703763b06.jpg?width=720&height=720&hash=7D3F5BA9F19D18A2B1BB6469B1CD04FB,6.6 inch,"16M adancime de culoare
Refresh rate 120Hz",1080 x 2340,Super AMOLED,5000 mAh,,,6 GB,128 GB,MicroSD
"Telefon mobil Apple iPhone 14, 512GB, 5G, Midnight","3.999,99 Lei",3999.99 Lei,4.78(570),https://www.emag.ro/telefon-mobil-apple-iphone-14-512gb-5g-midnight-mpww3rx-a/pd/D27Y4LMBM/,https://s13emagst.akamaized.net/products/48592/48591192/images/res_749904e2b5777dea6eb322cfb68742a1.jpg?width=720&height=720&hash=A31AEC0C4CD4D28F3C10772C8315D943,6.1 inch,"True tone
Haptic touch
2,000,000:1 contrast ratio
800 nits (typ), 1200 nits (peak)
HDR display
Wide color (P3)",1170 x 2532,OLED,,,Li-Ion,6 GB,512 GB,
"Telefon mobil Nothing Phone 3a Lite, 8GB RAM, 128GB, White","1.349,99 Lei",1349.99 Lei,,https://www.emag.ro/telefon-mobil-nothing-phone-3a-lite-8gb-ram-128gb-white-a10400248/pd/D6TBJR3BM/,https://s13emagst.akamaized.net/products/109453/109452378/images/res_f2efe8b8f8f54740837bc4d58d16f21a.jpg?width=720&height=720&hash=998DAE03904FC19A611F0C61DE70B5F8,6.77 inch,"Always-on display
Rata de reimprospatare de 120 Hz
1.07 miliarde de culori
3000 nits (peak)
387 PPI
Touch sampling rate: 1000 Hz",1080 x 2392,AMOLED,5000 mAh,Nu,,8 GB,128 GB,
"Telefon mobil Motorola Moto g54 Power Edition, 8GB RAM, 256GB, 5G, Pearl Blue","924,79 Lei",924.79 Lei,4.4(351),https://www.emag.ro/telefon-mobil-motorola-moto-g54-power-edition-8gb-ram-256gb-5g-pearl-blue-pb0w0015ro/pd/D3T2MZYBM/,https://s13emagst.akamaized.net/products/77610/77609619/images/res_567c20df145e6cbb2eade1a2845fa950.jpg?width=720&height=720&hash=090024A8D4711A687169402F32350338,6.5 inch,20:9 ratio,2400 x 1080,LCD,6000 mAh,,,8 GB,256 GB,
"Telefon mobil Vivo X300 Pro, 16GB RAM, 512GB, 5G, Phantom Black","7.850,01 Lei",7850.01 Lei,,https://www.emag.ro/telefon-mobil-vivo-x300-pro-16gb-ram-512gb-5g-phantom-black-vo-x300propb/pd/D97SK83BM/,https://s13emagst.akamaized.net/products/112001/112000875/images/res_3f1e9a5f09fba1818b9f59f361233f5e.jpg?width=720&height=720&hash=A4FCE98F743EA5A281F8CD5C6CE09E1D,6.78 inch,"Dolby Vision
HDR10+
120 Hz
1B colors
4500 nits (peak)
HDR Vivid
2160Hz PWM",1260 x 2800,"AMOLED
LTPO",5440 mAh,Nu,Li-Ion,16 GB,512 GB,
"Telefon mobil Samsung Galaxy Z Fold6, 12GB RAM, 256GB, 5G, Pink","6.225,99 Lei",6225.99 Lei,4.52(31),https://www.emag.ro/telefon-mobil-samsung-galaxy-z-fold6-12gb-ram-256gb-5g-pink-sm-f956blibeue/pd/D7XGVSYBM/,https://s13emagst.akamaized.net/products/73523/73522674/images/res_0e168106781ae16348f84c370a5ceebc.jpg?width=720&height=720&hash=9D5BAC0090162BFBAA4E151E8D240B60,"7.6 inch
6.3 inch","QXGA+
120Hz
2600nits","2160 x 1856
2376 x 968",Dynamic AMOLED,4400 mAh,,,12 GB,256 GB,
"Telefon mobil Samsung Galaxy Z Fold7, 12GB RAM, 512GB, 5G, Blue Shadow","9.425,42 Lei",9425.42 Lei,4.76(33),https://www.emag.ro/telefon-mobil-samsung-galaxy-z-fold7-12gb-ram-512gb-5g-blue-shadow-sm-f966bdbceue/pd/D15WT93BM/,https://s13emagst.akamaized.net/products/99055/99054941/images/res_729ea6e7cdb976522ac00d7a3766f37d.jpg?width=720&height=720&hash=1DDCCC9A751B519F3AE04226C7ED24F0,"8 inch
6.5 inch","FHD+
QXGA+
120Hz
2600nits","2520 x 1080
2184 x 1968",Dynamic AMOLED,4400 mAh,Nu,,12 GB,512 GB,
"Telefon mobil HONOR 400 Pro, Dual SIM, 12GB RAM, 512GB ROM, Midnight Black","2.676,51 Lei",2676.51 Lei,4.55(29),https://www.emag.ro/telefon-mobil-honor-400-pro-dual-sim-12gb-ram-512gb-rom-midnight-black-5109buss/pd/DPT4CN3BM/,https://s13emagst.akamaized.net/products/94814/94813450/images/res_74e7ddcaed041959ada23585ba9fba23.jpg?width=720&height=720&hash=3238545320F43667D42B5F486F9BF04B,6.7 inch,,1244 x 2700,AMOLED,5300 mAh,Nu,Li-Ion,12 GB,512 GB,
"Telefon mobil Apple iPhone 14, 256GB, 5G, Yellow","3.644,80 Lei",3644.80 Lei,4.78(570),https://www.emag.ro/telefon-mobil-apple-iphone-14-256gb-5g-yellow-mr3y3rx-a/pd/D3YTV6MBM/,https://s13emagst.akamaized.net/products/54108/54107250/images/res_af48fcbe74f3c7f51c5685066a84f0ff.jpg?width=720&height=720&hash=44A09A6D36542A6918AF797DCB71ABCA,6.1 inch,"True tone
Haptic touch
2,000,000:1 contrast ratio
800 nits (typ), 1200 nits (peak)
HDR display
Wide color (P3)",1170 x 2532,OLED,,Nu,Li-Ion,6 GB,256 GB,
"Telefon mobil Xiaomi 14T, 12GB RAM, 512GB, 5G, Titan Black","2.243,34 Lei",2243.34 Lei,4.49(179),https://www.emag.ro/telefon-mobil-xiaomi-14t-12gb-ram-512gb-5g-titan-black-mzb0hfueu/pd/DM4GQLYBM/,https://s13emagst.akamaized.net/products/77396/77395683/images/res_343f04b5dcdc620001a7b4d45407999f.jpg?width=720&height=720&hash=05D25B88C57829EE997FB48615588B23,6.67 inch,"Dolby Vision
HDR10+
144 Hz
446 PPI
Luminozitate maxima: 4000 nits
Intensitate culoare: 12-bit",2712 x 1220,AMOLED,5000 mAh,Nu,,12 GB,512 GB,
"Telefon mobil Motorola Moto G06, 64GB, DualSIM, 6,88"", 50MP, Pantone Tapestry","425,00 Lei",425.00 Lei,,https://www.emag.ro/telefon-mobil-motorola-moto-g06-64gb-dualsim-6-88-50mp-pantone-tapestry-pba20009ro/pd/DFL8M83BM/,https://s13emagst.akamaized.net/products/111804/111803406/images/res_75e34a1d066012cb01b1a318add53c4c.jpg?width=720&height=720&hash=B7D1922B0548C4CE614466E43064F6C2,6.88 inch,,,,,,,4 GB,64 GB,
"Telefon mobil Motorola Edge 50 Ultra, Dual SIM, 1TB, 16GB RAM, 5G, Forest Grey","3.151,33 Lei",3151.33 Lei,4.64(78),https://www.emag.ro/telefon-mobil-motorola-edge-50-ultra-dual-sim-1tb-16gb-ram-5g-forest-grey-pb0y0022pl/pd/DGPV5FYBM/,https://s13emagst.akamaized.net/products/71904/71903382/images/res_f9273d89e897e7ba9e58bb408d116bd7.jpg?width=720&height=720&hash=C366EC293B1EA3E6CAD204B9B9BA6CD1,6.7 inch,"HDR10+
446 PPI
Rata de reimprospatare de 144 Hz",2712 x 1220,OLED,4500 mAh,,,16 GB,1 TB,
"Telefon mobil Motorola Edge 50 Fusion, Dual SIM, 256GB, 8GB, 5G, Marshmallow Blue","949,99 Lei",949.99 Lei,4.65(251),https://www.emag.ro/telefon-mobil-motorola-edge-50-fusion-dual-sim-256gb-8gb-5g-marshmallow-blue-pb3t0046ro/pd/DRMCWN3BM/,https://s13emagst.akamaized.net/products/95113/95112148/images/res_5ce28acd473d848b8effcceccec7f26f.jpg?width=720&height=720&hash=A535FC74D0ECA774DF48AACD539E51D5,6.7 inch,"395 PPI
Rata de reimprospatare de 144 Hz",2400 x 1080,OLED,5000 mAh,Nu,,8 GB,256 GB,
"Telefon mobil Apple iPhone Air, 512GB, 5G, Space Black","6.839,99 Lei",6839.99 Lei,4.21(43),https://www.emag.ro/telefon-mobil-apple-iphone-air-512gb-5g-space-black-mg2q4zd-a/pd/DKF9FV3BM/,https://s13emagst.akamaized.net/products/102972/102971619/images/res_bef7f7eec4a491d64cb449d4fbf8d066.jpg?width=720&height=720&hash=5B02365853D344C8D323B2157B7DA8CC,6.5 inch,"Always-on display
HDR
True tone
Haptic touch
Wide color (P3)
Dynamic Island
Fingerprint-resistant
Tehnologie ProMotion - rata de refresh adaptiva pana la 120Hz
Anti-reflective coating",2736 x 1260,"OLED
Super Retina XDR",,Nu,Li-Ion,12 GB,512 GB,
"Telefon mobil Motorola Edge 50 Ultra, Dual SIM, 1TB, 16GB RAM, 5G, Peach Fuzz","3.499,31 Lei",3499.31 Lei,4.64(78),https://www.emag.ro/telefon-mobil-motorola-edge-50-ultra-dual-sim-1tb-16gb-ram-5g-peach-fuzz-pb0y0055pl/pd/DWPV5FYBM/,https://s13emagst.akamaized.net/products/71904/71903383/images/res_3c1b7f23f57d2d6fd49e70546bd51659.jpg?width=720&height=720&hash=5AD3E37E045822E5237C16E44007A463,6.7 inch,"HDR10+
446 PPI
Rata de reimprospatare de 144 Hz",2712 x 1220,OLED,4500 mAh,,,16 GB,1 TB,
"Telefon mobil Samsung Galaxy S25, Dual SIM, 12GB RAM, 512GB, 5G, Icyblue","4.576,99 Lei",4576.99 Lei,4.74(219),https://www.emag.ro/telefon-mobil-samsung-galaxy-s25-dual-sim-12gb-ram-512gb-5g-icyblue-sm-s931blbheue/pd/DFQVXGYBM/,https://s13emagst.akamaized.net/products/84446/84445744/images/res_40871abd81394ee68cc023dd9ec40b72.jpg?width=720&height=720&hash=62E3C437B11FCB0D114E5689FA2E53F9,6.2 inch,"Rata de refresh 120 Hz
2600nits",2340 x 1080,Dynamic AMOLED,4000 mAh,,,12 GB,512 GB,
"Telefon mobil Samsung Galaxy S24 FE, Dual SIM, 8GB RAM, 256GB, 5G, Yellow","2.949,99 Lei",2949.99 Lei,4.76(135),https://www.emag.ro/telefon-mobil-samsung-galaxy-s24-fe-dual-sim-8gb-ram-256gb-5g-yellow-sm-s721bzygeue/pd/DFJ1YZYBM/,https://s13emagst.akamaized.net/products/77658/77657956/images/res_bddab569791e78afb4e26cf6c63b898e.jpg?width=720&height=720&hash=74F7838DEEA1B7F4C6CBA1FA6BD25A42,6.7 inch,"16 milioane de culori
FHD+
Rata de refresh 120 Hz",1080 x 2340,Dynamic AMOLED,4700 mAh,Nu,,8 GB,256 GB,
"Telefon mobil HONOR X7d, Dual SIM, 6GB RAM, 128GB ROM, Velvet Black - Casti Honor Choice Earbuds X7e Active incluse","799,99 Lei",799.99 Lei,4.75(4),https://www.emag.ro/telefon-mobil-honor-x7d-dual-sim-6gb-ram-128gb-rom-velvet-black-casti-honor-choice-earbuds-x7e-active-incluse-5109bxpf-5504adcy/pd/D16LXS3BM/,https://s13emagst.akamaized.net/products/101996/101995634/images/res_ac4098513ab7fb27fbd816e587604d9b.jpg?width=720&height=720&hash=A0DD02B304C06ACE4E185B833B322ED7,6.77 inch,"120 Hz
700 nits",1610 x 720,LCD,6500 mAh,Nu,,6 GB,128 GB,
"Telefon mobil HONOR Magic7 Lite, Dual SIM, 8GB RAM, 256GB, Titanium Black","1.370,97 Lei",1370.97 Lei,4.33(67),https://www.emag.ro/telefon-mobil-honor-magic7-lite-dual-sim-8gb-ram-256gb-titanium-black-5109bmfw/pd/DLB5HB3BM/,https://s13emagst.akamaized.net/products/82450/82449657/images/res_43584b129f05e0ec6f1774c586f5947e.jpg?width=720&height=720&hash=4B9F010E8B842CB18C516ACBC2F971DE,6.78 inch,"437 PPI
Rata de refresh 120 Hz",2700 x 1224,AMOLED,6600 mAh,Nu,,8 GB,256 GB,
"Telefon mobil Samsung Galaxy S24 FE, Dual SIM, 8GB RAM, 128GB, 5G, Mint","2.284,50 Lei",2284.50 Lei,4.76(135),https://www.emag.ro/telefon-mobil-samsung-galaxy-s24-fe-dual-sim-8gb-ram-128gb-5g-mint-sm-s721blgdeue/pd/DNJ1YZYBM/,https://s13emagst.akamaized.net/products/77658/77657954/images/res_862f1b42fc8ac10117f728aa995c5730.jpg?width=720&height=720&hash=47ABAF7CF1AEF0483018E93FD2E2CDC5,6.7 inch,"16 milioane de culori
FHD+
Rata de refresh 120 Hz",1080 x 2340,Dynamic AMOLED,4700 mAh,,,8 GB,128 GB,
"Telefon mobil Motorola edge 60 pro, 8GB RAM, 256GB, PANTONE Sparkling Grape","1.599,99 Lei",1599.99 Lei,4.63(41),https://www.emag.ro/telefon-mobil-motorola-edge-60-pro-8gb-ram-256gb-pantone-sparkling-grape-pb7x0087ro/pd/DBDJB13BM/,https://s13emagst.akamaized.net/products/94569/94568635/images/res_fd2a6a1badec926c9da859455d704965.jpg?width=720&height=720&hash=A8341FDE674D0E6C28E70BB70F60885B,6.67 inch,"446 PPI
Rata de reimprospatare de 120 Hz
4500 nits (peak)
Rata de raspuns la atingere 300 Hz (modul joc)",2712 x 1220,OLED,6000 mAh,Nu,Li-Ion,8 GB,256 GB,
"Telefon mobil Apple iPhone 16 Pro Max, 1TB, 5G, Natural Titanium","8.933,99 Lei",8933.99 Lei,4.81(501),https://www.emag.ro/telefon-mobil-apple-iphone-16-pro-max-1tb-5g-natural-titanium-myx73zd-a/pd/DN267LYBM/,https://s13emagst.akamaized.net/products/76828/76827269/images/res_dedc3059c7fafbc0c53a213406db03b5.jpg?width=720&height=720&hash=C399518E3CB3013E5904C114CA3C20D0,6.9 inch,"Always-on display
True tone
Haptic touch
2,000,000:1 contrast ratio
HDR display
Wide color (P3)
Dynamic Island
1000 nit luminozitate maxima (tipic); 1600 nit luminozitate maxima (HDR); 2000 nit luminozitate maxima (in aer liber)
Fingerprint-resistant",2868 x 1320,OLED,,Nu,Li-Ion,8 GB,1 TB,
"Telefon mobil pentru seniori, cu meniul in limba Romana, Stand pentru incarcare, taste mari, buton SOS, micro SIM, retea 4G, Functie Apelare rapida, Lanterna","220,00 Lei",220.00 Lei,,https://www.emag.ro/telefon-mobil-pentru-seniori-cu-meniul-in-limba-romana-stand-pentru-incarcare-taste-mari-buton-sos-micro-sim-retea-4g-functie-apelare-rapida-lanterna-telefon-c1-stand/pd/DBY7PGYBM/?ref=smart-history-ml_1_1&provider=rec&recid=rec_4_5e9759dcfd5288bf9a71d8396280e757e1b53ada38180bc2f1ca11e3136e9b5f_1767471915&scenario_ID=4,https://s13emagst.akamaized.net/products/84403/84402770/images/res_e76eb0344d7d0d953d720280a6767e39.png?width=300&height=300&hash=2D6F5B727B52C2C35DBA622E794D5690,1.77 inch,,,,1800 mAh,Da,,128 MB,48 MB,MicroSD
"Telefon mobil pentru seniori, cu meniul in limba Romana, taste mari, buton SOS, micro SIM, retea 4G, Functie Apelare Rapida, Bluetooth, Radio, Camera, Lanterna","237,00 Lei",237.00 Lei,4.94(1173),https://www.emag.ro/telefon-mobil-pentru-seniori-cu-meniul-in-limba-romana-taste-mari-buton-sos-micro-sim-retea-4g-functie-apelare-rapida-bluetooth-radio-camera-lanterna-telefon-c1-4g/pd/D4QJLRYBM/?ref=smart-history-ml_1_2&provider=rec&recid=rec_4_5e9759dcfd5288bf9a71d8396280e757e1b53ada38180bc2f1ca11e3136e9b5f_1767471915&scenario_ID=4,https://s13emagst.akamaized.net/products/80989/80988077/images/res_8fa578c970729c85d4d0cfcf6f7c4820.png?width=300&height=300&hash=33CF461B6567607B94367D82BA50A67B,1.77 inch,,,LCD,1800 mAh,Da,Li-Ion,128 MB,48 MB,MicroSD
"Telefon mobil pentru seniori, cu meniul in limba Romana, Stand pentru incarcare, taste mari, buton SOS, Dual SIM, Retea 4G, Baterie 1800 mAh, Functie Apelare Rapida, Usor de folosit pentru varstnici, pensionari si bunici, Lanterna, Diagonala ecran 6.1 cm","249,99 Lei",249.99 Lei,4.96(604),https://www.emag.ro/telefon-mobil-pentru-seniori-cu-meniul-in-limba-romana-stand-pentru-incarcare-taste-mari-buton-sos-dual-sim-retea-4g-baterie-1800-mah-functie-apelare-rapida-usor-de-folosit-pentru-varstnici-pensionari/pd/DTWK8GYBM/?ref=smart-history-ml_1_3&provider=rec&recid=rec_4_5e9759dcfd5288bf9a71d8396280e757e1b53ada38180bc2f1ca11e3136e9b5f_1767471915&scenario_ID=4,https://s13emagst.akamaized.net/products/84884/84883184/images/res_3eaf1c1278820a611548b9397654c266.png?width=300&height=300&hash=0B0D1EBE3840DFDCD35B67F0A133819C,2.4 inch,,,LCD,1800 mAh,Da,Li-Ion,128 MB,48 MB,MicroSD
"Telefon mobil cu clapeta pentru seniori, meniu in limba Romana, Display dublu, Stand incarcare, Retea 4G, Taste mari, Buton SOS, Micro SIM, Baterie 1300 mAh, usor de folosit pentru varstnici, pensionari si bunici, Functie Apelare Rapida, Ecran 6.1 cm","240,00 Lei",240.00 Lei,4.97(31),https://www.emag.ro/telefon-mobil-cu-clapeta-pentru-seniori-meniu-in-limba-romana-display-dublu-stand-incarcare-retea-4g-taste-mari-buton-sos-micro-sim-baterie-1300-mah-usor-de-folosit-pentru-varstnici-pensionari-si-buni/pd/DDPVLM3BM/?ref=smart-history-ml_1_4&provider=rec&recid=rec_4_5e9759dcfd5288bf9a71d8396280e757e1b53ada38180bc2f1ca11e3136e9b5f_1767471915&scenario_ID=4,https://s13emagst.akamaized.net/products/87455/87454261/images/res_2184472f5b106e0902e4d4c38a009d73.png?width=300&height=300&hash=4C50457F93B3235DE45529F61E5EBBCB,,,,,,Da,,128 MB,64 MB,
"Telefon Mobil pentru Seniori cu Taste Mari, 4G, Meniu in Limba Romana, Volum Puternic Reglabil, Buton SOS, One Sim, Ecran LCD Generos, Color, Autonomie 7 Zile, Usor de Folosit pentru Varstnici, Pensionari si Bunici, Lanterna, Radio, Bluetooth, Albastru","328,99 Lei",328.99 Lei,4.68(40),https://www.emag.ro/telefon-mobil-pentru-seniori-cu-taste-mari-4g-meniu-in-limba-romana-volum-puternic-reglabil-buton-sos-one-sim-ecran-lcd-generos-color-autonomie-7-zile-usor-de-folosit-pentru-varstnici-pensionari-si-bu/pd/DDVZT8YBM/?ref=smart-history-ml_1_5&provider=rec&recid=rec_4_5e9759dcfd5288bf9a71d8396280e757e1b53ada38180bc2f1ca11e3136e9b5f_1767471915&scenario_ID=4,https://s13emagst.akamaized.net/products/83348/83347133/images/res_f4546a5a3e32acdcaea2dcbe387baace.jpg?width=300&height=300&hash=7E4D8164F79B4DF147671E6A7BA471F1,1.77 inch,,128 x 160,LCD,1000 mAh,,Li-Ion,48 MB,128 GB,SD
"Telefon mobil pentru seniori, dual SIM, color, taste mari, meniu in limba Romana, buton SOS, Bluetooth, lanterna, radio, negru","180,00 Lei",180.00 Lei,4.77(325),https://www.emag.ro/telefon-mobil-pentru-seniori-dual-sim-color-taste-mari-meniu-in-limba-romana-buton-sos-bluetooth-lanterna-radio-negru-telefon-cs181/pd/DXLPBQMBM/?ref=smart-history-ml_1_6&provider=rec&recid=rec_4_5e9759dcfd5288bf9a71d8396280e757e1b53ada38180bc2f1ca11e3136e9b5f_1767471915&scenario_ID=4,https://s13emagst.akamaized.net/products/50806/50805851/images/res_65d5ec35caa79fb4820b8544da0c3a3a.png?width=300&height=300&hash=52A6B5DA9219E5124081D6E6AEB02844,1.8 inch,,,,800 mAh,Da,BL-5C,32 MB,24 MB,SD
"Telefon mobil realme 14pro, Dual SIM, 12GB RAM, 512GB, 5G negru","1.317,69 Lei",1317.69 Lei,,https://www.emag.ro/telefon-mobil-realme-14pro-dual-sim-12gb-ram-512gb-5g-negru-14pro-12-512-black/pd/D12SJR3BM/,https://s13emagst.akamaized.net/products/109268/109267662/images/res_35e3b768792fb62ab0eba1ffb0d511d4.jpg?width=720&height=720&hash=2B02A12345F8476007E2343F60F73063,6.7 inch,120 Hz,1080 x 2400,AMOLED,6000 mAh,Da,Li-Po,12 GB,512 GB,MicroSD
"Telefon mobil Google Pixel 7, 6.3"", Dual SIM, 256GB, 8GB RAM, 5G, Obsidian Black","1.420,00 Lei",1420.00 Lei,4.32(79),https://www.emag.ro/telefon-mobil-google-pixel-7-6-3-dual-sim-256gb-8gb-ram-5g-obsidian-black-ggl-pxl7bk-5g-8-256/pd/DNR6KQMBM/,https://s13emagst.akamaized.net/products/51059/51058714/images/res_7fb325cc2b1fbf4c29a9476116c036bc.jpg?width=720&height=720&hash=E125E947C25EC46F49C3553580A3BA00,6.3 inch,,1080 x 2400,AMOLED,4300 mAh,,Li-Ion,8 GB,256 GB,
"Telefon mobil Samsung Galaxy S22 Plus, Dual SIM, 256GB, 8GB RAM, 5G, Green","5.399,99 Lei",5399.99 Lei,4.42(57),https://www.emag.ro/telefon-mobil-samsung-galaxy-s22-plus-dual-sim-256gb-8gb-ram-5g-green-sm-s906bzggeue/pd/DCZ01FMBM/,https://s13emagst.akamaized.net/products/43178/43177471/images/res_51f6784afd2d8c34590a7266e09f6bdf.jpg?width=720&height=720&hash=C015DFA8BF5F13D5A51C716952791409,6.6 inch,120 Hz,2340 x 1080,Dynamic AMOLED,4500 mAh,,,8 GB,256 GB,
"Telefon mobil Apple iPhone 15 Pro Max, 256GB, 5G, Black Titanium","6.857,99 Lei",6857.99 Lei,4.66(573),https://www.emag.ro/telefon-mobil-apple-iphone-15-pro-max-256gb-5g-black-titanium-mu773rx-a/pd/DKLH93YBM/,https://s13emagst.akamaized.net/products/60458/60457151/images/res_44ffbf30efb9dcbd1501e316af596edb.jpg?width=720&height=720&hash=F8B9B844788445D1E92A240F213B0D64,6.7 inch,"Always-on display
True tone
Haptic touch
Wide color (P3)
Dynamic Island
1000 nit luminozitate maxima (tipic); 1600 nit luminozitate maxima (HDR); 2000 nit luminozitate maxima (in aer liber)",1290 x 2796,OLED,,Nu,Li-Ion,8 GB,256 GB,
"Telefon mobil Apple iPhone 15 Plus, 512GB, 5G, Blue","5.351,33 Lei",5351.33 Lei,4.82(153),https://www.emag.ro/telefon-mobil-apple-iphone-15-plus-512gb-5g-blue-mu1p3rx-a/pd/D4CH93YBM/,https://s13emagst.akamaized.net/products/60458/60457139/images/res_40465a8a7f9960c96c98670cba5cae1f.jpg?width=720&height=720&hash=85EB517A39D387BC53AE611A27D81B76,6.7 inch,"True tone
Haptic touch
2,000,000:1 contrast ratio
HDR display
Wide color (P3)
Dynamic Island",2796 x 1290,Super Retina XDR,,Nu,Li-Ion,6 GB,512 GB,
"Telefon mobil Samsung Galaxy A36, Dual SIM, 8GB RAM, 128GB, 5G, Awesome Lavender","1.300,00 Lei",1300.00 Lei,4.65(99),https://www.emag.ro/telefon-mobil-samsung-galaxy-a36-dual-sim-8gb-ram-128gb-5g-awesome-lavender-sm-a366elvdcac/pd/DKTSS03BM/,https://s13emagst.akamaized.net/products/95646/95645670/images/res_530c06a9b49a1c2a5d7ac3ba062242c6.jpg?width=720&height=720&hash=305CAB339CF750EA8095EDE6D1C27CAE,6.7 inch,"120 Hz
1200 nits (HBM)",1080 x 2340,Super AMOLED,5000 mAh,Nu,,8 GB,128 GB,NM
"Telefon mobil Motorola Moto g86, 8GB RAM, 256GB, 5G, Chrysanthemum","999,99 Lei",999.99 Lei,4.83(24),https://www.emag.ro/telefon-mobil-motorola-moto-g86-8gb-ram-256gb-5g-chrysanthemum-pb7l0110pl/pd/DKZ3VH3BM/,https://s13emagst.akamaized.net/products/96586/96585995/images/res_9c3822ece7760597aee3b9bad6fd6957.jpg?width=720&height=720&hash=1E943EAB9EFE5BA49AB9F4C18D9AD317,6.67 inch,"446 PPI
Rata de reimprospatare de 120 Hz",2712 x 1220,OLED,5200 mAh,Nu,,8 GB,256 GB,
"Telefon mobil OPPO Reno13, Dual SIM, 12GB RAM, 256GB, 5G, Plume White","1.799,99 Lei",1799.99 Lei,4.38(13),https://www.emag.ro/telefon-mobil-oppo-reno13-dual-sim-12gb-ram-256gb-5g-plume-white-cph2689pw/pd/DMWVYB3BM/,https://s13emagst.akamaized.net/products/85966/85965264/images/res_6caddff9554bef8db0bf2127250e75bb.jpg?width=720&height=720&hash=EBA77FE7C89D98371AD07692FDB628A1,6.59 inch,"120 Hz
460 PPI",1256 x 2760,AMOLED,5600 mAh,,,12 GB,256 GB,
"Telefon mobil Samsung Galaxy A55, Dual SIM, 8GB, 128GB, 5G, Awesome Iceblue","1.950,60 Lei",1950.60 Lei,4.68(1033),https://www.emag.ro/telefon-mobil-samsung-galaxy-a55-dual-sim-8gb-128gb-5g-awesome-iceblue-sm-a556blbaeue/pd/DQY2YPYBM/,https://s13emagst.akamaized.net/products/68405/68404066/images/res_5a089ae6214a3cf8b6739a9bfedd73f7.jpg?width=720&height=720&hash=1A3277515AF5CAA9ED271594DB10A0DD,6.6 inch,"16M adancime de culoare
Refresh rate 120Hz",1080 x 2340,Super AMOLED,5000 mAh,,,8 GB,128 GB,MicroSD
"Telefon mobil Apple iPhone 16 Plus, 128GB, 5G, Teal","3.993,00 Lei",3993.00 Lei,4.83(64),https://www.emag.ro/telefon-mobil-apple-iphone-16-plus-128gb-5g-teal-mxvy3zd-a/pd/DB367LYBM/,https://s13emagst.akamaized.net/products/76828/76827238/images/res_c7626b9e3cd920789e75ea3730db2653.jpg?width=720&height=720&hash=D7D4D52E9FF8FBD6D043385B504D5708,6.7 inch,"True tone
Haptic touch
HDR display
Wide color (P3)
Dynamic Island
1000 nit luminozitate maxima (tipic); 1600 nit luminozitate maxima (HDR); 2000 nit luminozitate maxima (in aer liber)
Fingerprint-resistant",2796 x 1290,OLED,,Nu,Li-Ion,8 GB,128 GB,
"Telefon mobil OPPO Reno14 F, Dual SIM, 8GB RAM, 256GB, 5G, Opal Blue","1.799,99 Lei",1799.99 Lei,4.78(9),https://www.emag.ro/telefon-mobil-oppo-reno14-f-dual-sim-8gb-ram-256gb-5g-opal-blue-cph2743fob/pd/DB7VCJ3BM/,https://s13emagst.akamaized.net/products/101278/101277062/images/res_dfb301374308181d03780602ab2c4f6e.jpg?width=720&height=720&hash=CEED06DE2818503A3446176B039F1D92,6.57 inch,"397 PPI
120 Hz",2372 x 1080,AMOLED,6000 mAh,Nu,Li-Ion,8 GB,256 GB,
"Telefon mobil Samsung Galaxy A35, Dual SIM, 8GB, 256GB, 5G, Awesome Navy","1.599,00 Lei",1599.00 Lei,4.67(244),https://www.emag.ro/telefon-mobil-samsung-galaxy-a35-dual-sim-8gb-256gb-5g-awesome-navy-sm-a356bzkgeue/pd/DCY2YPYBM/,https://s13emagst.akamaized.net/products/68405/68404058/images/res_8645c41e200fa602ab66786703763b06.jpg?width=720&height=720&hash=7D3F5BA9F19D18A2B1BB6469B1CD04FB,6.6 inch,"16M adancime de culoare
Refresh rate 120Hz",1080 x 2340,Super AMOLED,5000 mAh,,,8 GB,256 GB,MicroSD
"Telefon mobil Samsung Galaxy A36, 12GB RAM, 256GB, 5G, Awesome White","1.799,00 Lei",1799.00 Lei,4.65(99),https://www.emag.ro/telefon-mobil-samsung-galaxy-a36-12gb-ram-256gb-5g-awesome-white-sm-gxa36awwh12gb/pd/D7FK5N3BM/,https://s13emagst.akamaized.net/products/94982/94981866/images/res_c75b722e9ff8cc6b3e982bf1bd71ac2c.jpg?width=720&height=720&hash=610BEDBB4B1882BC01A58844431E164E,6.7 inch,"120 Hz
1200 nits (HBM)
1900 nits (peak)",1080 x 2340,Super AMOLED,5000 mAh,Nu,,12 GB,256 GB,
"Telefon mobil OPPO Reno14 F, Dual SIM, 8GB RAM, 256GB, 5G, Luminous Green","1.799,99 Lei",1799.99 Lei,4.78(9),https://www.emag.ro/telefon-mobil-oppo-reno14-f-dual-sim-8gb-ram-256gb-5g-luminous-green-cph2743flg/pd/D82VCJ3BM/,https://s13emagst.akamaized.net/products/101278/101277059/images/res_2b7d3fb6f9ed343879d63a5159dfdcf7.jpg?width=720&height=720&hash=23390928DF6A87B0DE480FF668411C6B,6.57 inch,"397 PPI
120 Hz",2372 x 1080,AMOLED,6000 mAh,Nu,Li-Ion,8 GB,256 GB,
"Telefon mobil Samsung Galaxy S24 FE, Dual SIM, 8GB RAM, 256GB, 5G, Mint","2.668,05 Lei",2668.05 Lei,4.76(135),https://www.emag.ro/telefon-mobil-samsung-galaxy-s24-fe-dual-sim-8gb-ram-256gb-5g-mint-sm-s721blggeue/pd/DXJ1YZYBM/,https://s13emagst.akamaized.net/products/77658/77657954/images/res_862f1b42fc8ac10117f728aa995c5730.jpg?width=720&height=720&hash=47ABAF7CF1AEF0483018E93FD2E2CDC5,6.7 inch,"16 milioane de culori
FHD+
Rata de refresh 120 Hz",1080 x 2340,Dynamic AMOLED,4700 mAh,Nu,,8 GB,256 GB,
"Telefon mobil Nothing Phone (3a) Pro, 256GB, 12GB RAM, 5G, Black","2.249,99 Lei",2249.99 Lei,4.88(41),https://www.emag.ro/telefon-mobil-nothing-phone-3a-pro-256gb-12gb-ram-5g-black-a10400166/pd/D635JM3BM/,https://s13emagst.akamaized.net/products/87313/87312736/images/res_06a9b61e9e7b9366894f89dc9d5618fe.jpg?width=720&height=720&hash=84AF22B01FBE13071947B53D62A066CB,6.77 inch,"Always-on display
Rata de reimprospatare de 120 Hz
1.07 miliarde de culori
1300 nits
387 PPI
certificare HDR10+",1080 x 2392,AMOLED,5000 mAh,Nu,,12 GB,256 GB,
"Telefon mobil Motorola Moto g84, Dual SIM, 256GB, 8GB RAM, 5G, Midnight Blue","929,99 Lei",929.99 Lei,4.62(244),https://www.emag.ro/telefon-mobil-motorola-moto-g84-dual-sim-256gb-8gb-ram-5g-midnight-blue-paym0041pl/pd/DDT2MZYBM/,https://s13emagst.akamaized.net/products/60454/60453339/images/res_ec22ee0643504ac8e2bbed51709a92c1.jpg?width=720&height=720&hash=710A155D76850130DE7931E7A1256F75,6.5 inch,402 ppi,2400 x 1080,OLED,5000 mAh,Nu,,8 GB,256 GB,
"Telefon mobil Motorola Edge 40 Neo, Dual SIM, 256GB, 12GB RAM, 5G, Caneel Bay","1.198,99 Lei",1198.99 Lei,4.46(267),https://www.emag.ro/telefon-mobil-motorola-edge-40-neo-dual-sim-256gb-12gb-ram-5g-caneel-bay-payh0038pl/pd/DCLT93YBM/,https://s13emagst.akamaized.net/products/60454/60453337/images/res_d74cff0bee32b15f3976d7c5949b582b.jpg?width=720&height=720&hash=00EA364E176B24669D1D38448615286E,6.55 inch,402 ppi,2400 x 1080,OLED,5000 mAh,,,12 GB,256 GB,
"Telefon mobil Poco F8 Pro, 12GB RAM, 512GB, 5G, Titanium Silver","6.027,69 Lei",6027.69 Lei,,https://www.emag.ro/telefon-mobil-poco-f8-pro-12gb-ram-512gb-5g-titanium-silver-pc-f8pro512ts/pd/DDWJK83BM/,https://s13emagst.akamaized.net/products/112001/112000532/images/res_698fbf0c396a4f7ce72bec7270113b1d.jpg?width=720&height=720&hash=C1A49559892DD2ED4076C1EF12A3B59C,6.59 inch,"Dolby Vision
HDR10+
120 Hz
68B colors
2000 nits (HBM)
3500 nits peak",1156 x 2510,AMOLED,6210 mAh,Nu,,12 GB,512 GB,
"Telefon mobil Samsung Galaxy S25, Dual SIM, 12GB RAM, 128GB, 5G, Blueblack","3.149,99 Lei",3149.99 Lei,4.74(219),https://www.emag.ro/telefon-mobil-samsung-galaxy-s25-dual-sim-12gb-ram-128gb-5g-blueblack-sm-s931bzkdeue/pd/D1JW5X3BM/,https://s13emagst.akamaized.net/products/98698/98697141/images/res_8db6c01f983a71d58f56face675fa288.jpg?width=720&height=720&hash=F862FA57D7DC5FBA55FEB54B710181BB,6.2 inch,"Rata de refresh 120 Hz
2600nits",2340 x 1080,Dynamic AMOLED,4000 mAh,Nu,,12 GB,128 GB,
"Telefon mobil Apple iPhone 15 Pro Max, 512GB, 5G, Black Titanium","9.247,86 Lei",9247.86 Lei,4.66(573),https://www.emag.ro/telefon-mobil-apple-iphone-15-pro-max-512gb-5g-black-titanium-mu7c3rx-a/pd/DPLH93YBM/,https://s13emagst.akamaized.net/products/60458/60457151/images/res_44ffbf30efb9dcbd1501e316af596edb.jpg?width=720&height=720&hash=F8B9B844788445D1E92A240F213B0D64,6.7 inch,"Always-on display
True tone
Haptic touch
Wide color (P3)
Dynamic Island
1000 nit luminozitate maxima (tipic); 1600 nit luminozitate maxima (HDR); 2000 nit luminozitate maxima (in aer liber)",1290 x 2796,OLED,,Nu,Li-Ion,8 GB,512 GB,
"Smartphone HONOR Magic V5, 16GB, 512GB, Dawn Gold","17.369,39 Lei",17369.39 Lei,,https://www.emag.ro/smartphone-honor-magic-v5-16gb-512gb-dawn-gold-kxg0276109/pd/D5H0B13BM/,https://s13emagst.akamaized.net/products/107139/107138413/images/res_ebc781155fd452d4fb3cba99b766e938.jpg?width=720&height=720&hash=91CB2A8957B2AB76A6C50E6560C664B8,7.95 inch,,2172 x 2352,AMOLED,5820 mAh,,Li-Po,16 GB,512 GB,
"Telefon mobil Nokia 230 (2024), 2.8"", Dual SIM Black","399,00 Lei",399.00 Lei,4.63(16),https://www.emag.ro/telefon-mobil-nokia-230-2024-2-8-dual-sim-black-286952920/pd/DW5CJFYBM/,https://s13emagst.akamaized.net/products/71608/71607829/images/res_c55b771a2b9085e1ef20627eeda6e3a8.jpg?width=720&height=720&hash=1D310DE921B120BEAD7AA522AEFEF89C,2.8 inch,,,TFT,1450 mAh,,Li-Ion,8 MB,16 MB,
"Telefon mobil Samsung Galaxy Z Flip6, 12GB RAM, 256GB, 5G, Blue","3.987,49 Lei",3987.49 Lei,4.07(58),https://www.emag.ro/telefon-mobil-samsung-galaxy-z-flip6-12gb-ram-256gb-5g-blue-sm-f741blbgeue/pd/DGPGVSYBM/,https://s13emagst.akamaized.net/products/73523/73522667/images/res_6543df054629b29753cb8bd93c6c1a81.jpg?width=720&height=720&hash=3315FEDABDC9953ACEB3845499A90DB5,"6.7 inch
3.4 inch","FHD+
60 Hz
120Hz
1600nits","2640 x 1080
748 x 720","Super AMOLED
Dynamic AMOLED",4000 mAh,,,12 GB,256 GB,
"Telefon mobil Apple iPhone 16 Pro Max, 256GB, 5G, Desert Titanium","7.299,99 Lei",7299.99 Lei,4.81(501),https://www.emag.ro/telefon-mobil-apple-iphone-16-pro-max-256gb-5g-desert-titanium-mywx3zd-a/pd/DW367LYBM/,https://s13emagst.akamaized.net/products/76828/76827268/images/res_2e96db7aae423d09717a344bb22a43d2.jpg?width=720&height=720&hash=B94CCA141159617DAEEBC67CF72FF2BC,6.9 inch,"Always-on display
True tone
Haptic touch
2,000,000:1 contrast ratio
HDR display
Wide color (P3)
Dynamic Island
1000 nit luminozitate maxima (tipic); 1600 nit luminozitate maxima (HDR); 2000 nit luminozitate maxima (in aer liber)
Fingerprint-resistant",2868 x 1320,OLED,,Nu,Li-Ion,8 GB,256 GB,
"Telefon mobil Huawei Mate X6, Dual SIM, 12GB RAM, 512GB, Red","5.999,99 Lei",5999.99 Lei,4.6(5),https://www.emag.ro/telefon-mobil-huawei-mate-x6-dual-sim-12gb-ram-512gb-red-51098dmb/pd/DY6TY8YBM/,https://s13emagst.akamaized.net/products/83185/83184038/images/res_9481c6b4b38c7e33caacbbd5ff184145.jpg?width=720&height=720&hash=EF509F32BCCD2DD2803D5A4293C18AFC,"6.45 inch
7.93 inch","Adaptiv 120 Hz (1-120 Hz)
417 PPI","2440 x 2240
2440 x 1080",OLED,5110 mAh,,,12 GB,512 GB,
"Telefon Mobil Panasonic KX-TU155 EXCN Single SIM, 2G, pentru seniori, buton SOS, Albastru","264,87 Lei",264.87 Lei,4.4(15),https://www.emag.ro/telefon-mobil-panasonic-kx-tu155-excn-single-sim-2g-pentru-seniori-buton-sos-albastru-kx-tu155excn/pd/DNC2LLMBM/,https://s13emagst.akamaized.net/products/48654/48653176/images/res_f5cb945d81a837c06bb71298b3a4c1e7.jpg?width=720&height=720&hash=835AE1F05DC2A7E19CE14DED83FD02ED,2.4 inch,,,,,,,32 MB,32 MB,
"Telefon mobil Samsung Galaxy A17, Dual SIM, 8GB RAM, 256GB, 5G, Gray","1.125,00 Lei",1125.00 Lei,4.86(14),https://www.emag.ro/telefon-mobil-samsung-galaxy-a17-dual-sim-8gb-ram-256gb-5g-gray-sm-a176bzadeue/pd/DH57K93BM/,https://s13emagst.akamaized.net/products/99061/99060699/images/res_164895fed2ebc6cf4557b9b58e5ace1d.jpg?width=720&height=720&hash=9A62D2B3CCD80CDFEC1027D325F55195,6.7 inch,"16 milioane de culori
Rata de reimprospatare de 90 Hz",1080 x 2340,Super AMOLED,5000 mAh,Nu,,8 GB,256 GB,
"Telefon mobil Vivo X300 Pro, Dual Sim, 5G, 16GB/512GB, Brown","7.850,01 Lei",7850.01 Lei,5(1),https://www.emag.ro/telefon-mobil-vivo-x300-pro-dual-sim-5g-16gb-512gb-brown-5671344/pd/D7Q5K83BM/,https://s13emagst.akamaized.net/products/112011/112010104/images/res_545e6fe7245651a077aa27768236a340.jpg?width=720&height=720&hash=FA0FE172483678CBFDD49390AD66D8E9,,,,,,,,16 GB,512 GB,
"Telefon mobil Apple iPhone 16 Pro, 512GB, 5G, Desert Titanium","7.989,99 Lei",7989.99 Lei,4.69(466),https://www.emag.ro/telefon-mobil-apple-iphone-16-pro-512gb-5g-desert-titanium-mynp3zd-a/pd/DL367LYBM/,https://s13emagst.akamaized.net/products/76828/76827249/images/res_43264b7008b32c46f8138d48f1b964c1.jpg?width=720&height=720&hash=1C1A9198FDF45E7F469617B8F54C1C73,6.3 inch,"Always-on display
True tone
Haptic touch
2,000,000:1 contrast ratio
HDR display
Wide color (P3)
Dynamic Island
1000 nit luminozitate maxima (tipic); 1600 nit luminozitate maxima (HDR); 2000 nit luminozitate maxima (in aer liber)
Fingerprint-resistant",2622 x 1206,OLED,,Nu,Li-Ion,8 GB,512 GB,
"Telefon mobil realme GT 8 Pro, 512GB, 16GB RAM, 5G, Diary White","4.499,99 Lei",4499.99 Lei,1(1),https://www.emag.ro/telefon-mobil-realme-gt-8-pro-512gb-16gb-ram-5g-diary-white-631002004348/pd/DBS3ZL3BM/,https://s13emagst.akamaized.net/products/105941/105940206/images/res_7e795b5b696c1ee82ab91336b6e93437.jpg?width=720&height=720&hash=08BB403AAF04904BB15D75F4F75EEF48,6.78 inch,"Dolby Vision
Rata de reimprospatare de 144 Hz
HDR 10+
7000 nits",3136 x 1440,AMOLED,7000 mAh,Nu,Li-Ion,16 GB,512 GB,
"Telefon mobil Xiaomi Redmi 14C, 8GB RAM, 128GB, Midnight Black","1.199,00 Lei",1199.00 Lei,4.52(207),https://www.emag.ro/telefon-mobil-xiaomi-redmi-14c-8gb-ram-128gb-midnight-black-xm-rd14c-8g-128mbk/pd/DFTTJV3BM/,https://s13emagst.akamaized.net/products/77611/77610100/images/res_0fba19d465012ae501aea3019f98e7a7.jpg?width=720&height=720&hash=C431D1F1E5CBBE219F2685E1A979EEBE,6.88 inch,"120 Hz
450 nits (typ)
600 nits (HBM)",720 x 1640,"LCD
IPS",5160 mAh,,,8 GB,128 GB,MicroSDXC
"Telefon mobil Motorola Edge 60, 12GB RAM, 512GB, 5G, Pantone Gibraltar Sea","1.637,83 Lei",1637.83 Lei,,https://www.emag.ro/telefon-mobil-motorola-edge-60-12gb-ram-512gb-5g-pantone-gibraltar-sea-mt-edg60ptgs512/pd/DJ0W5X3BM/,https://s13emagst.akamaized.net/products/96305/96304400/images/res_31bc2ae1eb86577106953baa5c755afc.jpg?width=720&height=720&hash=EF69FE430DDD5640DC5EC2A0445618C1,6.67 inch,"HDR10+
120 Hz
1B colors
4500 nits (peak)",1220 x 2712,P-OLED,5200 mAh,Nu,,12 GB,512 GB,MicroSDXC
"Telefon mobil Samsung Galaxy S21 Plus, Dual SIM, 256GB, 8GB RAM, 5G, Phantom Silver","5.428,53 Lei",5428.53 Lei,4.41(187),https://www.emag.ro/telefon-mobil-samsung-galaxy-s21-plus-dual-sim-256gb-8gb-ram-5g-phantom-silver-sm-g996bzsgeue/pd/DQLGTDMBM/,https://s13emagst.akamaized.net/products/34408/34407356/images/res_e9539ac9435e5f7eee8f1cbd56f65c3b.jpg?width=720&height=720&hash=B453D5294F96D2E97BFE6E6A4FDF35BD,6.7 inch,"16 milioane de culori
120 Hz
394 PPI",1080 x 2400,Dynamic AMOLED,4800 mAh,,,8 GB,256 GB,
"Telefon mobil Xiaomi Redmi Note 14 Pro+, 8GB RAM, 256GB, 5G, Midnight Black","1.589,49 Lei",1589.49 Lei,4.67(153),https://www.emag.ro/telefon-mobil-xiaomi-redmi-note-14-pro-8gb-ram-256gb-5g-midnight-black-mzb0i9oeu/pd/DKP3DGYBM/,https://s13emagst.akamaized.net/products/84223/84222419/images/res_fa572eaf829c8e17a24e5dd939a18b5b.jpg?width=720&height=720&hash=92D5DEAF9F5D2CEB0C689F0ED2D56185,6.67 inch,"Rata de refresh 120 Hz
3000 nits (varf)
Reading mode
Contrast ratio: 5,000,000:1
Touch sampling rate: Up to 480Hz",2712 x 1220,AMOLED,5110 mAh,,,8 GB,256 GB,
"Telefon mobil Samsung Galaxy Z Flip6, 12GB RAM, 256GB, 5G, Mint","3.867,99 Lei",3867.99 Lei,4.07(58),https://www.emag.ro/telefon-mobil-samsung-galaxy-z-flip6-12gb-ram-256gb-5g-mint-sm-f741blggeue/pd/DWPGVSYBM/,https://s13emagst.akamaized.net/products/73523/73522668/images/res_5c5ebb8d5504cf39d1bae993bbc55b01.jpg?width=720&height=720&hash=9233D4173A99BC259E9AAE78BC9FB5FE,6.7 inch,"FHD+
60 Hz
120Hz
1600nits","2640 x 1080
748 x 720","Super AMOLED
Dynamic AMOLED",4000 mAh,,,12 GB,256 GB,
"Telefon OnePlus Nord CE5 Black Edition, Dual SIM, 8GB RAM, 256GB, 5G, Black Infinity","1.571,05 Lei",1571.05 Lei,5(3),https://www.emag.ro/telefon-oneplus-nord-ce5-black-edition-dual-sim-8gb-ram-256gb-5g-black-infinity-5011113507blackedition/pd/DTJWJX3BM/,https://s13emagst.akamaized.net/products/98400/98399215/images/res_08af3a3fad88a1aca7bb315152f7ec52.jpg?width=720&height=720&hash=3D675C67B9C429F02336A10002FEC5F3,6.77 inch,"Rata de reimprospatare de 120 Hz
FHD
387 PPI",2392 x 1080,AMOLED,5200 mAh,Nu,Li-Ion,8 GB,256 GB,
"Telefon mobil Samsung Galaxy S21 Ultra, Dual SIM, 128GB, 12GB RAM, 5G, Phantom Black","6.687,11 Lei",6687.11 Lei,4.33(292),https://www.emag.ro/telefon-mobil-samsung-galaxy-s21-ultra-dual-sim-128gb-12gb-ram-5g-phantom-black-sm-g998bzkdeue/pd/DRLGTDMBM/,https://s13emagst.akamaized.net/products/34408/34407359/images/res_3df3d94cf9f07117708b0b885ea9123e.jpg?width=720&height=720&hash=9CC6920B4A334A0F49E4DEABB9E6EB9B,6.8 inch,"16 milioane de culori
120 Hz
515 PPI",1440 x 3200,Dynamic AMOLED,5000 mAh,,,12 GB,128 GB,
"Telefon mobil Motorola g15, Dual SIM, 512GB, 8GB RAM, Gravity Grey","799,99 Lei",799.99 Lei,4.4(25),https://www.emag.ro/telefon-mobil-motorola-g15-dual-sim-512gb-8gb-ram-gravity-grey-pb6e0030ro/pd/D4Z3VH3BM/,https://s13emagst.akamaized.net/products/90135/90134048/images/res_0d88966c5b4647e6999656b01a2f9d46.jpg?width=720&height=720&hash=AF62663E08749AD808C4833025AC386D,6.72 inch,"391 PPI
FHD+
60 Hz",2400 x 1080,LCD,5200 mAh,Nu,,8 GB,512 GB,
"Telefon mobil INFINIX ZERO 40, 12GB RAM, 512GB, 5G, Violet","1.889,99 Lei",1889.99 Lei,4.33(3),https://www.emag.ro/telefon-mobil-infinix-zero-40-12gb-ram-512gb-5g-violet-10062139/pd/DWM4S1YBM/,https://s13emagst.akamaized.net/products/79025/79024052/images/res_f3488fb57baa5d8d013bf755f03b9870.jpg?width=720&height=720&hash=FBC84EC292C75C98439EEB73AC2B15F2,6.78 inch,"HDR
Luminozitate 1300 niti
Rata de reimprospatare de 144 Hz",1080 x 2436,AMOLED,5000 mAh,,,12 GB,512 GB,
"Telefon mobil Motorola g86 Power, Dual SIM, 256GB, 12GB RAM, 5G, PANTONE Cosmic Sky (lilac blue)","1.299,99 Lei",1299.99 Lei,4(4),https://www.emag.ro/telefon-mobil-motorola-g86-power-dual-sim-256gb-12gb-ram-5g-pantone-cosmic-sky-lilac-blue-pb8x0033pl/pd/DK23WL3BM/,https://s13emagst.akamaized.net/products/106179/106178139/images/res_993789e4fea069bd7e4b815c79b3fe60.jpg?width=720&height=720&hash=3111C1D7A9B5A26AD26DAABE1CE26290,6.67 inch,"446 PPI
Rata de reimprospatare de 120 Hz",2712 x 1220,POLED,6720 mAh,Nu,,12 GB,256 GB,
"Telefon mobil Apple iPhone 14 Plus, 512GB, 5G, Midnight","4.761,00 Lei",4761.00 Lei,4.74(163),https://www.emag.ro/telefon-mobil-apple-iphone-14-plus-512gb-5g-midnight-mq593rx-a/pd/D47Y4LMBM/,https://s13emagst.akamaized.net/products/48592/48591207/images/res_e820dddaa9f4a47c6a661e28d74ea683.jpg?width=720&height=720&hash=DE5F34F418D5B86003985D29612E133B,6.7 inch,"HDR10
Dolby Vision
True tone
Haptic touch
Invelis oleophobic
1200 niti",1284 x 2778,"OLED
Super Retina XDR",,Nu,Li-Ion,6 GB,512 GB,
"Telefon mobil HONOR Magic V3, Dual SIM, 12GB RAM, 512GB, 5G, Negru","6.078,99 Lei",6078.99 Lei,4.71(17),https://www.emag.ro/telefon-mobil-honor-magic-v3-dual-sim-12gb-ram-512gb-5g-negru-5109bjnh/pd/DGYGKLYBM/,https://s13emagst.akamaized.net/products/76919/76918531/images/res_362c19463279376be0b36bc81e3dc9f1.jpg?width=720&height=720&hash=4C64B3436E03F18B735C14F96926E7C6,"6.43 inch
7.92 inch","Pliabil
1.07 miliarde de culori","2344 x 2156
2376 x 1060",OLED,5150 mAh,,Li-Po,12 GB,512 GB,
"Telefon mobil Apple iPhone 17 Pro, 1TB, 5G, Silver","9.219,99 Lei",9219.99 Lei,4.71(135),https://www.emag.ro/telefon-mobil-apple-iphone-17-pro-1tb-5g-silver-mg8p4zd-a/pd/DJ99FV3BM/,https://s13emagst.akamaized.net/products/102972/102971593/images/res_4e2cc632a2333b6c00555df8bc9190b5.jpg?width=720&height=720&hash=4DE6FFD01E4DA2F5E5003FCBFAE2C0AD,6.3 inch,"Always-on display
True tone
Haptic touch
2,000,000:1 contrast ratio
HDR display
Wide color (P3)
Dynamic Island
1000 nit luminozitate maxima (tipic); 1600 nit luminozitate maxima (HDR); 3000 nit luminozitate maxima (in aer liber)
Tehnologie ProMotion - rata de refresh adaptiva pana la 120Hz",2622 x 1206,OLED,,Nu,Li-Ion,12 GB,1 TB,
"Telefon mobil Apple iPhone 16, 512GB, 5G, Pink","6.317,99 Lei",6317.99 Lei,4.73(313),https://www.emag.ro/telefon-mobil-apple-iphone-16-512gb-5g-pink-myeq3zd-a/pd/D6Y67LYBM/,https://s13emagst.akamaized.net/products/76828/76827220/images/res_41ac93d716ec11baeeb0b5d95ebeb465.jpg?width=720&height=720&hash=FBBE8141782BC1AB9C09D57994FB9410,6.1 inch,"True tone
Haptic touch
HDR display
Wide color (P3)
Dynamic Island
1000 nit luminozitate maxima (tipic); 1600 nit luminozitate maxima (HDR); 2000 nit luminozitate maxima (in aer liber)
Fingerprint-resistant",2556 x 1179,OLED,,Nu,Li-Ion,8 GB,512 GB,
"Telefon mobil Xiaomi Redmi Note 14 Pro+, 8GB RAM, 256GB, 5G, Frost Blue","1.399,99 Lei",1399.99 Lei,4.67(153),https://www.emag.ro/telefon-mobil-xiaomi-redmi-note-14-pro-8gb-ram-256gb-5g-frost-blue-mzb0ijaeu/pd/DDP3DGYBM/,https://s13emagst.akamaized.net/products/84223/84222418/images/res_78cab736fd4cf68a1e35b32a996b32db.jpg?width=720&height=720&hash=5D99ADD360F5D7856D99B3915C301F21,6.67 inch,"Rata de refresh 120 Hz
3000 nits (varf)
Reading mode
Contrast ratio: 5,000,000:1
Touch sampling rate: Up to 480Hz",2712 x 1220,AMOLED,5110 mAh,,,8 GB,256 GB,
"Telefon mobil Samsung Galaxy A16, 8GB RAM, 128GB, 4G, Light Green","828,85 Lei",828.85 Lei,4.64(320),https://www.emag.ro/telefon-mobil-samsung-galaxy-a16-8gb-ram-128gb-4g-light-green-sm-a166flgd/pd/D279943BM/,https://s13emagst.akamaized.net/products/103866/103865039/images/res_97e8e356b28c118658c63066736e6805.jpg?width=720&height=720&hash=1F8FDB78AAB097478167249C9F2525DD,6.7 inch,90 Hz,1080 x 2340,Super AMOLED,5000 mAh,Nu,,8 GB,128 GB,MicroSDXC
"Telefon OnePlus 13R, Dual SIM, 12GB RAM, 256GB, 5G, Nebula Noir","2.867,70 Lei",2867.70 Lei,4.8(25),https://www.emag.ro/telefon-oneplus-13r-dual-sim-12gb-ram-256gb-5g-nebula-noir-5011111049/pd/DGV598YBM/,https://s13emagst.akamaized.net/products/83560/83559537/images/res_d3ecef35368c754723333279cfbf0ef8.jpg?width=720&height=720&hash=B5F6E62AA205FD8C8F200A7A8C7F3B7B,6.72 inch,"120 Hz
4500 nits (peak)",1264 x 2780,AMOLED,6000 mAh,,Li-Ion,12 GB,256 GB,
"Smartphone Motorola Moto G15, 8GB RAM, 128GB, portocaliu, 6.72""","501,99 Lei",501.99 Lei,4.4(25),https://www.emag.ro/smartphone-motorola-moto-g15-8gb-ram-128gb-portocaliu-6-72-act-tkomotsza0417/pd/D1FLDT3BM/,https://s13emagst.akamaized.net/products/92552/92551515/images/res_219eaa2fb57469dd301b46227da93d16.jpg?width=720&height=720&hash=B157F1AD4DC471194F9D620FB056C0E3,,,,,,,,8 GB,128 GB,
"Telefon mobil Apple iPhone 14 Plus, 512GB, 5G, Purple","4.250,00 Lei",4250.00 Lei,4.74(163),https://www.emag.ro/telefon-mobil-apple-iphone-14-plus-512gb-5g-purple-mq5e3rx-a/pd/DL7Y4LMBM/,https://s13emagst.akamaized.net/products/48592/48591209/images/res_b4af6866fae7fa727e79a969f18da045.jpg?width=720&height=720&hash=556307FD53097452D91446AD939757A5,6.7 inch,"HDR10
Dolby Vision
True tone
Haptic touch
Invelis oleophobic
1200 niti",1284 x 2778,"OLED
Super Retina XDR",,Nu,Li-Ion,6 GB,512 GB,
"Telefon mobil Apple iPhone 15, 512GB, 5G, Blue","5.264,71 Lei",5264.71 Lei,4.66(575),https://www.emag.ro/telefon-mobil-apple-iphone-15-512gb-5g-blue-mtpg3rx-a/pd/D3CH93YBM/,https://s13emagst.akamaized.net/products/60458/60457124/images/res_710aa5e925b96dc436201454c55598f8.jpg?width=720&height=720&hash=158019B3C12F394F7E05373E31BA6724,6.1 inch,"True tone
Haptic touch
2,000,000:1 contrast ratio
HDR display
Wide color (P3)
Dynamic Island",2556 x 1179,Super Retina XDR,,Nu,Li-Ion,6 GB,512 GB,
"Telefon mobil Nothing Phone (3), 256GB, 12GB RAM, 5G, White","3.636,52 Lei",3636.52 Lei,4.78(9),https://www.emag.ro/telefon-mobil-nothing-phone-3-256gb-12gb-ram-5g-white-a10000023/pd/DBK48X3BM/,https://s13emagst.akamaized.net/products/98746/98745881/images/res_af4ce33d737b1858f17ffc56dca20491.jpg?width=720&height=720&hash=A43B0D2C1F0EC1B44EACCD3C7FFCDBA0,6.67 inch,"460 PPI
4500 nits (peak)
1.07B culori
Rata de refresh: 30-120 Hz",1260 x 2800,AMOLED,5150 mAh,Nu,Li-Ion,12 GB,256 GB,
"Telefon mobil Nokia 230, Dual Sim, Dark Silver","632,71 Lei",632.71 Lei,4.31(396),https://www.emag.ro/telefon-mobil-nokia-230-dual-sim-dark-silver-230-dual-sim-dark-silver/pd/D27G33BBM/,https://s13emagst.akamaized.net/products/2888/2887966/images/res_11d15e1505fc6ab312c8693fc64fcc33.jpg?width=720&height=720&hash=2ED422280A70B8885E32B47D3A0E28B7,2.8 inch,,320 x 240,TFT,1200 mAh,,Li-Ion,16 MB,,MicroSD
"Telefon mobil Apple iPhone 16 Plus, 512GB, 5G, White","6.658,50 Lei",6658.50 Lei,4.83(64),https://www.emag.ro/telefon-mobil-apple-iphone-16-plus-512gb-5g-white-my1x3zd-a/pd/D7367LYBM/,https://s13emagst.akamaized.net/products/76828/76827235/images/res_ebdef1216627cb16f651d5ad0a9f2475.jpg?width=720&height=720&hash=F4CE7158A3DA5A2C6C1F2B05B374D0F5,6.7 inch,"True tone
Haptic touch
HDR display
Wide color (P3)
Dynamic Island
1000 nit luminozitate maxima (tipic); 1600 nit luminozitate maxima (HDR); 2000 nit luminozitate maxima (in aer liber)
Fingerprint-resistant",2796 x 1290,OLED,,Nu,Li-Ion,8 GB,512 GB,
"Telefon mobil Samsung Galaxy A36, Dual SIM, 6GB RAM, 128GB, 5G, Awesome Lime","1.334,99 Lei",1334.99 Lei,4.65(99),https://www.emag.ro/telefon-mobil-samsung-galaxy-a36-dual-sim-6gb-ram-128gb-5g-awesome-lime-sm-a366blgbeue/pd/DDZ5X33BM/,https://s13emagst.akamaized.net/products/89071/89070975/images/res_cd9ee1d7c93ee39856d7d583c307c1d2.jpg?width=720&height=720&hash=BDD388A06DB953510EA32729CBFEC6E0,6.7 inch,120 Hz,1080 x 2340,Super AMOLED,5000 mAh,,,6 GB,128 GB,
"Telefon mobil Xiaomi Redmi 15C, 4GB RAM, 128GB, Moonlight Blue","508,20 Lei",508.20 Lei,3(2),https://www.emag.ro/telefon-mobil-xiaomi-redmi-15c-4gb-ram-128gb-moonlight-blue-mzb0lbteu/pd/DWL05J3BM/,https://s13emagst.akamaized.net/products/101449/101448646/images/res_68b2142883275d558ede83a21cf19951.jpg?width=720&height=720&hash=7D6CB5D028E9FE91F924F399FAB73D44,6.9 inch,120 Hz,1600 x 720,"LCD
IPS",6000 mAh,Nu,Li-Po,4 GB,128 GB,MicroSDHC
"Telefon mobil Samsung Galaxy A17, Dual SIM, 8GB RAM, 256GB, 5G, Blue","1.165,18 Lei",1165.18 Lei,4.86(14),https://www.emag.ro/telefon-mobil-samsung-galaxy-a17-dual-sim-8gb-ram-256gb-5g-blue-sm-a176bzbdeue/pd/DP57K93BM/,https://s13emagst.akamaized.net/products/99061/99060700/images/res_a3be439600e98ab0cd5314377a784178.jpg?width=720&height=720&hash=AA1818459A8CF3052A9599B44DC86B72,6.7 inch,"16 milioane de culori
Rata de reimprospatare de 90 Hz",1080 x 2340,Super AMOLED,5000 mAh,Nu,,8 GB,256 GB,
"Telefon mobil HONOR Magic V5, Dual SIM, 16GB RAM, 512GB, 5G, Black","7.634,84 Lei",7634.84 Lei,5(2),https://www.emag.ro/telefon-mobil-honor-magic-v5-dual-sim-16gb-ram-512gb-5g-black-b010522001uk/pd/D7ZTJV3BM/,https://s13emagst.akamaized.net/products/102995/102994901/images/res_e8d7266630b4764e76e50dec98ef2657.jpg?width=720&height=720&hash=A1D2CA685605E6173C779321606D0A7C,"6.43 inch
7.95 inch","403 ppi
Rata de refresh 120 Hz
5000 nits (peak)",2352 x 2172,OLED,5820 mAh,"Da, incarcare rapida USB PD",Li-Ion,16 GB,512 GB,
"Telefon mobil HONOR Magic V5, Dual SIM, 16GB RAM, 512GB, 5G, Dawn Gold","7.634,84 Lei",7634.84 Lei,5(2),https://www.emag.ro/telefon-mobil-honor-magic-v5-dual-sim-16gb-ram-512gb-5g-dawn-gold-b010522011uk/pd/D5ZTMV3BM/,https://s13emagst.akamaized.net/products/102549/102548057/images/res_6f3e56ca39f29fa21e397e0798431266.jpg?width=720&height=720&hash=AC73D07499B151F8B66BB3F0D75E08F8,"6.43 inch
7.95 inch","403 ppi
Rata de refresh 120 Hz
5000 nits (peak)",2352 x 2172,OLED,5820 mAh,"Da, incarcare rapida USB PD",Li-Ion,16 GB,512 GB,
"Telefon mobil Samsung Galaxy S25 FE, Dual SIM, 8GB RAM, 512GB, 5G, White","3.599,99 Lei",3599.99 Lei,4.81(21),https://www.emag.ro/telefon-mobil-samsung-galaxy-s25-fe-dual-sim-8gb-ram-512gb-5g-white-sm-s731bzwieue/pd/DX0QTS3BM/,https://s13emagst.akamaized.net/products/101820/101819232/images/res_ce04125b3b750ce8f81ee1253b20e68a.jpg?width=720&height=720&hash=B746E6713961FCAE3D0024D3F13B8BA6,,"16 milioane de culori
120 Hz
FHD+",1080 x 2340,Dynamic AMOLED,4900 mAh,Nu,,8 GB,512 GB,
"Telefon mobil Samsung Galaxy Z Fold7, 12GB RAM, 512GB, 5G, Silver Shadow","9.189,19 Lei",9189.19 Lei,4.76(33),https://www.emag.ro/telefon-mobil-samsung-galaxy-z-fold7-12gb-ram-512gb-5g-silver-shadow-sm-f966bzsceue/pd/D65WT93BM/,https://s13emagst.akamaized.net/products/99055/99054944/images/res_1f1a3b68dcbc83749a523cddea728a13.jpg?width=720&height=720&hash=06FA028FEA454F18C3F7BFDEFF7496F1,"8 inch
6.5 inch","FHD+
QXGA+
120Hz
2600nits","2520 x 1080
2184 x 1968",Dynamic AMOLED,4400 mAh,Nu,,12 GB,512 GB,
"Telefon mobil Apple iPhone 16 Plus, 256GB, 5G, White","5.775,98 Lei",5775.98 Lei,4.83(64),https://www.emag.ro/telefon-mobil-apple-iphone-16-plus-256gb-5g-white-mxwv3zd-a/pd/DM367LYBM/,https://s13emagst.akamaized.net/products/76828/76827235/images/res_ebdef1216627cb16f651d5ad0a9f2475.jpg?width=720&height=720&hash=F4CE7158A3DA5A2C6C1F2B05B374D0F5,6.7 inch,"True tone
Haptic touch
HDR display
Wide color (P3)
Dynamic Island
1000 nit luminozitate maxima (tipic); 1600 nit luminozitate maxima (HDR); 2000 nit luminozitate maxima (in aer liber)
Fingerprint-resistant",2796 x 1290,OLED,,Nu,Li-Ion,8 GB,256 GB,
"Telefon mobil Realme C67, 6GB RAM, 128GB, Sunny Oasis","499,00 Lei",499.00 Lei,3.83(6),https://www.emag.ro/telefon-mobil-realme-c67-6gb-ram-128gb-sunny-oasis-rlmc67-128gb-ns/pd/DTGPRHYBM/,https://s13emagst.akamaized.net/products/66874/66873554/images/res_f5ca1e39b3c05c9610e9cce8b2a4d491.jpg?width=720&height=720&hash=C6E9303F1DE5AE918646B09C183DBAE7,6.72 inch,"90 Hz
800 nits (typ)
950 nits (HBM)",1080 x 2400,"LCD
IPS",5000 mAh,,Li-Po,6 GB,128 GB,MicroSDXC
"Telefon mobil Honor 400, 8GB RAM, 256GB, 5G, Midnight Black","1.784,01 Lei",1784.01 Lei,4.86(14),https://www.emag.ro/telefon-mobil-honor-400-8gb-ram-256gb-5g-midnight-black-hn-h400mdbk256/pd/DQLDJV3BM/,https://s13emagst.akamaized.net/products/102994/102993928/images/res_534cc68cee998181e93bd249235dd1f0.jpg?width=720&height=720&hash=89E2A73D25245DE2755B0517A05E6ABB,6.55 inch,"HDR
120 Hz
1B colors
5000 nits (peak)",1264 x 2736,AMOLED,5300 mAh,Nu,Li-Ion,8 GB,256 GB,
"Telefon mobil Samsung Galaxy Z Fold7, 16GB RAM, 1TB, 5G, Jetblack","13.068,00 Lei",13068.00 Lei,4.76(33),https://www.emag.ro/telefon-mobil-samsung-galaxy-z-fold7-16gb-ram-1tb-5g-jetblack-sm-f966bzkneue/pd/D55WT93BM/,https://s13emagst.akamaized.net/products/99055/99054940/images/res_120dfc241ae57a7c03e4b219d65f0921.jpg?width=720&height=720&hash=6104A208EA05F8AD4848CBB5B0D0FD83,"8 inch
6.5 inch","FHD+
QXGA+
120Hz
2600nits","2520 x 1080
2184 x 1968",Dynamic AMOLED,4400 mAh,Nu,,16 GB,1 TB,
"Telefon mobil Xiaomi 15T, 12GB RAM, 512GB ROM, 5G Rose Gold + Woven Strap Ring Stand","2.999,99 Lei",2999.99 Lei,4.6(30),https://www.emag.ro/telefon-mobil-xiaomi-15t-12gb-ram-512gb-rom-5g-rose-gold-woven-strap-ring-stand-mzb0n3jeu/pd/D59M943BM/,https://s13emagst.akamaized.net/products/103853/103852844/images/res_a9b59c41a43864040cb524496c9eef3e.jpg?width=720&height=720&hash=59159D165E6A45B9032262D3E34F29A4,6.83 inch,"Dolby Vision
Rata de reimprospatare de pana la 120 Hz
HDR 10+
Touch sampling rate: Up to 480Hz
3200 niti (varf)
447 ppi",2772 x 1280,AMOLED,5500 mAh,Nu,,12 GB,512 GB,
"Telefon mobil Motorola Edge 60 Pro, Dual SIM, 512GB, 12GB RAM, 5G, Pantone Dazzling Blue","2.187,38 Lei",2187.38 Lei,4.63(41),https://www.emag.ro/telefon-mobil-motorola-edge-60-pro-dual-sim-512gb-12gb-ram-5g-pantone-dazzling-blue-pb7x0010pl/pd/DMFPPN3BM/,https://s13emagst.akamaized.net/products/94569/94568632/images/res_006f078cc8d62727016dc97dc9490d24.jpg?width=720&height=720&hash=A97FB2B7C684F757350CE3392B45D14B,6.67 inch,"446 PPI
Rata de reimprospatare de 120 Hz
4500 nits (peak)
Rata de raspuns la atingere 300 Hz (modul joc)",2712 x 1220,OLED,6000 mAh,Nu,Li-Ion,12 GB,512 GB,
"Telefon mobil Huawei Pura 70, 256GB, 12GB RAM, WHITE","2.599,99 Lei",2599.99 Lei,4.37(27),https://www.emag.ro/telefon-mobil-huawei-pura-70-256gb-12gb-ram-white-51097vwj/pd/DB7TD9YBM/,https://s13emagst.akamaized.net/products/70374/70373224/images/res_fd9e6059fc88037fb008689f4da42096.jpg?width=720&height=720&hash=EA83BBCDAEFEA922E06EA17EB256F3BE,6.6 inch,460 PPI,2760 x 1256,OLED,4900 mAh,Da,,12 GB,256 GB,
"Telefon mobil FOSSiBOT S1, 5G Smartphone, 24 GB+128GB/1TB, Android 14, 6.745” HD+, 50MP, Dimensity 6100+ Handys, Baterie 5000 mAh, Dual SIM, Face ID/GPS/OTG, Slim Design, Verde","720,76 Lei",720.76 Lei,,https://www.emag.ro/telefon-mobil-fossibot-5g-smartphone-24-gb-128gb-1tb-android-14-6-745-hd-50mp-dimensity-6100-handys-baterie-5000-mah-dual-sim-face-id-gps-otg-slim-design-verde-s1/pd/DT1SV5YBM/,https://s13emagst.akamaized.net/products/81824/81823143/images/res_080be4c62086add2194a36b846972cb6.jpg?width=720&height=720&hash=08566079B1B3C07A76F1055531E08B1A,6.75 inch,,,,4900 mAh,Da,Li-Ion,24 GB,128 GB,
"Telefon mobil Xiaomi 15T Pro, 12GB RAM, 256GB ROM, 5G Mocha Gold + Woven Strap Ring Stand","3.499,99 Lei",3499.99 Lei,4.7(23),https://www.emag.ro/telefon-mobil-xiaomi-15t-pro-12gb-ram-256gb-rom-5g-mocha-gold-woven-strap-ring-stand-mzb0n3geu/pd/DG9M943BM/,https://s13emagst.akamaized.net/products/103853/103852853/images/res_cbe9ade85e112a5d225cabbbb5606933.jpg?width=720&height=720&hash=356F9C8D74BF5864145AA1EF624CC17C,6.83 inch,"Dolby Vision
Rata de reimprospatare de 144 Hz
HDR 10+
Touch sampling rate: Up to 480Hz
3200 niti (varf)
447 ppi
Rata de reimprospatare de pana la 144 Hz",2772 x 1280,AMOLED,5500 mAh,Nu,,12 GB,256 GB,
"Telefon mobil 16GB RAM, 256GB, 4G, dual SIM, alb","6.050,00 Lei",6050.00 Lei,1(1),https://www.emag.ro/telefon-mobil-16gb-ram-256gb-4g-dual-sim-alb-zzj123456/pd/D3RVQGYBM/,https://s13emagst.akamaized.net/products/84774/84773471/images/res_03a4bed425a9a197afcb5e6e797e2d3b.png?width=720&height=720&hash=6218F74B05074AD845909DF1EA39F1BC,,,,,,,,16 GB,256 GB,
"Telefon mobil Samsung Galaxy A36, Dual SIM, 8GB RAM, 128GB, 5G, Awesome White","1.350,01 Lei",1350.01 Lei,4.65(99),https://www.emag.ro/telefon-mobil-samsung-galaxy-a36-dual-sim-8gb-ram-128gb-5g-awesome-white-sm-a366ezadcac/pd/DHTSS03BM/,https://s13emagst.akamaized.net/products/95646/95645670/images/res_530c06a9b49a1c2a5d7ac3ba062242c6.jpg?width=720&height=720&hash=305CAB339CF750EA8095EDE6D1C27CAE,6.7 inch,"120 Hz
1200 nits (HBM)",1080 x 2340,Super AMOLED,5000 mAh,Nu,,8 GB,128 GB,NM
"Telefon mobil Apple iPhone 15, 256GB, 5G, Yellow","5.657,51 Lei",5657.51 Lei,4.66(575),https://www.emag.ro/telefon-mobil-apple-iphone-15-256gb-5g-yellow-mtp83rx-a/pd/DG4H93YBM/,https://s13emagst.akamaized.net/products/60458/60457123/images/res_08e31bca32d86d5f0ca4a3e2f05a7e6c.jpg?width=720&height=720&hash=830C4A5CC6221E7A4F305931E24346AD,6.1 inch,"True tone
Haptic touch
2,000,000:1 contrast ratio
HDR display
Wide color (P3)
Dynamic Island",2556 x 1179,Super Retina XDR,,Nu,Li-Ion,6 GB,256 GB,
"Telefon mobil realme 14 Pro 5G, Dual SIM, 256GB, 8GB RAM, Pearl White","1.456,80 Lei",1456.80 Lei,5(6),https://www.emag.ro/telefon-mobil-realme-14-pro-5g-dual-sim-256gb-8gb-ram-pearl-white-631011005073/pd/D6J3ZL3BM/,https://s13emagst.akamaized.net/products/105941/105940202/images/res_f6c990a3af4f98b77b4840f75f27b5ec.jpg?width=720&height=720&hash=4304524344011E0D3606CF9B089813C7,6.77 inch,"20:9 ratio
Rata de refresh 120 Hz
388 ppi",2800 x 1272,OLED,6000 mAh,Nu,Li-Ion,8 GB,256 GB,
"Telefon mobil Apple iPhone 15, 128GB, 5G, Yellow","4.333,51 Lei",4333.51 Lei,4.66(575),https://www.emag.ro/telefon-mobil-apple-iphone-15-128gb-5g-yellow-mtp23rx-a/pd/DQ4H93YBM/,https://s13emagst.akamaized.net/products/60458/60457123/images/res_08e31bca32d86d5f0ca4a3e2f05a7e6c.jpg?width=720&height=720&hash=830C4A5CC6221E7A4F305931E24346AD,6.1 inch,"True tone
Haptic touch
2,000,000:1 contrast ratio
HDR display
Wide color (P3)
Dynamic Island",2556 x 1179,Super Retina XDR,,Nu,Li-Ion,6 GB,128 GB,
"Telefon mobil Samsung Galaxy A16, Dual SIM, 256GB, 8GB RAM, 4G, Gray","1.000,00 Lei",1000.00 Lei,4.6(78),https://www.emag.ro/telefon-mobil-samsung-galaxy-a16-dual-sim-256gb-8gb-ram-4g-gray-sm-a165fzaceue/pd/DCJ1YZYBM/,https://s13emagst.akamaized.net/products/77658/77657962/images/res_2020867206cbc712d2e88e09958818c0.jpg?width=720&height=720&hash=B08906A3AEFD52C76DD3BC219FD943B7,6.7 inch,FHD,1080 x 2340,Super AMOLED,5000 mAh,,,8 GB,256 GB,MicroSD
"Telefon mobil Apple iPhone 14 Plus, 512GB, 5G, Blue","4.712,71 Lei",4712.71 Lei,4.74(163),https://www.emag.ro/telefon-mobil-apple-iphone-14-plus-512gb-5g-blue-mq5g3rx-a/pd/D17Y4LMBM/,https://s13emagst.akamaized.net/products/48592/48591211/images/res_88a6ff088bae7ea784b02860157b81d7.jpg?width=720&height=720&hash=F264703DBFE5B97712437B5A3592582B,6.7 inch,"HDR10
Dolby Vision
True tone
Haptic touch
Invelis oleophobic
1200 niti",1284 x 2778,"OLED
Super Retina XDR",,,Li-Ion,6 GB,512 GB,
"Pachet promo: Telefon mobil Infinix NOTE 40 PRO+, 12GB RAM, 256GB, 5G, Black + Telefon mobil INFINIX SMART 9 HD, 4GB, 64GB, 4G, NEO TITANIUM","1.639,99 Lei",1639.99 Lei,4.38(13),https://www.emag.ro/telefon-mobil-infinix-note-40-pro-12gb-ram-256gb-5g-black-10057672/pd/DJ01ZVYBM/,https://s13emagst.akamaized.net/layout/ro/static-upload/promo-pack-icon-06052025.svg,6.78 inch,,1080 x 2436,AMOLED,4600 mAh,,,12 GB,256 GB,
"Telefon mobil Xiaomi 14T Pro, 12GB RAM, 512GB, 5G, Titan Gray","2.910,99 Lei",2910.99 Lei,4.64(160),https://www.emag.ro/telefon-mobil-xiaomi-14t-pro-12gb-ram-512gb-5g-titan-gray-mzb0hhfeu/pd/DK4GQLYBM/,https://s13emagst.akamaized.net/products/77396/77395693/images/res_b4ce27f7746fb253ddd11e13fc7354dd.jpg?width=720&height=720&hash=4900464B9B277C788BEAD66D55AA163A,6.67 inch,"Dolby Vision
HDR10+
144 Hz
446 PPI
Luminozitate maxima: 4000 nits
Intensitate culoare: 12-bit",2712 x 1220,AMOLED,5000 mAh,Nu,,12 GB,512 GB,
"Telefon mobil Samsung Galaxy S25+, Dual SIM, 12GB RAM, 512GB, 5G, Mint","8.835,00 Lei",8835.00 Lei,4.71(108),https://www.emag.ro/telefon-mobil-samsung-galaxy-s25-dual-sim-12gb-ram-512gb-5g-mint-sm-s936blggeue/pd/D5QVXGYBM/,https://s13emagst.akamaized.net/products/84446/84445757/images/res_db47f4b790773e52236d6b9b22096817.jpg?width=720&height=720&hash=A8A880D95B0B46BEDED603D9C386CF48,6.7 inch,"Rata de refresh 120 Hz
2600nits
qHD+",3120 x 1440,Dynamic AMOLED,4900 mAh,,,12 GB,512 GB,
"Telefon mobil Apple iPhone SE 3, 64GB, 5G, Midnight","2.179,00 Lei",2179.00 Lei,4.13(76),https://www.emag.ro/telefon-mobil-apple-iphone-se-3-64gb-5g-midnight-mmxf3rm-a/pd/DYPRWJMBM/,https://s13emagst.akamaized.net/products/44324/44323616/images/res_785693cc5aece7b5c5a31914aee8965e.png?width=720&height=720&hash=D497A10A59FB6611464F04B145EE1390,4.7 inch,"326 PPI
True tone
625 niti luminozitate maxima",1334 x 750,"LCD
IPS",,Nu,Li-Ion,4 GB,64 GB,
"Telefon mobil Motorola Edge 50 Pro, Dual SIM, 512GB, 12GB RAM, 5G, Black Beauty","2.718,87 Lei",2718.87 Lei,4.31(110),https://www.emag.ro/telefon-mobil-motorola-edge-50-pro-dual-sim-512gb-12gb-ram-5g-black-beauty-pb1j0003pl/pd/DGNB0XYBM/,https://s13emagst.akamaized.net/products/69563/69562293/images/res_cccfbf4ea5a26de7c59f3ffd9538a2a0.jpg?width=720&height=720&hash=49B35140517DEB58E055AE49849D3136,6.7 inch,"HDR10+
446 PPI
Rata de reimprospatare de 144 Hz",2712 x 1220,POLED,4500 mAh,,,12 GB,512 GB,
"Telefon mobil Apple iPhone 16e, 256GB, 5G, White","3.799,99 Lei",3799.99 Lei,4.51(63),https://www.emag.ro/telefon-mobil-apple-iphone-16e-256gb-5g-white-md1w4zd-a/pd/DZXPCB3BM/,https://s13emagst.akamaized.net/products/86496/86495228/images/res_c33fa5d00e84c0d9a583ccec696fc2a3.jpg?width=720&height=720&hash=C79B4E5A86DA461F5AD53BD2DC8C218F,6.1 inch,"True tone
Haptic touch
2,000,000:1 contrast ratio
HDR display
Wide color (P3)
800 nits
1200 nits (peak)
Fingerprint-resistant",2532 x 1170,Super Retina XDR,,Nu,Li-Ion,8 GB,256 GB,
"Telefon mobil OnePlus Open, 16GB RAM, 512GB, Emerald Dusk","8.025,00 Lei",8025.00 Lei,4.8(5),https://www.emag.ro/telefon-mobil-oneplus-open-16gb-ram-512gb-emerald-dusk-6921815625674/pd/D7GZPDYBM/,https://s13emagst.akamaized.net/products/63179/63178966/images/res_9ae0af3ea8c048502ce9bbd65241f774.jpg?width=720&height=720&hash=0B4BD77D882A72597219B614FF239EDA,7.82 inch,"Rata de raspuns la atingere 240 Hz
Adaptiv 120 Hz (1-120 Hz)",2440 x 2268,AMOLED,4805 mAh,,,16 GB,512 GB,
"Telefon mobil Motorola Razr 50 ultra, Dual SIM, 12GB RAM, 512GB, 5G, Midnight Blue","3.450,00 Lei",3450.00 Lei,4.33(30),https://www.emag.ro/telefon-mobil-motorola-razr-50-ultra-dual-sim-12gb-ram-512gb-5g-midnight-blue-pb1t0002pl/pd/DDNJTSYBM/,https://s13emagst.akamaized.net/products/73183/73182357/images/res_a209485ed3cf78cf6d8694e2755818e0.jpg?width=720&height=720&hash=4AF5057BDC2B4AB166F35F0B278800D9,6.9 inch,,1080 x 2640,AMOLED,4000 mAh,,,12 GB,512 GB,
"Telefon mobil Apple iPhone 14, 512GB, 5G, Blue","4.050,00 Lei",4050.00 Lei,4.78(570),https://www.emag.ro/telefon-mobil-apple-iphone-14-512gb-5g-blue-mpxn3rx-a/pd/DK7Y4LMBM/,https://s13emagst.akamaized.net/products/48592/48591196/images/res_4fe7d2a075236c7c332d2c663bf09c26.jpg?width=720&height=720&hash=7E503FF0EC48272C19A1D3387F621B5A,6.1 inch,"True tone
Haptic touch
2,000,000:1 contrast ratio
800 nits (typ), 1200 nits (peak)
HDR display
Wide color (P3)",1170 x 2532,OLED,,,Li-Ion,6 GB,512 GB,
"Telefon Mobil ZTE Nubia Z70 Ultra, 5G, Dual SIM, Procesor Snapdragon 8 Elite Octa-Core, Ecran AMOLED 6.85"", 12GB RAM, 256GB Flash, Camera Tripla, Wi-Fi, Android, Negru","4.301,00 Lei",4301.00 Lei,5(1),https://www.emag.ro/telefon-mobil-zte-nubia-z70-ultra-5g-dual-sim-procesor-snapdragon-8-elite-octa-core-ecran-amoled-6-85-12gb-ram-256gb-flash-camera-tripla-wi-fi-android-negru-nx733j-12-256-bk/pd/DZKHS8YBM/,https://s13emagst.akamaized.net/products/83635/83634178/images/res_5768993a9d011a4a5b9d40ab57db4752.jpg?width=720&height=720&hash=D8869EFE2B5629008A4D6390456E6047,6.85 inch,,1216 x 2688,IPS,,,,12 GB,256 GB,
"Telefon mobil Apple iPhone Air, 512GB, 5G, Light Gold","6.769,99 Lei",6769.99 Lei,4.21(43),https://www.emag.ro/telefon-mobil-apple-iphone-air-512gb-5g-light-gold-mg2u4zd-a/pd/D0F9FV3BM/,https://s13emagst.akamaized.net/products/102972/102971621/images/res_d671b50530a4f7edbc7a5644cad85964.jpg?width=720&height=720&hash=F4417FDBEDD0E2BC59F8BDF64A01DF77,6.5 inch,"Always-on display
HDR
True tone
Haptic touch
Wide color (P3)
Dynamic Island
Fingerprint-resistant
Tehnologie ProMotion - rata de refresh adaptiva pana la 120Hz
Anti-reflective coating",2736 x 1260,"OLED
Super Retina XDR",,Nu,Li-Ion,12 GB,512 GB,
"Telefon mobil HONOR Magic7 Lite, Dual SIM, 8GB RAM, 512GB, Titanium Black+ Incarcator HONOR SuperCharge (Max 66W)","2.115,95 Lei",2115.95 Lei,4.58(19),https://www.emag.ro/telefon-mobil-honor-magic7-lite-dual-sim-8gb-ram-512gb-titanium-black-incarcator-honor-supercharge-max-66w-5109bqbe-5503aahx/pd/DNSRWJ3BM/,https://s13emagst.akamaized.net/products/96170/96169892/images/res_198622d86ffcb9683a7bf25ec6ac6717.jpg?width=720&height=720&hash=BB9566D8D45740E1771766FDD959A062,6.78 inch,"437 PPI
Rata de refresh 120 Hz",2700 x 1224,AMOLED,6600 mAh,"Da, incarcare rapida USB PD",,8 GB,512 GB,
"Telefon mobil Xiaomi Redmi A5, 4GB RAM, 128GB, Gold + Xiaomi High-capacity pen","567,26 Lei",567.26 Lei,4.59(46),https://www.emag.ro/telefon-mobil-xiaomi-redmi-a5-4gb-ram-128gb-gold-xiaomi-high-capacity-pen-bndla5gl/pd/DL0HYN3BM/,https://s13emagst.akamaized.net/products/94270/94269625/images/res_bb3f33146f90b577c89148eb771c1593.jpg?width=720&height=720&hash=90AC7519FFC152A811F7F1CC4488B9B3,6.88 inch,"260 PPI
450 nits
Rata de refresh 120 Hz",1640 x 720,LCD,5200 mAh,Nu,,4 GB,128 GB,MicroSD
"Telefon mobil Samsung Galaxy A36, 12GB RAM, 256GB, 5G, Awesome Lime","1.799,00 Lei",1799.00 Lei,4.65(99),https://www.emag.ro/telefon-mobil-samsung-galaxy-a36-12gb-ram-256gb-5g-awesome-lime-sm-gxa36awlm12gb/pd/D3FK5N3BM/,https://s13emagst.akamaized.net/products/94982/94981864/images/res_a1cda4effefe66224120d4e4bd1cb5c0.jpg?width=720&height=720&hash=94596E0714E29D0C96914E4E8F191731,6.7 inch,"120 Hz
1200 nits (HBM)
1900 nits (peak)",1080 x 2340,Super AMOLED,5000 mAh,Nu,,12 GB,256 GB,
"Telefon mobil Samsung Galaxy S24 FE, Dual SIM, 8GB RAM, 256GB, 5G, Blue","2.849,00 Lei",2849.00 Lei,4.76(135),https://www.emag.ro/telefon-mobil-samsung-galaxy-s24-fe-dual-sim-8gb-ram-256gb-5g-blue-sm-s721blbgeue/pd/DPJ1YZYBM/,https://s13emagst.akamaized.net/products/77658/77657957/images/res_79bf8ae8217965cdbda6c5ef6dad48d5.jpg?width=720&height=720&hash=C12CADD4DF983D510FA98A6FDC1DFB2B,6.7 inch,"16 milioane de culori
FHD+
Rata de refresh 120 Hz",1080 x 2340,Dynamic AMOLED,4700 mAh,Nu,,8 GB,256 GB,
"Telefon mobil Samsung Galaxy S25+, Dual SIM, 12GB RAM, 512GB, 5G, Silver Shadow","8.835,00 Lei",8835.00 Lei,4.71(108),https://www.emag.ro/telefon-mobil-samsung-galaxy-s25-dual-sim-12gb-ram-512gb-5g-silver-shadow-sm-s936bzsgeue/pd/D6QVXGYBM/,https://s13emagst.akamaized.net/products/84446/84445758/images/res_763410b3f69ef80d8ef9767d699a47b9.jpg?width=720&height=720&hash=F0F0F3B13AE4A386CA0D21B491CA122C,6.7 inch,"Rata de refresh 120 Hz
2600nits
qHD+",3120 x 1440,Dynamic AMOLED,4900 mAh,,,12 GB,512 GB,
"Telefon mobil Google Pixel 9, 128GB, 12GB RAM, 5G, Obsidian","3.082,10 Lei",3082.10 Lei,4.64(56),https://www.emag.ro/telefon-mobil-google-pixel-9-128gb-12gb-ram-5g-obsidian-ga05226-gb/pd/DZLKQVYBM/,https://s13emagst.akamaized.net/products/74606/74605025/images/res_1e9d680977808e4b1c1b159052f2b111.jpg?width=720&height=720&hash=E112ABB40A7D2C549ED7C84303EB5337,6.3 inch,"Rata de refresh 120 Hz
422 PPI
HDR 10+
1800 nits (HBM)
2700 nits (peak)",1080 x 2424,P-OLED,4700 mAh,Nu,Li-Ion,12 GB,128 GB,
"Telefon mobil Motorola razr 60 Swarovski, Dual SIM, 256GB, 8GB RAM, Ice Melt + casti moto buds loop","4.999,99 Lei",4999.99 Lei,,https://www.emag.ro/telefon-mobil-motorola-razr-60-swarovski-dual-sim-256gb-8gb-ram-ice-melt-casti-moto-buds-loop-pb860080ro/pd/D26M8S3BM/,https://s13emagst.akamaized.net/products/102424/102423260/images/res_248097689f4514ee0198db4fe90b6b6f.jpg?width=720&height=720&hash=4BFE0D7215D9331465DE58685804AB15,"6.9 inch
3.6 inch","HDR10+
120 Hz
FHD+","2640 x 1080
1056 x 1066",POLED,4500 mAh,Nu,,8 GB,256 GB,
"Telefon mobil OPPO Find X9, Dual SIM, 12GB RAM, 512GB, 5G,Titanium Grey","4.999,99 Lei",4999.99 Lei,5(2),https://www.emag.ro/telefon-mobil-oppo-find-x9-dual-sim-12gb-ram-512gb-5g-titanium-grey-cph2797tg/pd/DRFLK13BM/,https://s13emagst.akamaized.net/products/107388/107387435/images/res_bad5b6ba599d4c7fba21b7624ccaa6bc.jpg?width=720&height=720&hash=0FCB462DA34F74F985A9CA45D0A37E74,6.59 inch,"FHD+
460 PPI
Rata de refresh 120 Hz",2760 x 1256,AMOLED,7025 mAh,Nu,Li-Po,12 GB,512 GB,
"Telefon mobil Nokia 3210 (2024), Dual SIM, 4G, Grunge Black","250,00 Lei",250.00 Lei,3.65(26),https://www.emag.ro/telefon-mobil-nokia-3210-2024-dual-sim-4g-grunge-black-1gf025cpa2l10/pd/D65CJFYBM/,https://s13emagst.akamaized.net/products/71608/71607826/images/res_637df4f64b45170f34d9c184a95bf169.jpg?width=720&height=720&hash=BCCD552E0684C0939C2650487068BBF6,2.4 inch,,,TFT,1450 mAh,Da,Li-Ion,64 MB,128 MB,
"Telefon mobil cu clapeta, Panasonic, KX-TU446EXG, ecran de 2.4 inch, 2G, Gri","354,53 Lei",354.53 Lei,4.67(9),https://www.emag.ro/telefon-mobil-cu-clapeta-panasonic-ecran-de-2-4-inch-2g-gri-kx-tu446exg/pd/DR4F7WMBM/,https://s13emagst.akamaized.net/products/56499/56498765/images/res_ad3d44bf9e035707f79f92a07d088d13.jpg?width=720&height=720&hash=2A7998BCCF9CAF4FD683B9CF2A03D086,2.4 inch,,320 x 240,"LCD
TFT",,,,0 MB,0 MB,MicroSD
"Telefon mobil Poco X7, 12GB RAM, 512GB, 5G, Green","1.234,61 Lei",1234.61 Lei,4.33(9),https://www.emag.ro/telefon-mobil-poco-x7-12gb-ram-512gb-5g-green-mzb0iqveu/pd/DYK19GYBM/,https://s13emagst.akamaized.net/products/84480/84479835/images/res_2025b52c7144d3016a8fdfa2659867b0.jpg?width=720&height=720&hash=7C35C2633DC1D34367A851BA94770AAB,6.67 inch,"Dolby Vision
HDR10+
120 Hz
68B colors
1200 nits (HBM)
3000 nits (peak)",1220 x 2712,AMOLED,5110 mAh,,,12 GB,512 GB,
"Telefon mobil Nothing Phone (3), 512GB, 16GB RAM, 5G, White","3.708,78 Lei",3708.78 Lei,4.78(9),https://www.emag.ro/telefon-mobil-nothing-phone-3-512gb-16gb-ram-5g-white-a10000025/pd/DYK48X3BM/,https://s13emagst.akamaized.net/products/98746/98745881/images/res_af4ce33d737b1858f17ffc56dca20491.jpg?width=720&height=720&hash=A43B0D2C1F0EC1B44EACCD3C7FFCDBA0,6.67 inch,"460 PPI
4500 nits (peak)
1.07B culori
Rata de refresh: 30-120 Hz",1260 x 2800,AMOLED,5150 mAh,Nu,Li-Ion,16 GB,512 GB,
"Telefon mobil Nothing Phone (3a) Pro, 256GB, 12GB RAM, 5G, Grey","2.249,99 Lei",2249.99 Lei,4.88(41),https://www.emag.ro/telefon-mobil-nothing-phone-3a-pro-256gb-12gb-ram-5g-grey-a10400167/pd/D835JM3BM/,https://s13emagst.akamaized.net/products/87313/87312737/images/res_faef5a2d824c12a86cc19405b24cb3aa.jpg?width=720&height=720&hash=FD91294720E380616CE33BB990F3F897,6.77 inch,"Always-on display
Rata de reimprospatare de 120 Hz
1.07 miliarde de culori
1300 nits
387 PPI
certificare HDR10+",1080 x 2392,AMOLED,5000 mAh,Nu,,12 GB,256 GB,
"Telefon mobil Poco X7 Pro, 8GB RAM, 256GB, 5G, Green","1.499,00 Lei",1499.00 Lei,4.53(55),https://www.emag.ro/telefon-mobil-poco-x7-pro-8gb-ram-256gb-5g-green-pc-x7pro8gbgrn/pd/DNK19GYBM/,https://s13emagst.akamaized.net/products/84480/84479845/images/res_3fff82b9fa103697f5e9887cbd96385b.jpg?width=720&height=720&hash=2E16FB8EC79D3FE6DEEA089FF313CE72,6.67 inch,"Dolby Vision
HDR10+
120 Hz
68B colors
1400 nits (HBM)
3200 nits (peak)",1220 x 2712,AMOLED,6000 mAh,Da,,8 GB,256 GB,
"Telefon mobil Samsung Galaxy S24 FE, Dual SIM, 8GB RAM, 128GB, 5G, Yellow","2.500,01 Lei",2500.01 Lei,4.76(135),https://www.emag.ro/telefon-mobil-samsung-galaxy-s24-fe-dual-sim-8gb-ram-128gb-5g-yellow-sm-s721bzydeue/pd/DHJ1YZYBM/,https://s13emagst.akamaized.net/products/77658/77657956/images/res_bddab569791e78afb4e26cf6c63b898e.jpg?width=720&height=720&hash=74F7838DEEA1B7F4C6CBA1FA6BD25A42,6.7 inch,"16 milioane de culori
FHD+
Rata de refresh 120 Hz",1080 x 2340,Dynamic AMOLED,4700 mAh,,,8 GB,128 GB,
"Telefon mobil Apple iPhone 16e, 512GB, 5G, Black","4.845,84 Lei",4845.84 Lei,4.51(63),https://www.emag.ro/telefon-mobil-apple-iphone-16e-512gb-5g-black-md1x4zd-a/pd/D1XPCB3BM/,https://s13emagst.akamaized.net/products/86496/86495227/images/res_502bd68a81c5240a92c811e8797db6af.jpg?width=720&height=720&hash=1E5A4A429B8B2F291930C0B87BB83725,6.1 inch,"True tone
Haptic touch
2,000,000:1 contrast ratio
HDR display
Wide color (P3)
800 nits
1200 nits (peak)
Fingerprint-resistant",2532 x 1170,Super Retina XDR,,Nu,Li-Ion,8 GB,512 GB,
"Telefon mobil Xiaomi 15 Ultra, 16GB RAM, 512GB, 5G, White","6.463,84 Lei",6463.84 Lei,4.63(51),https://www.emag.ro/telefon-mobil-xiaomi-15-ultra-16gb-ram-512gb-5g-white-mzb0jhoeu/pd/DHTYYB3BM/,https://s13emagst.akamaized.net/products/85950/85949185/images/res_f3554687d8d923a5ee2762fb4489a1bf.jpg?width=720&height=720&hash=E3E91A112568B83EE3B148ABA3BEB331,6.73 inch,"Rata de reimprospatare de 120 Hz
Rata de raspuns la atingere 300 Hz
3200 nits (peak)",2670 x 1200,AMOLED,,,,16 GB,512 GB,
"Telefon mobil Gamakoo G25 Ultra, Dual SIM, 6GB RAM, 128GB, 6.8"", 5G, Alb","702,09 Lei",702.09 Lei,3(6),https://www.emag.ro/telefon-mobil-gamakoo-g25-ultra-dual-sim-6gb-ram-128gb-6-8-5g-alb-pixstone014/pd/D275Y03BM/,https://s13emagst.akamaized.net/products/95208/95207390/images/res_6a6ba8e1eaedf652f9dc7fa976a06f3d.jpg?width=720&height=720&hash=71DC9AD094A8A49DC1F48CCD3694D797,6.8 inch,,,LCD,6800 mAh,Da,,6 GB,128 GB,MicroSD
"Telefon mobil Poco X7 Pro, 12GB RAM, 256GB, 5G, Green","1.690,80 Lei",1690.80 Lei,4.53(55),https://www.emag.ro/telefon-mobil-poco-x7-pro-12gb-ram-256gb-5g-green-pc-x7pro12gbgrn/pd/DCK19GYBM/,https://s13emagst.akamaized.net/products/84480/84479845/images/res_3fff82b9fa103697f5e9887cbd96385b.jpg?width=720&height=720&hash=2E16FB8EC79D3FE6DEEA089FF313CE72,6.67 inch,"Dolby Vision
HDR10+
120 Hz
68B colors
1400 nits (HBM)
3200 nits (peak)",1220 x 2712,AMOLED,6000 mAh,,,12 GB,256 GB,
"Telefon mobil HONOR 400 Lite, Dual SIM, 8GB RAM, 256GB, Marrs Green - Incarcator HONOR SuperCharge (Max 66W) inclus","1.622,61 Lei",1622.61 Lei,4.67(6),https://www.emag.ro/telefon-mobil-honor-400-lite-dual-sim-8gb-ram-256gb-marrs-green-incarcator-honor-supercharge-max-66w-inclus-5109bruw-5503aahx/pd/DXZ22H3BM/,https://s13emagst.akamaized.net/products/96170/96169887/images/res_d255973809b62725271c8d3700fe6982.jpg?width=720&height=720&hash=42F7D7DE15F0F6E33C9E6E5277013A6A,6.7 inch,"120 Hz
394 PPI
3500 nits peak",1080 x 2412,AMOLED,5230 mAh,"Da, incarcare rapida USB PD",,8 GB,256 GB,
"Telefon mobil Samsung Galaxy A55 Enterprise Edition, 8GB RAM, 128GB, 5G, Awesome Navy","1.748,49 Lei",1748.49 Lei,,https://www.emag.ro/telefon-mobil-samsung-galaxy-a55-enterprise-edition-8gb-ram-128gb-5g-awesome-navy-sm-a556bzkaeeb/pd/DHB429YBM/,https://s13emagst.akamaized.net/products/68482/68481189/images/res_7590dfa4de5ae2bb71654f46cc138fcf.jpg?width=720&height=720&hash=072931766FAC1F608B7E26BB21252F59,6.6 inch,"HDR10+
120 Hz
1000 nits (HBM)",1080 x 2340,Super AMOLED,5000 mAh,Da,Li-Ion,8 GB,128 GB,MicroSDXC
"Telefon mobil iHunt Music P22000 ULTRA, Dual SIM, 256GB, 16GB RAM, 4G","1.195,99 Lei",1195.99 Lei,4.06(17),https://www.emag.ro/telefon-mobil-ihunt-music-p22000-ultra-dual-sim-256gb-16gb-ram-4g-titan-music-p22000-ultra/pd/DLX43CYBM/,https://s13emagst.akamaized.net/products/75837/75836778/images/res_fc682e4c9f2aa87e06756bf1962344b2.jpg?width=720&height=720&hash=92C1E45AA9366D9D310E171DFAFF3395,6.58 inch,,1080 x 2408,TFT,12000 mAh,Da,Li-Ion,16 GB,256 GB,MicroSD
"Telefon mobil Xiaomi Redmi 13, 8GB RAM, 256GB, Midnight Black","875,44 Lei",875.44 Lei,4.45(179),https://www.emag.ro/telefon-mobil-xiaomi-redmi-13-8gb-ram-256gb-midnight-black-mzb0gzbeu/pd/DH19SJYBM/,https://s13emagst.akamaized.net/products/74216/74215566/images/res_6e4c4707ed4b5a1a515d41b201c78300.jpg?width=720&height=720&hash=9495451EF673D0D0B62EB6E6CC4A667A,6.79 inch,"90 Hz
550 niti",1080 x 2460,"LCD
IPS",5030 mAh,,,8 GB,256 GB,MicroSDXC
"Telefon mobil Apple iPhone 14 Plus, 256GB, 5G, Midnight","3.999,00 Lei",3999.00 Lei,4.74(163),https://www.emag.ro/telefon-mobil-apple-iphone-14-plus-256gb-5g-midnight-mq533rx-a/pd/D97Y4LMBM/,https://s13emagst.akamaized.net/products/48592/48591207/images/res_e820dddaa9f4a47c6a661e28d74ea683.jpg?width=720&height=720&hash=DE5F34F418D5B86003985D29612E133B,6.7 inch,"HDR10
Dolby Vision
True tone
Haptic touch
Invelis oleophobic
1200 niti",1284 x 2778,"OLED
Super Retina XDR",,Nu,Li-Ion,6 GB,256 GB,
"Telefon mobil Xiaomi 13 Lite, independent de card, 8 GB RAM, 256 GB ROM, SIM dual, negru","1.199,00 Lei",1199.00 Lei,4(6),https://www.emag.ro/telefon-mobil-xiaomi-13-lite-independent-de-card-8-gb-ram-256-gb-rom-sim-dual-negru-13-lite-8-256-bk/pd/DQT0YGMBM/,https://s13emagst.akamaized.net/products/55481/55480693/images/res_2b55187516bc30da50ad552803f2b6ac.jpg?width=720&height=720&hash=70AE0B44815D9AF8689322A7225A92E6,6.55 inch,"Dolby Vision
402 ppi
HDR10+
DCI-P3
Corning® Gorilla® Glass 5
FHD+
120Hz",2400 x 1080,AMOLED,4500 mAh,,Li-Po,8 GB,128 GB,
"Telefon mobil Google Pixel 10 Pro XL, 256GB, 16GB RAM, 5G, Jade","6.567,96 Lei",6567.96 Lei,4.5(10),https://www.emag.ro/telefon-mobil-google-pixel-10-pro-xl-256gb-16gb-ram-5g-jade-ga10432-gb/pd/DNNG0J3BM/,https://s13emagst.akamaized.net/products/100990/100989856/images/res_5e18587f2d3cf8b5b625cb44838a7a8b.jpg?width=720&height=720&hash=A2DAF2031C2207B43002A5D87DEBC093,6.8 inch,"20:9 ratio
486 PPI
Smooth Display (1 – 120 Hz)
3300 niti",1344 x 2992,OLED,5200 mAh,Nu,,16 GB,256 GB,
"Telefon mobil Apple iPhone 16 Plus, 256GB, 5G, Pink","5.299,99 Lei",5299.99 Lei,4.83(64),https://www.emag.ro/telefon-mobil-apple-iphone-16-plus-256gb-5g-pink-mxy13zd-a/pd/DY367LYBM/,https://s13emagst.akamaized.net/products/76828/76827235/images/res_86358098cb663205bf08dba9b5694451.jpg?width=720&height=720&hash=D1B3268BB9C2A51F68DC23C890BCEF27,6.7 inch,"True tone
Haptic touch
HDR display
Wide color (P3)
Dynamic Island
1000 nit luminozitate maxima (tipic); 1600 nit luminozitate maxima (HDR); 2000 nit luminozitate maxima (in aer liber)
Fingerprint-resistant",2796 x 1290,OLED,,Nu,Li-Ion,8 GB,256 GB,
"Telefon mobil Samsung Galaxy A16, Dual SIM, 8GB RAM, 256GB, 5G, Blue Black","1.169,99 Lei",1169.99 Lei,4.56(106),https://www.emag.ro/telefon-mobil-samsung-galaxy-a16-dual-sim-8gb-ram-256gb-5g-blue-black-sm-a166bzkieue/pd/D5J1YZYBM/,https://s13emagst.akamaized.net/products/77658/77657971/images/res_53231b115bca3f24c08bfa170d2af012.jpg?width=720&height=720&hash=A5136062993F1074B03279CBCA1E74E1,6.7 inch,"FHD+
90 Hz",1080 x 2340,Super AMOLED,5000 mAh,,,8 GB,256 GB,MicroSD
"Telefon mobil Apple iPhone Air, 1TB, 5G, Sky Blue","8.099,99 Lei",8099.99 Lei,4.21(43),https://www.emag.ro/telefon-mobil-apple-iphone-air-1tb-5g-sky-blue-mg304zd-a/pd/DJF9FV3BM/,https://s13emagst.akamaized.net/products/102972/102971622/images/res_0a1b68e5287754f9d4bb3790e2d3204b.jpg?width=720&height=720&hash=51C044B92D913FFE6B768510F33FEE51,6.5 inch,"Always-on display
HDR
True tone
Haptic touch
Wide color (P3)
Dynamic Island
Fingerprint-resistant
Tehnologie ProMotion - rata de refresh adaptiva pana la 120Hz
Anti-reflective coating",2736 x 1260,"OLED
Super Retina XDR",,Nu,Li-Ion,12 GB,1 TB,
"Telefon mobil Huawei P30 Lite, Dual SIM, 128GB, 4G, Midnight Black","576,00 Lei",576.00 Lei,4.4(1005),https://www.emag.ro/telefon-mobil-huawei-p30-lite-dual-sim-128gb-4g-midnight-black-51093npm/pd/DC7W6ZBBM/,https://s13emagst.akamaized.net/products/21151/21150824/images/res_f3d7b7e05b935313a290a9cd922868b0.jpg?width=720&height=720&hash=3BF6FD4A0C684BF11FACC7DAED2AFE89,6.15 inch,"Multi-touch
415 PPI",1080 x 2312,IPS,3340 mAh,,Li-Po,4 GB,128 GB,MicroSD
"Telefon mobil Samsung Galaxy S24 Ultra, Dual SIM, 12GB RAM, 256GB, 5G, Titanium Yellow","5.742,99 Lei",5742.99 Lei,4.74(885),https://www.emag.ro/telefon-mobil-samsung-galaxy-s24-ultra-dual-sim-12gb-ram-256gb-5g-titanium-yellow-sm-s928bzygeue/pd/DLVMHKYBM/,https://s13emagst.akamaized.net/products/64817/64816462/images/res_c37f101caa2274d0a86d796fa9828962.jpg?width=720&height=720&hash=8C06AA685D4CB396E518C97C52B5F7DB,6.8 inch,"120 Hz
QHD",3120 x 1440,Dynamic AMOLED,5000 mAh,,,12 GB,256 GB,
"Telefon mobil Apple iPhone 16 Pro, 256GB, 5G, Natural Titanium","7.502,00 Lei",7502.00 Lei,4.69(466),https://www.emag.ro/telefon-mobil-apple-iphone-16-pro-256gb-5g-natural-titanium-mynl3zd-a/pd/DS367LYBM/,https://s13emagst.akamaized.net/products/76828/76827251/images/res_ce88acf66cdd789032b142e267edd912.jpg?width=720&height=720&hash=7A768CEE142E83A68DF1FF69FDFD6577,6.3 inch,"Always-on display
True tone
Haptic touch
2,000,000:1 contrast ratio
HDR display
Wide color (P3)
Dynamic Island
1000 nit luminozitate maxima (tipic); 1600 nit luminozitate maxima (HDR); 2000 nit luminozitate maxima (in aer liber)
Fingerprint-resistant",2622 x 1206,OLED,,Nu,Li-Ion,8 GB,256 GB,
"Telefon mobil Apple iPhone Air, 256GB, 5G, Light Gold","5.699,99 Lei",5699.99 Lei,4.21(43),https://www.emag.ro/telefon-mobil-apple-iphone-air-256gb-5g-light-gold-mg2n4zd-a/pd/DDF9FV3BM/,https://s13emagst.akamaized.net/products/102972/102971621/images/res_d671b50530a4f7edbc7a5644cad85964.jpg?width=720&height=720&hash=F4417FDBEDD0E2BC59F8BDF64A01DF77,6.5 inch,"Always-on display
HDR
True tone
Haptic touch
Wide color (P3)
Dynamic Island
Fingerprint-resistant
Tehnologie ProMotion - rata de refresh adaptiva pana la 120Hz
Anti-reflective coating",2736 x 1260,"OLED
Super Retina XDR",,Nu,Li-Ion,12 GB,256 GB,
"Telefon Mobil Seniori cu Taste Mari, CZAY® Meniu in Limba Romana, Autonomie 7 Zile, Volum Puternic Reglabil, Buton SOS, 2G, Dual Sim, Ecran LCD Generos, Color, Usor de Folosit pentru Varstnici, Pensionari si Bunici, Lanterna, Radio, Bluetooth, Rezistent","225,99 Lei",225.99 Lei,4.68(40),https://www.emag.ro/telefon-mobil-seniori-cu-taste-mari-czayr-meniu-in-limba-romana-autonomie-7-zile-volum-puternic-reglabil-buton-sos-2g-dual-sim-ecran-lcd-generos-color-usor-de-folosit-pentru-varstnici-pensionari-si-bu/pd/D97JJ5YBM/,https://s13emagst.akamaized.net/products/81763/81762049/images/res_09c43b7dac3dc4e10ca332c6d733ed84.png?width=720&height=720&hash=66C806B8524F8A77882C1DE542FDD5CA,1.77 inch,,128 x 160,LCD,1000 mAh,Da,BL-5C,32 MB,32 MB,SD
"Telefon mobil Apple iPhone 17, 512GB, 5G, Lavender","6.599,99 Lei",6599.99 Lei,4.71(86),https://www.emag.ro/telefon-mobil-apple-iphone-17-512gb-5g-lavender-mg6u4zd-a/pd/DT99FV3BM/,https://s13emagst.akamaized.net/products/102972/102971584/images/res_3f2e770c8aef9c446a110363746a8c09.jpg?width=720&height=720&hash=997115210F506DB0894D461B61756581,6.3 inch,"Always-on display
True tone
Haptic touch
HDR display
Wide color (P3)
Dynamic Island
Fingerprint-resistant
Tehnologie ProMotion - rata de refresh adaptiva pana la 120Hz
Anti-reflective coating",2622 x 1206,"OLED
Super Retina XDR",,Nu,Li-Ion,8 GB,512 GB,
"Telefon mobil Xiaomi Redmi Note 14 Pro, 8GB RAM, 256GB, Aurora Purple","999,99 Lei",999.99 Lei,4.43(67),https://www.emag.ro/telefon-mobil-xiaomi-redmi-note-14-pro-8gb-ram-256gb-aurora-purple-mzb0ivxeu/pd/DBP3DGYBM/,https://s13emagst.akamaized.net/products/84223/84222412/images/res_e31acb840a572e641a8c234ffdf864e2.jpg?width=720&height=720&hash=117972D044A7430BB38185972748454C,6.67 inch,"Rata de refresh 120 Hz
1800 nits (peak)
Sunlight display
Reading mode
Contrast ratio: 5,000,000:1",2400 x 1080,AMOLED,5500 mAh,,,8 GB,256 GB,
"Telefon Mobil ZTE nubia Z80 Ultra, 5G, Dual SIM, Procesor Snapdragon 8 Elite, Ecran AMOLED 6.85"", 16GB RAM, 512GB Flash, Starry Night","5.499,00 Lei",5499.00 Lei,5(1),https://www.emag.ro/telefon-mobil-zte-nubia-z80-ultra-5g-dual-sim-procesor-snapdragon-8-elite-ecran-amoled-6-85-16gb-ram-512gb-flash-starry-night-nx741j-bl/pd/DJB9J53BM/,https://s13emagst.akamaized.net/products/110390/110389125/images/res_419ff81cd4d5552800bf63192f1d0e75.png?width=720&height=720&hash=8E3ED54561837322B4C542A299C49D9F,6.85 inch,,1216 x 2688,IPS,,,,16 GB,512 GB,
"Telefon mobil Google Pixel 10, 128GB, 12GB RAM, 5G, Indigo","3.594,60 Lei",3594.60 Lei,5(5),https://www.emag.ro/telefon-mobil-google-pixel-10-128gb-12gb-ram-5g-indigo-ga10216-gb/pd/DZKG0J3BM/,https://s13emagst.akamaized.net/products/100990/100989838/images/res_19a6f120b509b2f7b6e1c78f1b3e0c1f.jpg?width=720&height=720&hash=7AEC83974ABD66CB43747951F711F593,6.3 inch,"20:9 ratio
3000 nits (varf)
Smooth Display (60 – 120 Hz)",1080 x 2424,OLED,4970 mAh,Nu,,12 GB,128 GB,
"Telefon mobil Xiaomi 15T, 12GB RAM, 512GB ROM, 5G Gray + Woven Strap Ring Stand","2.999,99 Lei",2999.99 Lei,4.6(30),https://www.emag.ro/telefon-mobil-xiaomi-15t-12gb-ram-512gb-rom-5g-gray-woven-strap-ring-stand-mzb0n38eu/pd/DR9M943BM/,https://s13emagst.akamaized.net/products/103853/103852846/images/res_9a23d9322eed753023d4362b6cf56070.jpg?width=720&height=720&hash=6F88FA1D3804CEC344EA8636C1628199,6.83 inch,"Dolby Vision
Rata de reimprospatare de pana la 120 Hz
HDR 10+
Touch sampling rate: Up to 480Hz
3200 niti (varf)
447 ppi",2772 x 1280,AMOLED,5500 mAh,Nu,,12 GB,512 GB,
"Telefon mobil Apple iPhone 16e, 512GB, 5G, White","4.999,99 Lei",4999.99 Lei,4.51(63),https://www.emag.ro/telefon-mobil-apple-iphone-16e-512gb-5g-white-md274zd-a/pd/DQXPCB3BM/,https://s13emagst.akamaized.net/products/86496/86495228/images/res_c33fa5d00e84c0d9a583ccec696fc2a3.jpg?width=720&height=720&hash=C79B4E5A86DA461F5AD53BD2DC8C218F,6.1 inch,"True tone
Haptic touch
2,000,000:1 contrast ratio
HDR display
Wide color (P3)
800 nits
1200 nits (peak)
Fingerprint-resistant",2532 x 1170,Super Retina XDR,,Nu,Li-Ion,8 GB,512 GB,
"Telefon mobil Google Pixel 9a, 128GB, 8GB RAM, 5G, Iris","2.082,50 Lei",2082.50 Lei,4.68(34),https://www.emag.ro/telefon-mobil-google-pixel-9a-128gb-8gb-ram-5g-iris-ga09564-gb/pd/D8G93Y3BM/,https://s13emagst.akamaized.net/products/87839/87838249/images/res_24e3efcf898808a3142614ac58ff0f2b.jpg?width=720&height=720&hash=F660314FC970F750A1A5225B4F7F0627,6.3 inch,"Always-on display
HDR10+
Protectie sticla Corning Gorilla Glass 3
Refresh rate 120Hz
1800 nits (HBM)
2700 nits (peak)",1080 x 2424,OLED,5100 mAh,Nu,Li-Po,8 GB,128 GB,
"Telefon mobil Apple iPhone 16 Pro, 128GB, 5G, Desert Titanium","7.062,00 Lei",7062.00 Lei,4.69(466),https://www.emag.ro/telefon-mobil-apple-iphone-16-pro-128gb-5g-desert-titanium-mynf3zd-a/pd/DH367LYBM/,https://s13emagst.akamaized.net/products/76828/76827249/images/res_43264b7008b32c46f8138d48f1b964c1.jpg?width=720&height=720&hash=1C1A9198FDF45E7F469617B8F54C1C73,6.3 inch,"Always-on display
True tone
Haptic touch
2,000,000:1 contrast ratio
HDR display
Wide color (P3)
Dynamic Island
1000 nit luminozitate maxima (tipic); 1600 nit luminozitate maxima (HDR); 2000 nit luminozitate maxima (in aer liber)
Fingerprint-resistant",2622 x 1206,OLED,,Nu,Li-Ion,8 GB,128 GB,
"Telefon mobil Oppo Reno12, 12GB RAM, 256GB, 5G, Black Brown","1.500,00 Lei",1500.00 Lei,5(11),https://www.emag.ro/telefon-mobil-oppo-reno12-12gb-ram-256gb-5g-black-brown-kxg0168844/pd/D2LFBVYBM/,https://s13emagst.akamaized.net/products/73897/73896750/images/res_d2ec38ad25455b1dc94e919a19eafde7.jpg?width=720&height=720&hash=D2FD78A2CB32E056C0122EEF8BFD7557,6.7 inch,"HDR10+
120 Hz
1200 nits (peak)
1B colors",1080 x 2412,AMOLED,5000 mAh,Da,,12 GB,256 GB,MicroSDXC
"Telefon mobil Apple iPhone 16 Pro, 128GB, 5G, White Titanium","6.340,00 Lei",6340.00 Lei,4.69(466),https://www.emag.ro/telefon-mobil-apple-iphone-16-pro-128gb-5g-white-titanium-myne3zd-a/pd/D0367LYBM/,https://s13emagst.akamaized.net/products/76828/76827248/images/res_94bd24240ffa9e2a5b1d01233578b4e0.jpg?width=720&height=720&hash=703BE5FA1693654B2988B796D1CEE841,6.3 inch,"Always-on display
True tone
Haptic touch
2,000,000:1 contrast ratio
HDR display
Wide color (P3)
Dynamic Island
1000 nit luminozitate maxima (tipic); 1600 nit luminozitate maxima (HDR); 2000 nit luminozitate maxima (in aer liber)
Fingerprint-resistant",2622 x 1206,OLED,,Nu,Li-Ion,8 GB,128 GB,
"Telefon mobil Google Pixel 10 Pro XL, 256GB, 16GB RAM, 5G, Porcelain","5.449,00 Lei",5449.00 Lei,4.5(10),https://www.emag.ro/telefon-mobil-google-pixel-10-pro-xl-256gb-16gb-ram-5g-porcelain-ga10424-gb/pd/DTNG0J3BM/,https://s13emagst.akamaized.net/products/100990/100989854/images/res_8b3968f12a0a7bd6a2c79f9c2e8b5980.jpg?width=720&height=720&hash=7D282983C07746606EF31A7F04897999,6.8 inch,"20:9 ratio
486 PPI
Smooth Display (1 – 120 Hz)
3300 niti",1344 x 2992,OLED,5200 mAh,Nu,,16 GB,256 GB,
"Telefon mobil Nothing Phone (3a), 128GB, 8GB RAM, 5G, Black","1.481,35 Lei",1481.35 Lei,4.91(43),https://www.emag.ro/telefon-mobil-nothing-phone-3a-128gb-8gb-ram-5g-black-a10400142/pd/D435JM3BM/,https://s13emagst.akamaized.net/products/87313/87312728/images/res_843fd0082ab70567a39ecc9a65cd0f56.jpg?width=720&height=720&hash=81C06E83AE8591CD5FA028B2DB1F110D,6.77 inch,"Always-on display
Rata de reimprospatare de 120 Hz
1.07 miliarde de culori
1300 nits
387 PPI
certificare HDR10+",1080 x 2392,AMOLED,5000 mAh,Nu,,8 GB,128 GB,
"Telefon mobil Apple iPhone Air, 512GB, 5G, Cloud White","6.899,99 Lei",6899.99 Lei,4.21(43),https://www.emag.ro/telefon-mobil-apple-iphone-air-512gb-5g-cloud-white-mg2t4zd-a/pd/DNF9FV3BM/,https://s13emagst.akamaized.net/products/102972/102971620/images/res_5258b4f330b5902aa15021ebfef3a0a3.jpg?width=720&height=720&hash=52221577345620E6269F33AE3076F199,6.5 inch,"Always-on display
HDR
True tone
Haptic touch
Wide color (P3)
Dynamic Island
Fingerprint-resistant
Tehnologie ProMotion - rata de refresh adaptiva pana la 120Hz
Anti-reflective coating",2736 x 1260,"OLED
Super Retina XDR",,Nu,Li-Ion,12 GB,512 GB,
"Telefon mobil Redmi 15C, albastru Moonlight, 8/256GB","760,00 Lei",760.00 Lei,,https://www.emag.ro/telefon-mobil-redmi-15c-albastru-moonlight-8-256gb-kxg0299803/pd/DBSNFJ3BM/,https://s13emagst.akamaized.net/products/101120/101119830/images/res_46eed05a08a9d24310a91e4cdc7d34da.jpg?width=720&height=720&hash=C36A5E21D54DCE793BF549DFDB9D71C2,,,,,,,,8 GB,256 GB,
"Telefon mobil pentru seniori, dual SIM, color, taste mari, meniu in limba Romana, buton SOS, Bluetooth, lanterna, radio, negru","180,00 Lei",180.00 Lei,,https://www.emag.ro/telefon-mobil-pentru-seniori-dual-sim-color-taste-mari-meniu-in-limba-romana-buton-sos-bluetooth-lanterna-radio-negru-telefon-cs181/pd/DXLPBQMBM/?ref=smart-history-ml_1_1&provider=rec&recid=rec_4_9e5d324717357c33085f5a1233e6918027f2d4509a8547466673b9e9acd9340f_1767474370&scenario_ID=4,https://s13emagst.akamaized.net/products/50806/50805851/images/res_65d5ec35caa79fb4820b8544da0c3a3a.png?width=300&height=300&hash=52A6B5DA9219E5124081D6E6AEB02844,1.8 inch,,,,800 mAh,Da,BL-5C,32 MB,24 MB,SD
"Telefon mobil pentru seniori, cu meniul in limba Romana, taste mari, buton SOS, micro SIM, retea 4G, Functie Apelare Rapida, Bluetooth, Radio, Camera, Lanterna","237,00 Lei",237.00 Lei,4.94(1173),https://www.emag.ro/telefon-mobil-pentru-seniori-cu-meniul-in-limba-romana-taste-mari-buton-sos-micro-sim-retea-4g-functie-apelare-rapida-bluetooth-radio-camera-lanterna-telefon-c1-4g/pd/D4QJLRYBM/?ref=smart-history-ml_1_2&provider=rec&recid=rec_4_9e5d324717357c33085f5a1233e6918027f2d4509a8547466673b9e9acd9340f_1767474370&scenario_ID=4,https://s13emagst.akamaized.net/products/80989/80988077/images/res_8fa578c970729c85d4d0cfcf6f7c4820.png?width=300&height=300&hash=33CF461B6567607B94367D82BA50A67B,1.77 inch,,,LCD,1800 mAh,Da,Li-Ion,128 MB,48 MB,MicroSD
"Telefon Mobil Seniori cu Taste Mari, CZAY® Meniu in Limba Romana, Autonomie 7 Zile, Volum Puternic Reglabil, Buton SOS, 2G, Dual Sim, Ecran LCD Generos, Color, Usor de Folosit pentru Varstnici, Pensionari si Bunici, Lanterna, Radio, Bluetooth, Rezistent","225,99 Lei",225.99 Lei,4.68(40),https://www.emag.ro/telefon-mobil-seniori-cu-taste-mari-czayr-meniu-in-limba-romana-autonomie-7-zile-volum-puternic-reglabil-buton-sos-2g-dual-sim-ecran-lcd-generos-color-usor-de-folosit-pentru-varstnici-pensionari-si-bu/pd/D97JJ5YBM/?ref=smart-history-ml_1_3&provider=rec&recid=rec_4_9e5d324717357c33085f5a1233e6918027f2d4509a8547466673b9e9acd9340f_1767474370&scenario_ID=4,https://s13emagst.akamaized.net/products/81763/81762049/images/res_09c43b7dac3dc4e10ca332c6d733ed84.png?width=300&height=300&hash=66E6AE8D6C1339E69CF5D9BF2618DA46,1.77 inch,,128 x 160,LCD,1000 mAh,Da,BL-5C,32 MB,32 MB,SD
"Telefon mobil iHunt Senior Comfort, Display 1.77"", Dual SIM, GSM, Bluetooth, Camera, Meniu Limba Romana, Taste Mari, Lanterna, Radio FM fara cablu, Baterie 1000mAh, Buton SOS, Sunet Puternic, Negru","99,98 Lei",99.98 Lei,4.75(16),https://www.emag.ro/telefon-mobil-ihunt-senior-comfort-display-1-77-dual-sim-gsm-bluetooth-camera-meniu-limba-romana-taste-mari-lanterna-radio-fm-fara-cablu-baterie-1000mah-buton-sos-sunet-puternic-negru-senior-comfort/pd/D2ZWP93BM/?ref=smart-history-ml_1_4&provider=rec&recid=rec_4_9e5d324717357c33085f5a1233e6918027f2d4509a8547466673b9e9acd9340f_1767474370&scenario_ID=4,https://s13emagst.akamaized.net/products/99204/99203755/images/res_1d1209bfab30c26f74511e1488567f37.jpg?width=300&height=300&hash=B4FDDEFEE8AB1D30B47132BA3CCBBF54,1.77 inch,,128 x 160,TFT,1000 mAh,Da,Li-Ion,32 MB,32 MB,MicroSD
"Telefon mobil pentru seniori, cu meniul in limba Romana, Stand pentru incarcare, taste mari, buton SOS, Dual SIM, Retea 4G, Baterie 1800 mAh, Functie Apelare Rapida, Usor de folosit pentru varstnici, pensionari si bunici, Lanterna, Diagonala ecran 6.1 cm","249,99 Lei",249.99 Lei,4.96(604),https://www.emag.ro/telefon-mobil-pentru-seniori-cu-meniul-in-limba-romana-stand-pentru-incarcare-taste-mari-buton-sos-dual-sim-retea-4g-baterie-1800-mah-functie-apelare-rapida-usor-de-folosit-pentru-varstnici-pensionari/pd/DTWK8GYBM/?ref=smart-history-ml_1_5&provider=rec&recid=rec_4_9e5d324717357c33085f5a1233e6918027f2d4509a8547466673b9e9acd9340f_1767474370&scenario_ID=4,https://s13emagst.akamaized.net/products/84884/84883184/images/res_3eaf1c1278820a611548b9397654c266.png?width=300&height=300&hash=0B0D1EBE3840DFDCD35B67F0A133819C,2.4 inch,,,LCD,1800 mAh,Da,Li-Ion,128 MB,48 MB,MicroSD
"Telefon mobil pentru seniori, cu meniul in limba Romana, Stand pentru incarcare, taste mari, buton SOS, micro SIM, retea 4G, Functie Apelare rapida, Lanterna","220,00 Lei",220.00 Lei,4.95(843),https://www.emag.ro/telefon-mobil-pentru-seniori-cu-meniul-in-limba-romana-stand-pentru-incarcare-taste-mari-buton-sos-micro-sim-retea-4g-functie-apelare-rapida-lanterna-telefon-c1-stand/pd/DBY7PGYBM/?ref=smart-history-ml_1_6&provider=rec&recid=rec_4_9e5d324717357c33085f5a1233e6918027f2d4509a8547466673b9e9acd9340f_1767474370&scenario_ID=4,https://s13emagst.akamaized.net/products/84403/84402770/images/res_e76eb0344d7d0d953d720280a6767e39.png?width=300&height=300&hash=2D6F5B727B52C2C35DBA622E794D5690,1.77 inch,,,,1800 mAh,Da,,128 MB,48 MB,MicroSD
"Telefon mobil Samsung Galaxy A35, Dual SIM, 8GB, 128GB, 5G, Awesome Lilac","1.449,00 Lei",1449.00 Lei,4.67(244),https://www.emag.ro/telefon-mobil-samsung-galaxy-a35-dual-sim-8gb-128gb-5g-awesome-lilac-sm-a356elvmea/pd/DPXCVPYBM/,https://s13emagst.akamaized.net/products/68736/68735150/images/res_f258143ee4df0953e748618f5aaab096.jpg?width=720&height=720&hash=B85DE47B46D2264AAB7D218364B3255D,6.6 inch,120 Hz,1080 x 2340,Super AMOLED,5000 mAh,,,8 GB,128 GB,MicroSDXC
"Telefon mobil Motorola Edge 50 Pro, Dual SIM, 512GB, 12GB RAM, 5G, Luxe Lavender","2.580,93 Lei",2580.93 Lei,4.31(110),https://www.emag.ro/telefon-mobil-motorola-edge-50-pro-dual-sim-512gb-12gb-ram-5g-luxe-lavender-pb1j0004pl/pd/D8NB0XYBM/,https://s13emagst.akamaized.net/products/69563/69562292/images/res_5c2842529e5e9a9efd57b45bb1bbaf72.jpg?width=720&height=720&hash=38EEAB0C3723A8FF874D3827E6595B16,6.7 inch,"HDR10+
446 PPI
Rata de reimprospatare de 144 Hz",2712 x 1220,POLED,4500 mAh,,,12 GB,512 GB,
"Telefon mobil Apple iPhone 16 Pro, 128GB, 5G, Natural Titanium","6.875,99 Lei",6875.99 Lei,4.69(466),https://www.emag.ro/telefon-mobil-apple-iphone-16-pro-128gb-5g-natural-titanium-myng3zd-a/pd/DX367LYBM/,https://s13emagst.akamaized.net/products/76828/76827251/images/res_ce88acf66cdd789032b142e267edd912.jpg?width=720&height=720&hash=7A768CEE142E83A68DF1FF69FDFD6577,6.3 inch,"Always-on display
True tone
Haptic touch
2,000,000:1 contrast ratio
HDR display
Wide color (P3)
Dynamic Island
1000 nit luminozitate maxima (tipic); 1600 nit luminozitate maxima (HDR); 2000 nit luminozitate maxima (in aer liber)
Fingerprint-resistant",2622 x 1206,OLED,,Nu,Li-Ion,8 GB,128 GB,
"Telefon mobil Apple iPhone 14, 128GB, 5G, Yellow","3.424,00 Lei",3424.00 Lei,4.78(570),https://www.emag.ro/telefon-mobil-apple-iphone-14-128gb-5g-yellow-mr3x3rx-a/pd/DYYTV6MBM/,https://s13emagst.akamaized.net/products/54108/54107250/images/res_af48fcbe74f3c7f51c5685066a84f0ff.jpg?width=720&height=720&hash=44A09A6D36542A6918AF797DCB71ABCA,6.1 inch,"True tone
Haptic touch
2,000,000:1 contrast ratio
800 nits (typ), 1200 nits (peak)
HDR display
Wide color (P3)",1170 x 2532,OLED,,Nu,Li-Ion,6 GB,128 GB,
"Telefon mobil Samsung Galaxy A17, Dual SIM, 8GB RAM, 128GB, 4G, Black","1.451,76 Lei",1451.76 Lei,5(1),https://www.emag.ro/telefon-mobil-samsung-galaxy-a17-dual-sim-8gb-ram-128gb-4g-black-sm-gxa17bk4g/pd/DF3BP53BM/,https://s13emagst.akamaized.net/products/110257/110256599/images/res_ad243973423794c900e6b01722034260.jpg?width=720&height=720&hash=C90742ED4D9859210FB37007EE7C83E2,6.7 inch,90 Hz,1080 x 2340,Super AMOLED,5000 mAh,Nu,,8 GB,128 GB,MicroSDXC
"Telefon mobil Samsung Galaxy A36, Dual SIM, 8GB RAM, 128GB, 5G, Awesome Lime","1.300,00 Lei",1300.00 Lei,4.65(99),https://www.emag.ro/telefon-mobil-samsung-galaxy-a36-dual-sim-8gb-ram-128gb-5g-awesome-lime-sm-a336elgdcac/pd/D7TSS03BM/,https://s13emagst.akamaized.net/products/95646/95645669/images/res_8d54033a805bf0cc536844201808475d.jpg?width=720&height=720&hash=907F5D5A06957764B93CDC0F8DBE2180,6.7 inch,"120 Hz
1200 nits (HBM)",1080 x 2340,Super AMOLED,5000 mAh,Nu,,8 GB,128 GB,NM
"Telefon mobil Apple iPhone Air, 256GB, 5G, Cloud White","5.699,99 Lei",5699.99 Lei,4.21(43),https://www.emag.ro/telefon-mobil-apple-iphone-air-256gb-5g-cloud-white-mg2m4zd-a/pd/D7F9FV3BM/,https://s13emagst.akamaized.net/products/102972/102971620/images/res_5258b4f330b5902aa15021ebfef3a0a3.jpg?width=720&height=720&hash=52221577345620E6269F33AE3076F199,6.5 inch,"Always-on display
HDR
True tone
Haptic touch
Wide color (P3)
Dynamic Island
Fingerprint-resistant
Tehnologie ProMotion - rata de refresh adaptiva pana la 120Hz
Anti-reflective coating",2736 x 1260,"OLED
Super Retina XDR",,Nu,Li-Ion,12 GB,256 GB,
"Telefon mobil MyPhone Halo Easy, Red","104,99 Lei",104.99 Lei,3.84(44),https://www.emag.ro/telefon-mobil-myphone-halo-easy-red-tel000346/pd/DMKWT7BBM/,https://s13emagst.akamaized.net/products/4856/4855221/images/res_b7c4471c83cc295875295cecf2d96dc8.jpg?width=720&height=720&hash=D5D52B3228625C9EB233C5944ECC4A2D,1.8 inch,,,,1000 mAh,,,2 MB,2 MB,MicroSD
"Telefon mobil Samsung Galaxy XCover6 Pro, 128GB, 6GB RAM, 5G, Black Enterprise Edition","1.475,00 Lei",1475.00 Lei,4.86(7),https://www.emag.ro/telefon-mobil-samsung-galaxy-xcover6-pro-128gb-6gb-ram-5g-black-enterprise-edition-sm-g736bzkdeee/pd/DM8K8LMBM/,https://s13emagst.akamaized.net/products/46844/46843652/images/res_98a2b1858800d622123ef6a9753a0d2c.jpg?width=720&height=720&hash=52314ED9E89D8B527EBDFF162083A4DF,6.6 inch,"Aspect Ratio: 20:9
400 ppi",1080 x 2408,TFT,4050 mAh,,Li-Po,6 GB,128 GB,MicroSD
"Telefon mobil Samsung Galaxy S24, Dual SIM, 8GB RAM, 128GB, 5G, Cobalt Violet","3.009,99 Lei",3009.99 Lei,4.65(494),https://www.emag.ro/telefon-mobil-samsung-galaxy-s24-dual-sim-8gb-ram-128gb-5g-cobalt-violet-sm-s921bzvdeue/pd/DQ5L7KYBM/,https://s13emagst.akamaized.net/products/64817/64816436/images/res_6e02536491ffe1eeca3f915ff300d2bc.jpg?width=720&height=720&hash=E05681587BCD031E41CFDB039A0B3A16,6.2 inch,"120 Hz
FHD+",2340 x 1080,Dynamic AMOLED,4000 mAh,,,8 GB,128 GB,
"Telefon mobil Apple iPhone Air, 512GB, 5G, Sky Blue","6.529,99 Lei",6529.99 Lei,4.21(43),https://www.emag.ro/telefon-mobil-apple-iphone-air-512gb-5g-sky-blue-mg2v4zd-a/pd/DHF9FV3BM/,https://s13emagst.akamaized.net/products/102972/102971622/images/res_0a1b68e5287754f9d4bb3790e2d3204b.jpg?width=720&height=720&hash=51C044B92D913FFE6B768510F33FEE51,6.5 inch,"Always-on display
HDR
True tone
Haptic touch
Wide color (P3)
Dynamic Island
Fingerprint-resistant
Tehnologie ProMotion - rata de refresh adaptiva pana la 120Hz
Anti-reflective coating",2736 x 1260,"OLED
Super Retina XDR",,Nu,Li-Ion,12 GB,512 GB,
Telefon Mobil Maxcom MM248 4G Dual Sim Black,"151,25 Lei",151.25 Lei,4.41(17),https://www.emag.ro/telefon-mobil-maxcom-mm248-4g-dual-sim-black-mm248-4g-black/pd/DT6CJFYBM/,https://s13emagst.akamaized.net/products/68637/68636977/images/res_012a26d71597cde5f25f0d8ea5d0cc76.jpg?width=720&height=720&hash=85F9BCD76F1EEA2FAA21B5976F16D1D4,2.4 inch,,240 x 320,,1000 mAh,Da,Li-Ion,0 MB,48 MB,MicroSD
"Telefon mobil Google Pixel 10, 256GB, 12GB RAM, 5G, Indigo","5.194,75 Lei",5194.75 Lei,5(5),https://www.emag.ro/telefon-mobil-google-pixel-10-256gb-12gb-ram-5g-indigo-ga10219-gb/pd/DQKG0J3BM/,https://s13emagst.akamaized.net/products/100990/100989838/images/res_19a6f120b509b2f7b6e1c78f1b3e0c1f.jpg?width=720&height=720&hash=7AEC83974ABD66CB43747951F711F593,6.3 inch,"20:9 ratio
3000 nits (varf)
Smooth Display (60 – 120 Hz)",1080 x 2424,OLED,4970 mAh,Nu,,12 GB,256 GB,
"Telefon mobil Apple iPhone 15 Plus, 128GB, 5G, Blue","4.250,00 Lei",4250.00 Lei,4.82(153),https://www.emag.ro/telefon-mobil-apple-iphone-15-plus-128gb-5g-blue-mu163rx-a/pd/DNCH93YBM/,https://s13emagst.akamaized.net/products/60458/60457139/images/res_40465a8a7f9960c96c98670cba5cae1f.jpg?width=720&height=720&hash=85EB517A39D387BC53AE611A27D81B76,6.7 inch,"True tone
Haptic touch
2,000,000:1 contrast ratio
HDR display
Wide color (P3)
Dynamic Island",2796 x 1290,Super Retina XDR,,Nu,Li-Ion,6 GB,128 GB,
"Telefon mobil Xiaomi 15T Pro, 12GB RAM, 512GB ROM, 5G Black + Woven Strap Ring Stand","4.299,99 Lei",4299.99 Lei,4.7(23),https://www.emag.ro/telefon-mobil-xiaomi-15t-pro-12gb-ram-512gb-rom-5g-black-woven-strap-ring-stand-mzb0n3ceu/pd/DW9M943BM/,https://s13emagst.akamaized.net/products/103853/103852848/images/res_c1d78f90a223b5356e966f0df6e681c4.jpg?width=720&height=720&hash=B55FBACDC55EC36EDDE1395CF44C4404,6.83 inch,"Dolby Vision
Rata de reimprospatare de 144 Hz
HDR 10+
Touch sampling rate: Up to 480Hz
3200 niti (varf)
447 ppi
Rata de reimprospatare de pana la 144 Hz",2772 x 1280,AMOLED,5500 mAh,Nu,,12 GB,512 GB,
"Telefon mobil Xiaomi 15T Pro, 12GB RAM, 256GB ROM, 5G Gray + Woven Strap Ring Stand","3.499,99 Lei",3499.99 Lei,4.7(23),https://www.emag.ro/telefon-mobil-xiaomi-15t-pro-12gb-ram-256gb-rom-5g-gray-woven-strap-ring-stand-mzb0n3eeu/pd/D89M943BM/,https://s13emagst.akamaized.net/products/103853/103852849/images/res_a59fba9d2996644550eac16572c7a1cf.jpg?width=720&height=720&hash=C8E733B8526A4934E6641C6F372EA138,6.83 inch,"Dolby Vision
Rata de reimprospatare de 144 Hz
HDR 10+
Touch sampling rate: Up to 480Hz
3200 niti (varf)
447 ppi
Rata de reimprospatare de pana la 144 Hz",2772 x 1280,AMOLED,5500 mAh,Nu,,12 GB,256 GB,
"Telefon mobil Apple iPhone 16 Pro Max, 1TB, 5G, White Titanium","8.933,99 Lei",8933.99 Lei,4.81(501),https://www.emag.ro/telefon-mobil-apple-iphone-16-pro-max-1tb-5g-white-titanium-myx53zd-a/pd/DT267LYBM/,https://s13emagst.akamaized.net/products/76828/76827267/images/res_1a48e9c550441f25537743270cc6cfc6.jpg?width=720&height=720&hash=5BB6FD763621955ED3E3B301288CE1B2,6.9 inch,"Always-on display
True tone
Haptic touch
2,000,000:1 contrast ratio
HDR display
Wide color (P3)
Dynamic Island
1000 nit luminozitate maxima (tipic); 1600 nit luminozitate maxima (HDR); 2000 nit luminozitate maxima (in aer liber)
Fingerprint-resistant",2868 x 1320,OLED,,Nu,Li-Ion,8 GB,1 TB,
"Telefon mobil Apple iPhone 14, 512GB, 5G, Starlight","4.099,99 Lei",4099.99 Lei,4.78(570),https://www.emag.ro/telefon-mobil-apple-iphone-14-512gb-5g-starlight-mpx33rx-a/pd/D77Y4LMBM/,https://s13emagst.akamaized.net/products/48592/48591193/images/res_467c241e448b89e2882bb298bcdac506.jpg?width=720&height=720&hash=80149EC336DEEFD324DC852B5BC5E4A7,6.1 inch,"True tone
Haptic touch
2,000,000:1 contrast ratio
800 nits (typ), 1200 nits (peak)
HDR display
Wide color (P3)",1170 x 2532,OLED,,Nu,Li-Ion,6 GB,512 GB,
"Telefon mobil Honor 400, 8GB RAM, 256GB, 5G, Desert Gold","1.802,49 Lei",1802.49 Lei,4.86(14),https://www.emag.ro/telefon-mobil-honor-400-8gb-ram-256gb-5g-desert-gold-hn-h400dsgd256/pd/D0ZDJV3BM/,https://s13emagst.akamaized.net/products/102994/102993945/images/res_1fb15e55fa331959b710e967c95a9f34.jpg?width=720&height=720&hash=BE750B2E29FE0F6776B398821F2842CD,6.55 inch,"HDR
120 Hz
1B colors
5000 nits (peak)",1264 x 2736,AMOLED,5300 mAh,Nu,Li-Ion,8 GB,256 GB,
"Telefon mobil Motorola edge 70, 12GB RAM, 512 GB, PANTONE Lily Pad","3.999,99 Lei",3999.99 Lei,4.83(18),https://www.emag.ro/telefon-mobil-motorola-edge-70-12gb-ram-512-gb-pantone-lily-pad-pba50024pl/pd/D38T813BM/,https://s13emagst.akamaized.net/products/107971/107970182/images/res_eb6dc7f93e172df3d71c2d6a4741efc4.jpg?width=720&height=720&hash=38F2061D8237429BE1EDA63C3A4BE5F7,6.67 inch,"HDR10+
446 PPI
Rata de refresh 120 Hz",2717 x 1220,AMOLED,4800 mAh,Nu,Li-Ion,12 GB,512 GB,
"Telefon mobil realme GT 8 Pro Aston Martin Racing, 512GB, 16GB RAM, Green","6.600,01 Lei",6600.01 Lei,1(1),https://www.emag.ro/telefon-mobil-realme-gt-8-pro-aston-martin-racing-512gb-16gb-ram-green-631002004719/pd/DMS3ZL3BM/,https://s13emagst.akamaized.net/products/105941/105940207/images/res_03d4b4f15e210fc6faba3c91f1c63792.jpg?width=720&height=720&hash=4F475F23B990391662EF25A88853404E,6.78 inch,"Dolby Vision
Rata de reimprospatare de 144 Hz
HDR 10+
7000 nits",3136 x 1440,AMOLED,7000 mAh,Nu,Li-Ion,16 GB,512 GB,
"Telefon mobil Realme GT 7, 12GB RAM, 512GB, 5G, Negru","2.478,08 Lei",2478.08 Lei,,https://www.emag.ro/telefon-mobil-realme-gt-7-12gb-ram-512gb-5g-negru-gt7-12-512-black/pd/D6P0RS3BM/,https://s13emagst.akamaized.net/products/102343/102342094/images/res_a2727ef58a8a4123ab32cadefe4428d1.jpg?width=720&height=720&hash=12AE59D0E306005F6CAB4DA80D56168E,6.7 inch,120 Hz,1080 x 2400,AMOLED,6000 mAh,Da,Li-Po,12 GB,512 GB,MicroSD
"Telefon mobil Samsung Galaxy A26, Dual SIM, 6GB RAM, 128GB, 5G, Mint","993,99 Lei",993.99 Lei,4.53(102),https://www.emag.ro/telefon-mobil-samsung-galaxy-a26-dual-sim-6gb-ram-128gb-5g-mint-sm-a266blgbeue/pd/DBZ5X33BM/,https://s13emagst.akamaized.net/products/89071/89070967/images/res_a5ac19d85dd9957ccc35afd4f26dd7ed.jpg?width=720&height=720&hash=7B92AACCA6D972F687CFB0F2A222140C,6.7 inch,120 Hz,1080 x 2340,Super AMOLED,5000 mAh,,,6 GB,128 GB,MicroSD
"Telefon mobil Apple iPhone 16 Pro, 256GB, 5G, White Titanium","7.398,29 Lei",7398.29 Lei,4.69(466),https://www.emag.ro/telefon-mobil-apple-iphone-16-pro-256gb-5g-white-titanium-mynj3zd-a/pd/DF367LYBM/,https://s13emagst.akamaized.net/products/76828/76827248/images/res_94bd24240ffa9e2a5b1d01233578b4e0.jpg?width=720&height=720&hash=703BE5FA1693654B2988B796D1CEE841,6.3 inch,"Always-on display
True tone
Haptic touch
2,000,000:1 contrast ratio
HDR display
Wide color (P3)
Dynamic Island
1000 nit luminozitate maxima (tipic); 1600 nit luminozitate maxima (HDR); 2000 nit luminozitate maxima (in aer liber)
Fingerprint-resistant",2622 x 1206,OLED,,Nu,Li-Ion,8 GB,256 GB,
"Telefon mobil TCL 60 Ultra NXTPAPER, 5G, 12GB RAM, 512GB, Carcasa magnetica + Acc Pack (flipcase+pen)","3.199,99 Lei",3199.99 Lei,,https://www.emag.ro/telefon-mobil-tcl-60-ultra-nxtpaper-5g-12gb-ram-512gb-carcasa-magnetica-acc-pack-flipcase-pen-t951k1-2alca112-1/pd/DDZPQL3BM/,https://s13emagst.akamaized.net/products/106009/106008598/images/res_cc9d6c2172be53395627c4320c34c39f.jpg?width=720&height=720&hash=6FD9858BA5E8D87E6F84A1F1D19D38E8,7.2 inch,"FHD+
Refresh rate 120Hz
359 PPI",720 x 1600,"LCD
IPS",5200 mAh,,,12 GB,512 GB,
"Telefon mobil Apple iPhone 16 Pro Max, 256GB, 5G, Natural Titanium","7.651,99 Lei",7651.99 Lei,4.81(501),https://www.emag.ro/telefon-mobil-apple-iphone-16-pro-max-256gb-5g-natural-titanium-mywy3zd-a/pd/DB267LYBM/,https://s13emagst.akamaized.net/products/76828/76827269/images/res_dedc3059c7fafbc0c53a213406db03b5.jpg?width=720&height=720&hash=C399518E3CB3013E5904C114CA3C20D0,6.9 inch,"Always-on display
True tone
Haptic touch
2,000,000:1 contrast ratio
HDR display
Wide color (P3)
Dynamic Island
1000 nit luminozitate maxima (tipic); 1600 nit luminozitate maxima (HDR); 2000 nit luminozitate maxima (in aer liber)
Fingerprint-resistant",2868 x 1320,OLED,,Nu,Li-Ion,8 GB,256 GB,
"Telefon mobil Apple iPhone 12, 64GB, 5G, Green","2.948,75 Lei",2948.75 Lei,4.61(600),https://www.emag.ro/telefon-mobil-apple-iphone-12-64gb-5g-green-mgj93rm-a/pd/D7TJ27MBM/,https://s13emagst.akamaized.net/products/33382/33381518/images/res_0c08e3adb517cf669ac0ad7794875dd4.jpg?width=720&height=720&hash=C3FDE8F88FD8F701BE746002AD425600,6.1 inch,460 PPI,2532 x 1170,Super Retina XDR,,,,4 GB,64 GB,
"Telefon mobil Apple iPhone 14, 256GB, 5G, Starlight","4.049,99 Lei",4049.99 Lei,4.78(570),https://www.emag.ro/telefon-mobil-apple-iphone-14-256gb-5g-starlight-mpw43rx-a/pd/DB7Y4LMBM/,https://s13emagst.akamaized.net/products/48592/48591193/images/res_467c241e448b89e2882bb298bcdac506.jpg?width=720&height=720&hash=80149EC336DEEFD324DC852B5BC5E4A7,6.1 inch,"True tone
Haptic touch
2,000,000:1 contrast ratio
800 nits (typ), 1200 nits (peak)
HDR display
Wide color (P3)",1170 x 2532,OLED,,Nu,Li-Ion,6 GB,256 GB,
"Telefon mobil Samsung Galaxy A16, Dual SIM, 4GB RAM, 128GB, 5G, Blue Black","829,99 Lei",829.99 Lei,4.56(106),https://www.emag.ro/telefon-mobil-samsung-galaxy-a16-dual-sim-4gb-ram-128gb-5g-blue-black-sm-a166bzkdeue/pd/D1J1YZYBM/,https://s13emagst.akamaized.net/products/77658/77657971/images/res_53231b115bca3f24c08bfa170d2af012.jpg?width=720&height=720&hash=A5136062993F1074B03279CBCA1E74E1,6.7 inch,"FHD+
90 Hz",1080 x 2340,Super AMOLED,5000 mAh,,,4 GB,128 GB,MicroSD
"Telefon mobil Samsung Galaxy A17, Dual SIM, 6GB RAM, 128GB, 4G, Light Blue","825,55 Lei",825.55 Lei,5(1),https://www.emag.ro/telefon-mobil-samsung-galaxy-a17-dual-sim-6gb-ram-128gb-4g-light-blue-8806097669890/pd/DT50N13BM/,https://s13emagst.akamaized.net/products/107407/107406978/images/res_f7754a983e021caf1dd61c1815b7e2d2.jpg?width=720&height=720&hash=BC3E2CA3C0707D8B816A23FA132A09F0,6.7 inch,90 Hz,1080 x 2340,Super AMOLED,5000 mAh,Nu,,6 GB,128 GB,MicroSDXC
"Telefon mobil Realme GT 7, 12GB RAM, 512GB, 5G, Blue","2.478,77 Lei",2478.77 Lei,4.6(15),https://www.emag.ro/telefon-mobil-realme-gt-7-12gb-ram-512gb-5g-blue-rl-rmgt7blu512/pd/DCTSS03BM/,https://s13emagst.akamaized.net/products/95646/95645681/images/res_5ac69840bd1ada5fe0121ae92f67dad9.jpg?width=720&height=720&hash=11A490C18F0DF539353B957494C5C323,6.78 inch,"Dolby Vision
120 Hz
1B colors
1600 nits (HBM)
600 nits (typ)
6000 nits (peak)
HDR 10+",1264 x 2780,"AMOLED
LTPO",7000 mAh,Nu,Li-Ion,12 GB,512 GB,
"Telefon mobil Motorola Edge 60 Fusion, 8GB RAM, 256GB, 5G, Pantone Zephyr","1.698,76 Lei",1698.76 Lei,4.79(52),https://www.emag.ro/telefon-mobil-motorola-edge-60-fusion-8gb-ram-256gb-5g-pantone-zephyr-pb7e0041se/pd/DWVCLC3BM/,https://s13emagst.akamaized.net/products/105004/105003292/images/res_5d955ed87077620751a5b9643bc59d64.jpg?width=720&height=720&hash=D70DD3E5D1119FE83CD52C99E38C7ECB,6.67 inch,"HDR10+
120 Hz
1B colors
4500 nits (peak)
1500 nits HBM",1220 x 2712,POLED,5200 mAh,Nu,,8 GB,256 GB,MicroSDXC
"Telefon mobil Xiaomi 14T Pro, 12GB RAM, 512GB, 5G, Titan Black","2.962,99 Lei",2962.99 Lei,4.64(160),https://www.emag.ro/telefon-mobil-xiaomi-14t-pro-12gb-ram-512gb-5g-titan-black-mzb0hjceu/pd/DT4GQLYBM/,https://s13emagst.akamaized.net/products/77396/77395692/images/res_81ea0fa53673ee7dac57a883ff12361e.jpg?width=720&height=720&hash=07BA94612734F27F693003797C2D1586,6.67 inch,"Dolby Vision
HDR10+
144 Hz
446 PPI
Luminozitate maxima: 4000 nits
Intensitate culoare: 12-bit",2712 x 1220,AMOLED,5000 mAh,Nu,,12 GB,512 GB,
"Telefon mobil Apple iPhone 16 Pro, 1TB, 5G, Black Titanium","8.540,53 Lei",8540.53 Lei,4.69(466),https://www.emag.ro/telefon-mobil-apple-iphone-16-pro-1tb-5g-black-titanium-mynr3zd-a/pd/D1367LYBM/,https://s13emagst.akamaized.net/products/76828/76827247/images/res_8d2028a84a99e32106c6286f4f51abac.jpg?width=720&height=720&hash=E74D092090D0897BD34C6E5211F6170E,6.3 inch,"Always-on display
True tone
Haptic touch
2,000,000:1 contrast ratio
HDR display
Wide color (P3)
Dynamic Island
1000 nit luminozitate maxima (tipic); 1600 nit luminozitate maxima (HDR); 2000 nit luminozitate maxima (in aer liber)
Fingerprint-resistant",2622 x 1206,OLED,,Nu,Li-Ion,8 GB,1 TB,
"Telefon mobil Samsung Galaxy S24, Dual SIM, 8GB RAM, 128GB, 5G, Amber Yellow","3.029,99 Lei",3029.99 Lei,4.65(494),https://www.emag.ro/telefon-mobil-samsung-galaxy-s24-dual-sim-8gb-ram-128gb-5g-amber-yellow-sm-s921bzydeue/pd/DZ5L7KYBM/,https://s13emagst.akamaized.net/products/64817/64816434/images/res_6071f7a04f0d518f554da180e87ef661.jpg?width=720&height=720&hash=BD9598F6BFA2B0DE2E30FDA8720A2FCC,6.2 inch,"120 Hz
FHD+",2340 x 1080,Dynamic AMOLED,4000 mAh,,,8 GB,128 GB,
"Telefon mobil Google Pixel 7, 128GB, 8GB RAM, 5G, Lemongrass","1.145,95 Lei",1145.95 Lei,4.32(79),https://www.emag.ro/telefon-mobil-google-pixel-7-128gb-8gb-ram-5g-lemongrass-gglp7-128-8l/pd/DB4B5ZMBM/,https://s13emagst.akamaized.net/products/49722/49721768/images/res_450b15908a0a2fea7ad37f8c354a02ba.jpg?width=720&height=720&hash=1C4BB9606E1E57CC3CEE8BB885903F07,6.3 inch,"Always-on display
HDR10+
90 Hz",1080 x 2400,AMOLED,4360 mAh,,Li-Ion,8 GB,128 GB,
"Telefon mobil Xiaomi 13T, 8GB RAM, 256GB, 5G, Black","1.399,00 Lei",1399.00 Lei,4.33(30),https://www.emag.ro/telefon-mobil-xiaomi-13t-8gb-ram-256gb-5g-black-mzb0ek5eu/pd/DSB533YBM/,https://s13emagst.akamaized.net/products/60144/60143241/images/res_9e6bd45d7f374fdc75c2bb9556f8b0e4.jpg?width=720&height=720&hash=B029DBA0F81FBBC426175932DD4A18B5,6.67 inch,Rata de reimprospatare de 144 Hz,2712 x 1220,,5000 mAh,,,8 GB,256 GB,
"Telefon mobil Oppo Reno14 F, Qualcomm SM6450 Snapdragon 6 Gen 1, 5G, Dual SIM, 256GB/8GB, Albastru Opal","1.500,00 Lei",1500.00 Lei,,https://www.emag.ro/telefon-mobil-oppo-reno14-f-qualcomm-sm6450-snapdragon-6-gen-1-5g-dual-sim-256gb-8gb-albastru-opal-63380418/pd/DHG0N13BM/,https://s13emagst.akamaized.net/products/107408/107407075/images/res_48b5805622d65618a1cc3962ecc6ab96.jpg?width=720&height=720&hash=56CFEAA041BD8732FC5D6A420B3C9191,6.57 inch,,,,,,,8 GB,256 GB,
"Telefon mobil Samsung Galaxy S24 FE, Dual SIM, 8GB RAM, 256GB, 5G, Gray","2.799,99 Lei",2799.99 Lei,4.76(135),https://www.emag.ro/telefon-mobil-samsung-galaxy-s24-fe-dual-sim-8gb-ram-256gb-5g-gray-sm-s721b-dgray/pd/DZ1656YBM/,https://s13emagst.akamaized.net/products/80175/80174018/images/res_83c9dfea16ad2081caecd931e92c0320.jpg?width=720&height=720&hash=36D00A4862AD9A0788489878AA5F40FC,6.7 inch,"HDR10+
120 Hz
1900 niti peak",1080 x 2340,Dynamic AMOLED,,Nu,,8 GB,256 GB,NM
"Telefon mobil Samsung Galaxy A17, Dual SIM, 8GB RAM, 128GB, 4G, Light Blue","1.452,00 Lei",1452.00 Lei,5(1),https://www.emag.ro/telefon-mobil-samsung-galaxy-a17-dual-sim-8gb-ram-128gb-4g-light-blue-sm-gxa17lb4g/pd/DN3BP53BM/,https://s13emagst.akamaized.net/products/110257/110256593/images/res_ff828cbc91aa5e8c4b1a8fb9744bc723.jpg?width=720&height=720&hash=0770708067719504E7E2B858DE98E4DB,6.7 inch,90 Hz,1080 x 2340,Super AMOLED,5000 mAh,Nu,,8 GB,128 GB,MicroSDXC
"Telefon mobil pentru seniori, cu meniul in limba Romana, Stand pentru incarcare, taste mari, buton SOS, micro SIM, retea 4G, Functie Apelare rapida, Lanterna","220,00 Lei",220.00 Lei,,https://www.emag.ro/telefon-mobil-pentru-seniori-cu-meniul-in-limba-romana-stand-pentru-incarcare-taste-mari-buton-sos-micro-sim-retea-4g-functie-apelare-rapida-lanterna-telefon-c1-stand/pd/DBY7PGYBM/?ref=smart-history-ml_1_1&provider=rec&recid=rec_4_5e9759dcfd5288bf9a71d8396280e757e1b53ada38180bc2f1ca11e3136e9b5f_1767475212&scenario_ID=4,https://s13emagst.akamaized.net/products/84403/84402770/images/res_e76eb0344d7d0d953d720280a6767e39.png?width=300&height=300&hash=2D6F5B727B52C2C35DBA622E794D5690,1.77 inch,,,,1800 mAh,Da,,128 MB,48 MB,MicroSD
"Telefon mobil pentru seniori, cu meniul in limba Romana, taste mari, buton SOS, micro SIM, retea 4G, Functie Apelare Rapida, Bluetooth, Radio, Camera, Lanterna","237,00 Lei",237.00 Lei,4.94(1173),https://www.emag.ro/telefon-mobil-pentru-seniori-cu-meniul-in-limba-romana-taste-mari-buton-sos-micro-sim-retea-4g-functie-apelare-rapida-bluetooth-radio-camera-lanterna-telefon-c1-4g/pd/D4QJLRYBM/?ref=smart-history-ml_1_2&provider=rec&recid=rec_4_5e9759dcfd5288bf9a71d8396280e757e1b53ada38180bc2f1ca11e3136e9b5f_1767475212&scenario_ID=4,https://s13emagst.akamaized.net/products/80989/80988077/images/res_8fa578c970729c85d4d0cfcf6f7c4820.png?width=300&height=300&hash=33CF461B6567607B94367D82BA50A67B,1.77 inch,,,LCD,1800 mAh,Da,Li-Ion,128 MB,48 MB,MicroSD
"Telefon mobil pentru seniori, cu meniul in limba Romana, Stand pentru incarcare, taste mari, buton SOS, Dual SIM, Retea 4G, Baterie 1800 mAh, Functie Apelare Rapida, Usor de folosit pentru varstnici, pensionari si bunici, Lanterna, Diagonala ecran 6.1 cm","249,99 Lei",249.99 Lei,4.96(604),https://www.emag.ro/telefon-mobil-pentru-seniori-cu-meniul-in-limba-romana-stand-pentru-incarcare-taste-mari-buton-sos-dual-sim-retea-4g-baterie-1800-mah-functie-apelare-rapida-usor-de-folosit-pentru-varstnici-pensionari/pd/DTWK8GYBM/?ref=smart-history-ml_1_3&provider=rec&recid=rec_4_5e9759dcfd5288bf9a71d8396280e757e1b53ada38180bc2f1ca11e3136e9b5f_1767475212&scenario_ID=4,https://s13emagst.akamaized.net/products/84884/84883184/images/res_3eaf1c1278820a611548b9397654c266.png?width=300&height=300&hash=0B0D1EBE3840DFDCD35B67F0A133819C,2.4 inch,,,LCD,1800 mAh,Da,Li-Ion,128 MB,48 MB,MicroSD
"Telefon mobil cu clapeta pentru seniori, meniu in limba Romana, Display dublu, Stand incarcare, Retea 4G, Taste mari, Buton SOS, Micro SIM, Baterie 1300 mAh, usor de folosit pentru varstnici, pensionari si bunici, Functie Apelare Rapida, Ecran 6.1 cm","240,00 Lei",240.00 Lei,4.97(31),https://www.emag.ro/telefon-mobil-cu-clapeta-pentru-seniori-meniu-in-limba-romana-display-dublu-stand-incarcare-retea-4g-taste-mari-buton-sos-micro-sim-baterie-1300-mah-usor-de-folosit-pentru-varstnici-pensionari-si-buni/pd/DDPVLM3BM/?ref=smart-history-ml_1_4&provider=rec&recid=rec_4_5e9759dcfd5288bf9a71d8396280e757e1b53ada38180bc2f1ca11e3136e9b5f_1767475212&scenario_ID=4,https://s13emagst.akamaized.net/products/87455/87454261/images/res_2184472f5b106e0902e4d4c38a009d73.png?width=300&height=300&hash=4C50457F93B3235DE45529F61E5EBBCB,,,,,,Da,,128 MB,64 MB,
"Telefon Mobil pentru Seniori cu Taste Mari, 4G, Meniu in Limba Romana, Volum Puternic Reglabil, Buton SOS, One Sim, Ecran LCD Generos, Color, Autonomie 7 Zile, Usor de Folosit pentru Varstnici, Pensionari si Bunici, Lanterna, Radio, Bluetooth, Albastru","328,99 Lei",328.99 Lei,4.68(40),https://www.emag.ro/telefon-mobil-pentru-seniori-cu-taste-mari-4g-meniu-in-limba-romana-volum-puternic-reglabil-buton-sos-one-sim-ecran-lcd-generos-color-autonomie-7-zile-usor-de-folosit-pentru-varstnici-pensionari-si-bu/pd/DDVZT8YBM/?ref=smart-history-ml_1_5&provider=rec&recid=rec_4_5e9759dcfd5288bf9a71d8396280e757e1b53ada38180bc2f1ca11e3136e9b5f_1767475212&scenario_ID=4,https://s13emagst.akamaized.net/products/83348/83347133/images/res_f4546a5a3e32acdcaea2dcbe387baace.jpg?width=300&height=300&hash=7E4D8164F79B4DF147671E6A7BA471F1,1.77 inch,,128 x 160,LCD,1000 mAh,,Li-Ion,48 MB,128 GB,SD
"Telefon mobil pentru seniori, dual SIM, color, taste mari, meniu in limba Romana, buton SOS, Bluetooth, lanterna, radio, negru","180,00 Lei",180.00 Lei,4.77(325),https://www.emag.ro/telefon-mobil-pentru-seniori-dual-sim-color-taste-mari-meniu-in-limba-romana-buton-sos-bluetooth-lanterna-radio-negru-telefon-cs181/pd/DXLPBQMBM/?ref=smart-history-ml_1_6&provider=rec&recid=rec_4_5e9759dcfd5288bf9a71d8396280e757e1b53ada38180bc2f1ca11e3136e9b5f_1767475212&scenario_ID=4,https://s13emagst.akamaized.net/products/50806/50805851/images/res_65d5ec35caa79fb4820b8544da0c3a3a.png?width=300&height=300&hash=52A6B5DA9219E5124081D6E6AEB02844,1.8 inch,,,,800 mAh,Da,BL-5C,32 MB,24 MB,SD
"Telefon mobil Apple iPhone 16 Plus, 256GB, 5G, Black","5.712,99 Lei",5712.99 Lei,4.83(64),https://www.emag.ro/telefon-mobil-apple-iphone-16-plus-256gb-5g-black-mxwn3zd-a/pd/D9F67LYBM/,https://s13emagst.akamaized.net/products/76828/76827233/images/res_dabc5bab75934ef960cb8f7ce09dfff1.jpg?width=720&height=720&hash=BD973104AB9B38E26C0E81F28E6467A8,6.7 inch,"True tone
Haptic touch
HDR display
Wide color (P3)
Dynamic Island
1000 nit luminozitate maxima (tipic); 1600 nit luminozitate maxima (HDR); 2000 nit luminozitate maxima (in aer liber)
Fingerprint-resistant",2796 x 1290,OLED,,Nu,Li-Ion,8 GB,256 GB,
"Telefon mobil Samsung Galaxy A26, Dual SIM, 6GB RAM, 128GB, 5G, White","999,00 Lei",999.00 Lei,4.53(102),https://www.emag.ro/telefon-mobil-samsung-galaxy-a26-dual-sim-6gb-ram-128gb-5g-white-sm-a266bzwbeue/pd/D2Z5X33BM/,https://s13emagst.akamaized.net/products/89071/89070971/images/res_602619da0cd0f3658c4f796a92c346e4.jpg?width=720&height=720&hash=B157068E75544E6BEC58577FDD477DA6,6.7 inch,120 Hz,1080 x 2340,Super AMOLED,5000 mAh,,,6 GB,128 GB,MicroSD
"Telefon mobil Apple iPhone 17, 512GB, 5G, Black","6.129,99 Lei",6129.99 Lei,4.71(86),https://www.emag.ro/telefon-mobil-apple-iphone-17-512gb-5g-black-mg6p4zd-a/pd/D399FV3BM/,https://s13emagst.akamaized.net/products/102972/102971582/images/res_717c9c07c0167e08cba06a53461e75ff.jpg?width=720&height=720&hash=13977F0A73A0D192100F54CABFA62248,6.3 inch,"Always-on display
True tone
Haptic touch
HDR display
Wide color (P3)
Dynamic Island
Fingerprint-resistant
Tehnologie ProMotion - rata de refresh adaptiva pana la 120Hz
Anti-reflective coating",2622 x 1206,"OLED
Super Retina XDR",,Nu,Li-Ion,8 GB,512 GB,
"Telefon mobil Apple iPhone 14 Plus, 256GB, 5G, Yellow","3.950,01 Lei",3950.01 Lei,4.74(163),https://www.emag.ro/telefon-mobil-apple-iphone-14-plus-256gb-5g-yellow-mr6d3rx-a/pd/DDYTV6MBM/,https://s13emagst.akamaized.net/products/54108/54107250/images/res_eab616f050611459af818e3a730e831c.jpg?width=720&height=720&hash=1E2EC8D17B906161124458D91D62991D,6.7 inch,"HDR10
Dolby Vision
True tone
Haptic touch
Invelis oleophobic
1200 niti",1284 x 2778,"OLED
Super Retina XDR",,Nu,Li-Ion,6 GB,256 GB,
"Telefon mobil Google Pixel 10 Pro, 256GB, 16GB RAM, 5G,Obsidian","5.305,00 Lei",5305.00 Lei,4.11(27),https://www.emag.ro/telefon-mobil-google-pixel-10-pro-256gb-16gb-ram-5g-obsidian-ga09900-gb/pd/DGKG0J3BM/,https://s13emagst.akamaized.net/products/100990/100989842/images/res_f47f2f1252c074b8353b67fb89a55420.jpg?width=720&height=720&hash=DC414A36BC30507B2D8F292DF129840D,6.3 inch,"20:9 ratio
495 PPI
Smooth Display (1 – 120 Hz)
3300 niti",1280 x 2856,OLED,4870 mAh,Nu,,16 GB,256 GB,
"Telefon cu buton Evolveo StrongPhone Q1, Dual SIM - Negru și portocaliu","231,00 Lei",231.00 Lei,,https://www.emag.ro/telefon-cu-buton-evolveo-strongphone-q1-dual-sim-negru-si-portocaliu-sgm-sgp-q1-bo/pd/DX8B0J3BM/,https://s13emagst.akamaized.net/products/100963/100962580/images/res_63e1fbe9dbe4d48f73990ae0ea793989.jpg?width=720&height=720&hash=D5876D4660150C71F01E2902DDFB5C09,,,,,,,,32 MB,64 MB,
"Telefon mobil Nothing Phone (3a), 256GB, 12GB RAM, 5G, Blue","1.920,65 Lei",1920.65 Lei,4.91(43),https://www.emag.ro/telefon-mobil-nothing-phone-3a-256gb-12gb-ram-5g-blue-a10400153/pd/DTRHS03BM/,https://s13emagst.akamaized.net/products/95641/95640463/images/res_554827666ada9902c85b73e6b0fee786.jpg?width=720&height=720&hash=34DC3A75A2FC999516A0746AB39B4B6A,6.77 inch,"Always-on display
Rata de reimprospatare de 120 Hz
1.07 miliarde de culori
1300 nits
387 PPI
certificare HDR10+",1080 x 2392,AMOLED,5000 mAh,Nu,,12 GB,256 GB,
"Telefon mobil Xiaomi Redmi Note 14, 6GB RAM, 128GB ROM, Midnight Black + Xiaomi High-capacity pen","1.249,99 Lei",1249.99 Lei,5(2),https://www.emag.ro/telefon-mobil-xiaomi-redmi-note-14-6gb-ram-128gb-rom-midnight-black-xiaomi-high-capacity-pen-bndl14negru/pd/DYSD1J3BM/,https://s13emagst.akamaized.net/products/101356/101355277/images/res_c229739003ee6b3aab8983af9b518b04.jpg?width=720&height=720&hash=9049E202AE3D3CE2478AEF63223012D1,6.67 inch,"394 PPI
Rata de refresh 120 Hz
1800 nits (peak)
Sunlight display
Reading mode
Touch sampling rate: 240Hz",2400 x 1080,AMOLED,5500 mAh,Nu,,6 GB,128 GB,
"Telefon mobil Realme 14 Pro, 12GB RAM, 512GB, 5G, Pearl White","1.658,49 Lei",1658.49 Lei,5(2),https://www.emag.ro/telefon-mobil-realme-14-pro-12gb-ram-512gb-5g-pearl-white-rm-r14proprwh512/pd/D6WRRT3BM/,https://s13emagst.akamaized.net/products/87455/87454188/images/res_5fd8c669b798fd52baa42a643769f4de.jpg?width=720&height=720&hash=19867E88041B3F546A67EC1485B1C466,6.77 inch,"120 Hz
1B colors
1400 nits (HBM)
4500 nits (peak)",1080 x 2392,OLED,6000 mAh,Nu,,12 GB,512 GB,
"Telefon mobil, TCL onetouch 4041, Dual SIM 4G, negru","122,90 Lei",122.90 Lei,5(5),https://www.emag.ro/telefon-mobil-tcl-onetouch-4041-dual-sim-4g-negru-t311d-3blca112-1/pd/D0SZ89YBM/,https://s13emagst.akamaized.net/products/71044/71043423/images/res_435b32a7df1e658f6e46db3ca8f47cc0.png?width=720&height=720&hash=F7E03E497A07DE85ACFEEC9D29012227,,,,,,,,48 MB,128 MB,
"Telefon mobil Samsung Galaxy S25+, Dual SIM, 12GB RAM, 256GB, 5G, Mint","4.600,01 Lei",4600.01 Lei,4.71(108),https://www.emag.ro/telefon-mobil-samsung-galaxy-s25-dual-sim-12gb-ram-256gb-5g-mint-sm-s936blgdeue/pd/DLQVXGYBM/,https://s13emagst.akamaized.net/products/84446/84445757/images/res_db47f4b790773e52236d6b9b22096817.jpg?width=720&height=720&hash=A8A880D95B0B46BEDED603D9C386CF48,6.7 inch,"Rata de refresh 120 Hz
2600nits
qHD+",3120 x 1440,Dynamic AMOLED,4900 mAh,,,12 GB,256 GB,
"Telefon mobil TCL ONETOUCH 4043 4G, Gri","399,30 Lei",399.30 Lei,4.71(7),https://www.emag.ro/telefon-mobil-tcl-onetouch-4043-4g-gri-m0803936/pd/D2GKLFYBM/,https://s13emagst.akamaized.net/products/71746/71745319/images/res_9827eb16f4653662ee8545bc197ec921.jpg?width=720&height=720&hash=EF79AC372446DF033C75B615500A7AAF,,,,,,,,64 MB,128 MB,
"Telefon mobil Xiaomi Redmi 15C, 4GB RAM, 256GB, 5G, Dusk Purple","735,00 Lei",735.00 Lei,,https://www.emag.ro/telefon-mobil-xiaomi-redmi-15c-4gb-ram-256gb-5g-dusk-purple-xm-red15c5gdp256/pd/D2Y7JV3BM/,https://s13emagst.akamaized.net/products/102993/102992233/images/res_b23032bc90bdd36cab8f23bed122ac1c.jpg?width=720&height=720&hash=236D94C965BE0F519313AEE1915DD1DD,6.9 inch,120 Hz,720 x 1600,"LCD
IPS",6000 mAh,Nu,,4 GB,256 GB,MicroSDXC
"Telefon mobil Fairphone 6, 8GB RAM, 256GB, 5G, Forest Green","3.239,99 Lei",3239.99 Lei,5(3),https://www.emag.ro/telefon-mobil-fairphone-6-8gb-ram-256gb-5g-forest-green-f6fphn-2gr-eu1/pd/DNJS393BM/,https://s13emagst.akamaized.net/products/98923/98922962/images/res_e3ee5fa80ace59438e7bfe43de0101cb.jpg?width=720&height=720&hash=03B900838E6E9C5E8D493F2ECAFD9A93,6.31 inch,"120 Hz
1B colors
1400 nits (peak)
880 nits typ",1116 x 2484,"OLED
LTPO",4415 mAh,Nu,Li-Ion,8 GB,256 GB,MicroSDXC
"Telefon seniori butoane mari ecran 2.2"" camera foto radio FM difuzor lanterna functie SOS familie, bluetooth Halo2","198,28 Lei",198.28 Lei,,https://www.emag.ro/telefon-seniori-butoane-mari-ecran-2-2-camera-foto-radio-fm-difuzor-lanterna-functie-sos-familie-bluetooth-halo2-metel000055/pd/D3YN0RYBM/,https://s13emagst.akamaized.net/products/80653/80652951/images/res_ffe52203ba79024c7b456a9b90ccca6d.jpg?width=720&height=720&hash=B9C3CA56A16130DC4F1E55A5A3941D25,2.2 inch,Wide color (P3),,LCD,900 mAh,,Li-Ion,24 MB,32 MB,MicroSD
"Telefon mobil Apple iPhone 16 Plus, 256GB, 5G, Ultramarine","5.299,99 Lei",5299.99 Lei,4.83(64),https://www.emag.ro/telefon-mobil-apple-iphone-16-plus-256gb-5g-ultramarine-mxy23zd-a/pd/D3367LYBM/,https://s13emagst.akamaized.net/products/76828/76827237/images/res_59ce8ce78a3ae56b4fe3d9feee1840fd.jpg?width=720&height=720&hash=5FBFE0A1D79A5843D7A332183280D7C0,6.7 inch,"True tone
Haptic touch
HDR display
Wide color (P3)
Dynamic Island
1000 nit luminozitate maxima (tipic); 1600 nit luminozitate maxima (HDR); 2000 nit luminozitate maxima (in aer liber)
Fingerprint-resistant",2796 x 1290,OLED,,Nu,Li-Ion,8 GB,256 GB,
"Telefon mobil Xiaomi 15, 12GB RAM, 512GB, 5G, Black + Xiaomi 10W Wireless Power Bank 10000mah","5.490,75 Lei",5490.75 Lei,4.59(34),https://www.emag.ro/telefon-mobil-xiaomi-15-12gb-ram-512gb-5g-black-xiaomi-10w-wireless-power-bank-10000mah-bndl15bl/pd/DPKB0M3BM/,https://s13emagst.akamaized.net/products/87110/87109144/images/res_3af134b3d01b78b922b95083bff0f88e.jpg?width=720&height=720&hash=2546ECE4EA5D7F54297FE8A7DF5BADA9,6.36 inch,"460 PPI
Rata de reimprospatare de 120 Hz",2670 x 1200,AMOLED,5240 mAh,,,12 GB,512 GB,
"Telefon mobil Poco F8 Pro, 12GB RAM, 512GB, 5G, Black","3.600,00 Lei",3600.00 Lei,,https://www.emag.ro/telefon-mobil-poco-f8-pro-12gb-ram-512gb-5g-black-pc-f8pro512bk/pd/DQ5JK83BM/,https://s13emagst.akamaized.net/products/112001/112000437/images/res_64f53d3527da459e46b0c2eff9acf5d3.jpg?width=720&height=720&hash=1511FD299A39786B135A42038C182EF8,6.59 inch,"Dolby Vision
HDR10+
120 Hz
68B colors
2000 nits (HBM)
3500 nits peak",1156 x 2510,AMOLED,6210 mAh,Nu,,12 GB,512 GB,
"Telefon mobil Samsung Galaxy Z Fold7, 16GB RAM, 1TB, 5G, Blue Shadow","16.332,58 Lei",16332.58 Lei,4.76(33),https://www.emag.ro/telefon-mobil-samsung-galaxy-z-fold7-16gb-ram-1tb-5g-blue-shadow-sm-f966bdbneue/pd/DR5WT93BM/,https://s13emagst.akamaized.net/products/99055/99054941/images/res_729ea6e7cdb976522ac00d7a3766f37d.jpg?width=720&height=720&hash=1DDCCC9A751B519F3AE04226C7ED24F0,"8 inch
6.5 inch","FHD+
QXGA+
120Hz
2600nits","2520 x 1080
2184 x 1968",Dynamic AMOLED,4400 mAh,Nu,,16 GB,1 TB,
"Telefon mobil Apple iPhone Air, 1TB, 5G, Cloud White","8.099,99 Lei",8099.99 Lei,4.21(43),https://www.emag.ro/telefon-mobil-apple-iphone-air-1tb-5g-cloud-white-mg2x4zd-a/pd/D9F9FV3BM/,https://s13emagst.akamaized.net/products/102972/102971620/images/res_5258b4f330b5902aa15021ebfef3a0a3.jpg?width=720&height=720&hash=52221577345620E6269F33AE3076F199,6.5 inch,"Always-on display
HDR
True tone
Haptic touch
Wide color (P3)
Dynamic Island
Fingerprint-resistant
Tehnologie ProMotion - rata de refresh adaptiva pana la 120Hz
Anti-reflective coating",2736 x 1260,"OLED
Super Retina XDR",,Nu,Li-Ion,12 GB,1 TB,
"Telefon mobil Maxcom MM815 Comfort, Dual SIM, Red","174,99 Lei",174.99 Lei,5(1),https://www.emag.ro/telefon-mobil-maxcom-mm815-comfort-dual-sim-red-mm815-red/pd/DPK4J6YBM/,https://s13emagst.akamaized.net/products/82689/82688544/images/res_2ab54de9e908464a20c1b61700dae9e7.jpg?width=720&height=720&hash=B005D12942A356FA85D2A43A497A542B,2.4 inch,,240 x 320,,1000 mAh,,Li-Ion,32 MB,32 MB,
"Telefon mobil Apple iPhone 16 Pro Max, 512GB, 5G, White Titanium","6.999,99 Lei",6999.99 Lei,4.81(501),https://www.emag.ro/telefon-mobil-apple-iphone-16-pro-max-512gb-5g-white-titanium-myx13zd-a/pd/D3267LYBM/,https://s13emagst.akamaized.net/products/76828/76827267/images/res_1a48e9c550441f25537743270cc6cfc6.jpg?width=720&height=720&hash=5BB6FD763621955ED3E3B301288CE1B2,6.9 inch,"Always-on display
True tone
Haptic touch
2,000,000:1 contrast ratio
HDR display
Wide color (P3)
Dynamic Island
1000 nit luminozitate maxima (tipic); 1600 nit luminozitate maxima (HDR); 2000 nit luminozitate maxima (in aer liber)
Fingerprint-resistant",2868 x 1320,OLED,,Nu,Li-Ion,8 GB,512 GB,
"Telefon mobil Samsung Galaxy Z Flip7, 12GB RAM, 256GB, 5G, Coralred","4.867,49 Lei",4867.49 Lei,4.66(32),https://www.emag.ro/telefon-mobil-samsung-galaxy-z-flip7-12gb-ram-256gb-5g-coralred-sm-f766bzrgeue/pd/DS5WT93BM/,https://s13emagst.akamaized.net/products/99055/99054937/images/res_920a0ffbb58e139be95b54c733f0ee5d.jpg?width=720&height=720&hash=7CBC2DA40FA0CCAF52892570C7EB916A,"6.9 inch
4.1 inch","FHD+
60 Hz
120Hz
2600 nits (peak)","2520 x 1080
1048 x 948","Super AMOLED
Dynamic AMOLED",4300 mAh,,,12 GB,256 GB,
"Telefon mobil Samsung Galaxy S25+, Dual SIM, 12GB RAM, 512GB, 5G, IcyBlue","8.835,00 Lei",8835.00 Lei,4.71(108),https://www.emag.ro/telefon-mobil-samsung-galaxy-s25-dual-sim-12gb-ram-512gb-5g-icyblue-sm-s936blbgeue/pd/DRQVXGYBM/,https://s13emagst.akamaized.net/products/84446/84445756/images/res_e9b32471a7f20ebc54403ed3a6be3205.jpg?width=720&height=720&hash=6DDCB8EB727AB655D62B18B827372C38,6.7 inch,"Rata de refresh 120 Hz
2600nits
qHD+",3120 x 1440,Dynamic AMOLED,4900 mAh,,,12 GB,512 GB,
"Telefon mobil Xiaomi Redmi Note 13 Pro, 12GB RAM, 256GB, negru, SIM, incarcare rapida","1.439,90 Lei",1439.90 Lei,,https://www.emag.ro/telefon-mobil-xiaomi-redmi-note-13-pro-12gb-ram-256gb-negru-sim-incarcare-rapida-redminote13pro-8-256-black/pd/D8MTPF3BM/,https://s13emagst.akamaized.net/products/100105/100104546/images/res_73b0e7b3ab92dbb83b4afd073167ba4f.jpg?width=720&height=720&hash=ED6489F661ADC6D53B72C6918D3CFFB6,,,,,,,,8 GB,256 MB,
"Telefon mobil Google Pixel 10 Pro XL, 512GB, 16GB RAM, 5G,Obsidian","6.601,65 Lei",6601.65 Lei,4.5(10),https://www.emag.ro/telefon-mobil-google-pixel-10-pro-xl-512gb-16gb-ram-5g-obsidian-ga09877-gb/pd/D0NG0J3BM/,https://s13emagst.akamaized.net/products/100990/100989853/images/res_657c9bead6426b86d763dba1c5f3f55c.jpg?width=720&height=720&hash=7863DE4974D74E6D131090830172B0D3,6.8 inch,"20:9 ratio
486 PPI
Smooth Display (1 – 120 Hz)
3300 niti",1344 x 2992,OLED,5200 mAh,Nu,,16 GB,512 GB,
"Telefon mobil CMF Phone 2 Pro, 128 GB, 8GB RAM, 5G, Orange","1.500,00 Lei",1500.00 Lei,,https://www.emag.ro/telefon-mobil-cmf-phone-2-pro-128-gb-8gb-ram-5g-orange-a10400194/pd/D116K83BM/,https://s13emagst.akamaized.net/products/112012/112011052/images/res_df476028742c8550792e2dcb8751d42c.jpg?width=720&height=720&hash=E9863D4FFE129CC3BF1510ED7034D3D1,,,,,,,,8 GB,128 GB,
"Telefon mobil Samsung Galaxy Z Fold7, 12GB RAM, 256GB, 5G, Silver Shadow","8.384,00 Lei",8384.00 Lei,4.76(33),https://www.emag.ro/telefon-mobil-samsung-galaxy-z-fold7-12gb-ram-256gb-5g-silver-shadow-sm-f966bzsbeue/pd/DQ5WT93BM/,https://s13emagst.akamaized.net/products/99055/99054944/images/res_1f1a3b68dcbc83749a523cddea728a13.jpg?width=720&height=720&hash=06FA028FEA454F18C3F7BFDEFF7496F1,"8 inch
6.5 inch","FHD+
QXGA+
120Hz
2600nits","2520 x 1080
2184 x 1968",Dynamic AMOLED,4400 mAh,Nu,,12 GB,256 GB,
"Telefon mobil Apple iPhone 17 Pro Max, 2TB, 5G, Silver","12.549,99 Lei",12549.99 Lei,4.76(136),https://www.emag.ro/telefon-mobil-apple-iphone-17-pro-max-2tb-5g-silver-mfyy4zd-a/pd/DG99FV3BM/,https://s13emagst.akamaized.net/products/102972/102971603/images/res_3068a10e181103d3223a4b9b61950c54.jpg?width=720&height=720&hash=4DB633047EFB2CF2F4E7087C39438AD1,6.9 inch,"Always-on display
True tone
Haptic touch
2,000,000:1 contrast ratio
HDR display
Wide color (P3)
Dynamic Island
1000 nit luminozitate maxima (tipic); 1600 nit luminozitate maxima (HDR); 3000 nit luminozitate maxima (in aer liber)
Tehnologie ProMotion - rata de refresh adaptiva pana la 120Hz",2868 x 1320,OLED,,Nu,Li-Ion,12 GB,2 TB,
"Telefon mobil Motorola razr 60, 8GB RAM, 256GB, PANTONE Gibraltar Sea","2.899,00 Lei",2899.00 Lei,3(2),https://www.emag.ro/telefon-mobil-motorola-razr-60-8gb-ram-256gb-pantone-gibraltar-sea-pb860044se/pd/DZ7JB13BM/,https://s13emagst.akamaized.net/products/107144/107143989/images/res_8bd451646255886624577d1a02a22cfe.jpg?width=720&height=720&hash=0B0BC13CDD43AFD46BF347EACBF9725A,"6.9 inch
3.6 inch","HDR10+
120 Hz
FHD+","2640 x 1080
1056 x 1066",POLED,4500 mAh,Nu,,8 GB,256 GB,
"Telefon mobil Samsung Galaxy A56, 12GB RAM, 256GB, 5G, Awesome Pink","2.317,99 Lei",2317.99 Lei,4.71(422),https://www.emag.ro/telefon-mobil-samsung-galaxy-a56-12gb-ram-256gb-5g-awesome-pink-sm-a56awspik12gb/pd/DXVQ4K3BM/,https://s13emagst.akamaized.net/products/93866/93865285/images/res_47918c02256797eac4471ba584213b0f.jpg?width=720&height=720&hash=7F72E06352CFF68AB2F78FBF2C2ECE36,6.7 inch,"HDR10+
120 Hz
1200 nits (HBM)
1900 nits (peak)",1080 x 2340,Super AMOLED,5000 mAh,Nu,,12 GB,256 GB,
"Telefon mobil Xiaomi Redmi Note 14 Pro+, 12GB RAM, 512GB, 5G, Lavender Purple","2.055,00 Lei",2055.00 Lei,4.67(153),https://www.emag.ro/telefon-mobil-xiaomi-redmi-note-14-pro-12gb-ram-512gb-5g-lavender-purple-mzb0ikneu/pd/DHP3DGYBM/,https://s13emagst.akamaized.net/products/84223/84222415/images/res_1eaf0b14cd0b3e2562417eae2ae5daed.jpg?width=720&height=720&hash=3ED14CD505183070D548A33533AFAAB3,6.67 inch,"Rata de refresh 120 Hz
3000 nits (varf)
Reading mode
Contrast ratio: 5,000,000:1
Touch sampling rate: Up to 480Hz",2712 x 1220,AMOLED,5110 mAh,,,12 GB,512 GB,
"Telefon mobil Apple iPhone 16 Plus, 512GB, 5G, Black","6.499,99 Lei",6499.99 Lei,4.83(64),https://www.emag.ro/telefon-mobil-apple-iphone-16-plus-512gb-5g-black-my1p3zd-a/pd/DFF67LYBM/,https://s13emagst.akamaized.net/products/76828/76827233/images/res_dabc5bab75934ef960cb8f7ce09dfff1.jpg?width=720&height=720&hash=BD973104AB9B38E26C0E81F28E6467A8,6.7 inch,"True tone
Haptic touch
HDR display
Wide color (P3)
Dynamic Island
1000 nit luminozitate maxima (tipic); 1600 nit luminozitate maxima (HDR); 2000 nit luminozitate maxima (in aer liber)
Fingerprint-resistant",2796 x 1290,OLED,,Nu,Li-Ion,8 GB,512 GB,
"Telefon mobil Apple iPhone 16 Pro, 512GB, 5G, Natural Titanium","7.981,92 Lei",7981.92 Lei,4.69(466),https://www.emag.ro/telefon-mobil-apple-iphone-16-pro-512gb-5g-natural-titanium-mynq3zd-a/pd/DC367LYBM/,https://s13emagst.akamaized.net/products/76828/76827251/images/res_ce88acf66cdd789032b142e267edd912.jpg?width=720&height=720&hash=7A768CEE142E83A68DF1FF69FDFD6577,6.3 inch,"Always-on display
True tone
Haptic touch
2,000,000:1 contrast ratio
HDR display
Wide color (P3)
Dynamic Island
1000 nit luminozitate maxima (tipic); 1600 nit luminozitate maxima (HDR); 2000 nit luminozitate maxima (in aer liber)
Fingerprint-resistant",2622 x 1206,OLED,,Nu,Li-Ion,8 GB,512 GB,
"Telefon mobil Oppo Reno12, 12GB RAM, 256GB, 5G, Astro Silver","1.600,01 Lei",1600.01 Lei,5(11),https://www.emag.ro/telefon-mobil-oppo-reno12-12gb-ram-256gb-5g-astro-silver-op-rn12assv256/pd/D3LFBVYBM/,https://s13emagst.akamaized.net/products/73897/73896749/images/res_b82a49d214e32007027cbcbd5a6edc8d.jpg?width=720&height=720&hash=67DE87EBB3FC3CCD39E5EE3CB28F4999,6.7 inch,"HDR10+
120 Hz
1200 nits (peak)
1B colors",1080 x 2412,AMOLED,5000 mAh,,,12 GB,256 GB,MicroSDXC
"Telefon mobil Apple iPhone 16 Pro Max, 1TB, 5G, Desert Titanium","8.933,99 Lei",8933.99 Lei,4.81(501),https://www.emag.ro/telefon-mobil-apple-iphone-16-pro-max-1tb-5g-desert-titanium-myx63zd-a/pd/DK267LYBM/,https://s13emagst.akamaized.net/products/76828/76827268/images/res_2e96db7aae423d09717a344bb22a43d2.jpg?width=720&height=720&hash=B94CCA141159617DAEEBC67CF72FF2BC,6.9 inch,"Always-on display
True tone
Haptic touch
2,000,000:1 contrast ratio
HDR display
Wide color (P3)
Dynamic Island
1000 nit luminozitate maxima (tipic); 1600 nit luminozitate maxima (HDR); 2000 nit luminozitate maxima (in aer liber)
Fingerprint-resistant",2868 x 1320,OLED,,Nu,Li-Ion,8 GB,1 TB,
"Telefon mobil Apple iPhone 16e, 256GB, 5G, Black","3.799,99 Lei",3799.99 Lei,4.51(63),https://www.emag.ro/telefon-mobil-apple-iphone-16e-256gb-5g-black-md1t4zd-a/pd/DLXPCB3BM/,https://s13emagst.akamaized.net/products/86496/86495227/images/res_502bd68a81c5240a92c811e8797db6af.jpg?width=720&height=720&hash=1E5A4A429B8B2F291930C0B87BB83725,6.1 inch,"True tone
Haptic touch
2,000,000:1 contrast ratio
HDR display
Wide color (P3)
800 nits
1200 nits (peak)
Fingerprint-resistant",2532 x 1170,Super Retina XDR,,Nu,Li-Ion,8 GB,256 GB,
"Telefon mobil Samsung Galaxy A26, Dual SIM, 8GB RAM, 256GB, 5G, White","1.249,00 Lei",1249.00 Lei,4.53(102),https://www.emag.ro/telefon-mobil-samsung-galaxy-a26-dual-sim-8gb-ram-256gb-5g-white-sm-a266bzwceue/pd/D7Z5X33BM/,https://s13emagst.akamaized.net/products/89071/89070971/images/res_602619da0cd0f3658c4f796a92c346e4.jpg?width=720&height=720&hash=B157068E75544E6BEC58577FDD477DA6,6.7 inch,120 Hz,1080 x 2340,Super AMOLED,5000 mAh,,,8 GB,256 GB,MicroSD
"Telefon mobil realme 14 Pro+ 5G, Dual SIM, 512GB, 12GB RAM, Pearl White","2.618,99 Lei",2618.99 Lei,4.7(23),https://www.emag.ro/telefon-mobil-realme-14-pro-5g-dual-sim-512gb-12gb-ram-pearl-white-631011004926/pd/DGJ3ZL3BM/,https://s13emagst.akamaized.net/products/105941/105940204/images/res_88a99f6eb16d3ce787edd132a48a3ecc.jpg?width=720&height=720&hash=B7FB65E01157444B2135D2023107BE1D,6.83 inch,"Luminozitate maxima de 1200 nits (HDR)
20:9 ratio
450 ppi
Rata de refresh 120 Hz",2800 x 1272,OLED,6000 mAh,Nu,Li-Ion,12 GB,512 GB,
"Telefon mobil Huawei P30 Pro, Dual SIM, 256GB, 8GB RAM, 4G, Midnight Black","1.560,00 Lei",1560.00 Lei,4.57(618),https://www.emag.ro/telefon-mobil-huawei-p30-pro-dual-sim-256gb-8gb-ram-4g-midnight-black-51093nfy/pd/D38ZCZBBM/,https://s13emagst.akamaized.net/products/20936/20935295/images/res_04584acfa3f95c46a69f665db4834a21.jpg?width=720&height=720&hash=910D2E38EE0745C21D0652D1AB692985,6.47 inch,"HDR10
DCI-P3",1080 x 2340,OLED,4200 mAh,,Li-Po,8 GB,256 GB,NanoSD
"Telefon mobil Google Pixel 10 Pro XL, 512GB, 16GB RAM, 5G, Porcelain","7.399,99 Lei",7399.99 Lei,4.5(10),https://www.emag.ro/telefon-mobil-google-pixel-10-pro-xl-512gb-16gb-ram-5g-porcelain-ga10436-gb/pd/DHNG0J3BM/,https://s13emagst.akamaized.net/products/100990/100989854/images/res_8b3968f12a0a7bd6a2c79f9c2e8b5980.jpg?width=720&height=720&hash=7D282983C07746606EF31A7F04897999,6.8 inch,"20:9 ratio
486 PPI
Smooth Display (1 – 120 Hz)
3300 niti",1344 x 2992,OLED,5200 mAh,Nu,,16 GB,512 GB,
"Telefon mobil Xiaomi 14 Ultra, 16GB RAM, 512GB, 5G, Black","5.499,00 Lei",5499.00 Lei,4.39(36),https://www.emag.ro/telefon-mobil-xiaomi-14-ultra-16gb-ram-512gb-5g-black-mzb0g86eu/pd/DWT5FPYBM/,https://s13emagst.akamaized.net/products/68813/68812652/images/res_dbd735fb19d2c3b9af8c9634550bef75.jpg?width=720&height=720&hash=DEFD5F88A2700D2F23F0B8D156DF52BE,6.73 inch,"Dolby Vision
Rata de raspuns la atingere 240 Hz
Rata de reimprospatare la 120 Hz
Afisaj TrueColor
3000 nits (varf)",3200 x 1440,AMOLED,5000 mAh,,,16 GB,512 GB,
"Telefon mobil Apple iPhone 14 Plus, 512GB, 5G, RED","6.289,99 Lei",6289.99 Lei,4.74(163),https://www.emag.ro/telefon-mobil-apple-iphone-14-plus-512gb-5g-red-mq5f3rx-a/pd/DZ7Y4LMBM/,https://s13emagst.akamaized.net/products/48592/48591210/images/res_73fcc2d14749f4951a0b11925c7b9b58.jpg?width=720&height=720&hash=4225EDB63E79B36A46CFC765BBC48EAB,6.7 inch,"HDR10
Dolby Vision
True tone
Haptic touch
Invelis oleophobic
1200 niti",1284 x 2778,"OLED
Super Retina XDR",,Nu,Li-Ion,6 GB,512 GB,
"Telefon mobil Motorola Edge 60 Fusion, 8GB RAM, 256GB, 5G, Mocha Mousse","1.530,80 Lei",1530.80 Lei,4.79(52),https://www.emag.ro/telefon-mobil-motorola-edge-60-fusion-8gb-ram-256gb-5g-mocha-mousse-pb7e0056se/pd/DRVCLC3BM/,https://s13emagst.akamaized.net/products/105004/105003287/images/res_183e176e7fc22a89ec27b086bfda2e05.png?width=720&height=720&hash=64636A102F839355D4192538038681B4,6.67 inch,"HDR10+
120 Hz
1B colors
4500 nits (peak)
1500 nits HBM",1220 x 2712,POLED,5200 mAh,Nu,,8 GB,256 GB,MicroSDXC
"Telefon mobil Xiaomi Redmi Note 14 Pro, 12GB RAM, 512GB, 5G, Midnight Black","1.608,00 Lei",1608.00 Lei,4.54(68),https://www.emag.ro/telefon-mobil-xiaomi-redmi-note-14-pro-12gb-ram-512gb-5g-midnight-black-mzb0i8ceu/pd/DLS6PB3BM/,https://s13emagst.akamaized.net/products/86272/86271440/images/res_f2022e67aeefc29ddd02d59a626e84ac.jpg?width=720&height=720&hash=B3AB58C2AD65909F0E48882533B59417,6.67 inch,"Dolby Vision
HDR10+
120 Hz
68B colors
3000 nits (peak)",2712 x 1220,AMOLED,5110 mAh,,Li-Ion,12 GB,512 GB,
"Telefon mobil HONOR Magic V5, Dual SIM, 16GB RAM, 512GB, 5G, Black + Casti HONOR Choice Earbuds Clip Black","9.999,99 Lei",9999.99 Lei,4.58(12),https://www.emag.ro/telefon-mobil-honor-magic-v5-dual-sim-16gb-ram-512gb-5g-black-casti-honor-choice-earbuds-clip-black-5109bukj-5504abyb/pd/DJG50J3BM/,https://s13emagst.akamaized.net/products/100988/100987600/images/res_11e37c8a8ba12b439ee1d239a7d40e2b.jpg?width=720&height=720&hash=08E12D8724AC0ED594A7680283713F64,6.43 inch,"403 ppi
Rata de refresh 120 Hz
5000 nits (peak)",2352 x 2172,OLED,,,,16 GB,512 GB,
"Telefon mobil Poco F7 Ultra, 16GB RAM, 512GB, 5G, Black","4.000,62 Lei",4000.62 Lei,5(5),https://www.emag.ro/telefon-mobil-poco-f7-ultra-16gb-ram-512gb-5g-black-123456/pd/DGVQ4K3BM/,https://s13emagst.akamaized.net/products/93866/93865293/images/res_2244d67e0bda57bee8a9763e0a6cf540.jpg?width=720&height=720&hash=266A2E3052ACC524FE9905B62429F509,6.67 inch,"Dolby Vision
HDR10+
120 Hz
68B colors
1800 nits (HBM)
3200 nits (peak)",1440 x 3200,AMOLED,5300 mAh,Nu,,16 GB,512 GB,
"Telefon mobil Xiaomi Redmi A5, 4GB RAM, 128GB, Black + Xiaomi High-capacity pen","551,91 Lei",551.91 Lei,4.59(46),https://www.emag.ro/telefon-mobil-xiaomi-redmi-a5-4gb-ram-128gb-black-xiaomi-high-capacity-pen-bndla5bla/pd/D40HYN3BM/,https://s13emagst.akamaized.net/products/94270/94269622/images/res_91e79eb9f22909b22ea717431fce4dc0.jpg?width=720&height=720&hash=58D7DCBE56EE6D406B047A4512AA617C,6.88 inch,"260 PPI
450 nits
Rata de refresh 120 Hz",1640 x 720,LCD,5200 mAh,Nu,,4 GB,128 GB,MicroSD
"Telefon mobil Xiaomi 14T, 12GB RAM, 256GB, 5G, Titan Blue","2.202,99 Lei",2202.99 Lei,4.49(179),https://www.emag.ro/telefon-mobil-xiaomi-14t-12gb-ram-256gb-5g-titan-blue-mzb0htqeu/pd/DWVGQLYBM/,https://s13emagst.akamaized.net/products/77396/77395684/images/res_90d5be727ece41bfa95a3cb8658d2a0e.jpg?width=720&height=720&hash=58375074004FD247EBE7103A5836CA15,6.67 inch,"Dolby Vision
HDR10+
144 Hz
446 PPI
Luminozitate maxima: 4000 nits
Intensitate culoare: 12-bit",2712 x 1220,AMOLED,5000 mAh,,,12 GB,256 GB,
"Telefon mobil Samsung Galaxy A06, 128GB, 4GB RAM, 4G, Verde","599,00 Lei",599.00 Lei,,https://www.emag.ro/telefon-mobil-samsung-galaxy-a06-128gb-4gb-ram-4g-verde-4153802/pd/DS35M8YBM/,https://s13emagst.akamaized.net/products/83172/83171777/images/res_8f4464e990a566c29986ecaafa850297.jpg?width=720&height=720&hash=679942A3378B3818F8C6B640C6B996BD,,,,,,,,4 GB,128 GB,
"Telefon mobil Xiaomi Redmi Note 14, 8GB RAM, 256GB, Lime Green","839,99 Lei",839.99 Lei,4.65(166),https://www.emag.ro/telefon-mobil-xiaomi-redmi-note-14-8gb-ram-256gb-lime-green-xi-rdnt14lg2564g/pd/D3N19GYBM/,https://s13emagst.akamaized.net/products/84480/84479869/images/res_b775248c592db01e24a7be66c36b2837.jpg?width=720&height=720&hash=97732C699DF5F69FD6442C6A614F41E5,6.67 inch,"120 Hz
1800 nits (peak)",1080 x 2400,AMOLED,5500 mAh,,,8 GB,256 GB,MicroSDXC
"Telefon mobil Realme GT 7, 12GB RAM, 256GB, 5G, Black","2.280,04 Lei",2280.04 Lei,4.6(15),https://www.emag.ro/telefon-mobil-realme-gt-7-12gb-ram-256gb-5g-black-kxg0227639/pd/DJTSS03BM/,https://s13emagst.akamaized.net/products/95646/95645680/images/res_9b60d436eb41ede0d39f5a4c686be51f.jpg?width=720&height=720&hash=66B6E21D8821AE55E60581CD6F9FB75B,6.78 inch,"Dolby Vision
120 Hz
1B colors
1600 nits (HBM)
600 nits (typ)
6000 nits (peak)
HDR 10+",1264 x 2780,"AMOLED
LTPO",7000 mAh,Nu,Li-Ion,12 GB,256 GB,
"Telefon mobil EVOLVEO EasyPhone XO, pentru seniori, Dual Sim, 2G, Rosu","166,00 Lei",166.00 Lei,5(1),https://www.emag.ro/telefon-mobil-evolveo-easyphone-xo-pentru-seniori-dual-sim-2g-rosu-ep-630-xor/pd/DDB7NKYBM/,https://s13emagst.akamaized.net/products/64920/64919400/images/res_507c35312b9371bf294fee67ee0584cb.jpg?width=720&height=720&hash=C1A43C9B4F7D1B7B3660AC09CCF01B42,2.8 inch,,,,,,,32 MB,32 MB,
"Telefon mobil HONOR Magic V5, Dual SIM, 16GB RAM, 512GB, 5G, Dawn Gold + Casti HONOR Choice Earbuds Clip Black","9.999,99 Lei",9999.99 Lei,4.58(12),https://www.emag.ro/telefon-mobil-honor-magic-v5-dual-sim-16gb-ram-512gb-5g-dawn-gold-casti-honor-choice-earbuds-clip-black-5109buhm-5504abyb/pd/D9G50J3BM/,https://s13emagst.akamaized.net/products/100988/100987598/images/res_9bfe67665a6f59c93e50dc9d93616edc.jpg?width=720&height=720&hash=97642EE90E60594C78199C157AA79681,"6.43 inch
7.95 inch","403 ppi
Rata de refresh 120 Hz
5000 nits (peak)",2352 x 2172,OLED,5820 mAh,,,16 GB,512 GB,
"Telefon mobil Apple iPhone 16 Pro Max, 512GB, 5G, Natural Titanium","6.999,99 Lei",6999.99 Lei,4.81(501),https://www.emag.ro/telefon-mobil-apple-iphone-16-pro-max-512gb-5g-natural-titanium-myx33zd-a/pd/DD267LYBM/,https://s13emagst.akamaized.net/products/76828/76827269/images/res_dedc3059c7fafbc0c53a213406db03b5.jpg?width=720&height=720&hash=C399518E3CB3013E5904C114CA3C20D0,6.9 inch,"Always-on display
True tone
Haptic touch
2,000,000:1 contrast ratio
HDR display
Wide color (P3)
Dynamic Island
1000 nit luminozitate maxima (tipic); 1600 nit luminozitate maxima (HDR); 2000 nit luminozitate maxima (in aer liber)
Fingerprint-resistant",2868 x 1320,OLED,,Nu,Li-Ion,8 GB,512 GB,
"Telefon mobil Panasonic KX-TU155EXBN, negru","255,31 Lei",255.31 Lei,3.17(12),https://www.emag.ro/telefon-mobil-panasonic-negru-kx-tu155exbn/pd/DKY56HMBM/,https://s13emagst.akamaized.net/products/39618/39617295/images/res_989755da7c1defa54cb4c075eb245cd9.jpg?width=720&height=720&hash=4C7A442F5ADD9C3244982639EFF344A7,2.4 inch,,,"LCD
TFT",,,,,,"SD
SDHC"
"Telefon mobil Samsung Galaxy S25+, Dual SIM, 12GB RAM, 256GB, 5G, Blueblack","5.439,91 Lei",5439.91 Lei,4.71(108),https://www.emag.ro/telefon-mobil-samsung-galaxy-s25-dual-sim-12gb-ram-256gb-5g-blueblack-sm-s936bzkdeue/pd/DGJW5X3BM/,https://s13emagst.akamaized.net/products/98698/98697147/images/res_d0b96795750e84d79764d9af3dc81193.jpg?width=720&height=720&hash=F8AC622DDA43F1556119293CCA084C4A,6.7 inch,"Rata de refresh 120 Hz
2600nits
qHD+",3120 x 1440,Dynamic AMOLED,4900 mAh,Nu,,12 GB,256 GB,
"Telefon mobil Google Pixel 10 Pro XL, 256GB, 16GB RAM, 5G,Obsidian","5.802,49 Lei",5802.49 Lei,4.5(10),https://www.emag.ro/telefon-mobil-google-pixel-10-pro-xl-256gb-16gb-ram-5g-obsidian-ga09602-gb/pd/DDNG0J3BM/,https://s13emagst.akamaized.net/products/100990/100989853/images/res_657c9bead6426b86d763dba1c5f3f55c.jpg?width=720&height=720&hash=7863DE4974D74E6D131090830172B0D3,6.8 inch,"20:9 ratio
486 PPI
Smooth Display (1 – 120 Hz)
3300 niti",1344 x 2992,OLED,5200 mAh,Nu,,16 GB,256 GB,
"Telefon mobil Motorola Edge 50 Fusion, 12GB RAM, 256GB, 5G, Forest Blue","2.388,01 Lei",2388.01 Lei,4.65(251),https://www.emag.ro/telefon-mobil-motorola-edge-50-fusion-12gb-ram-256gb-5g-forest-blue-kxg0165077/pd/D0DWTWYBM/,https://s13emagst.akamaized.net/products/71747/71746967/images/res_1162aeacbf35653f7ea6a702f06eed29.jpg?width=720&height=720&hash=6823809BEE816552608D798A43C34088,6.7 inch,"144 Hz
1600 nits peak",1080 x 2400,POLED,5000 mAh,,,12 GB,256 GB,
"Telefon mobil Huawei P30 Lite, Dual SIM, 128GB, 4G, Peacock Blue","556,60 Lei",556.60 Lei,4.4(1005),https://www.emag.ro/telefon-mobil-huawei-p30-lite-dual-sim-128gb-4g-peacock-blue-51093npp/pd/D47W6ZBBM/,https://s13emagst.akamaized.net/products/21151/21150823/images/res_ce71ae4fb31946cb6a3177c20bbc29c5.jpg?width=720&height=720&hash=C67B7D974793C16C3722D045A26EA142,6.15 inch,"Multi-touch
415 PPI",1080 x 2312,IPS,3340 mAh,,Li-Po,4 GB,128 GB,MicroSD
"Telefon mobil Samsung Galaxy S23, Dual SIM, 8GB RAM, 256GB, 5G, Green","4.056,20 Lei",4056.20 Lei,4.6(520),https://www.emag.ro/telefon-mobil-samsung-galaxy-s23-dual-sim-8gb-ram-256gb-5g-green-sm-s911bzggeue/pd/D907B5MBM/,https://s13emagst.akamaized.net/products/52576/52575498/images/res_a714fcc090f6459334600dee874ed9a1.jpg?width=720&height=720&hash=E395FC92EC7FDF43E3C8169ED1E7FADB,6.1 inch,"FHD+
425 PPI
Rata de reimprospatare la 120 Hz
1750 nits (Peak)",2340 x 1080,Dynamic AMOLED,3900 mAh,,,8 GB,256 GB,
"Telefon mobil Apple iPhone 14 Plus, 128GB, 5G, RED","4.041,40 Lei",4041.40 Lei,4.74(163),https://www.emag.ro/telefon-mobil-apple-iphone-14-plus-128gb-5g-red-mq513rx-a/pd/DP7Y4LMBM/,https://s13emagst.akamaized.net/products/48592/48591210/images/res_73fcc2d14749f4951a0b11925c7b9b58.jpg?width=720&height=720&hash=4225EDB63E79B36A46CFC765BBC48EAB,6.7 inch,"HDR10
Dolby Vision
True tone
Haptic touch
Invelis oleophobic
1200 niti",1284 x 2778,"OLED
Super Retina XDR",,Nu,Li-Ion,6 GB,128 GB,
"Telefon mobil Apple iPhone 15, 256GB, 5G, Green","4.199,99 Lei",4199.99 Lei,4.66(575),https://www.emag.ro/telefon-mobil-apple-iphone-15-256gb-5g-green-mtpa3rx-a/pd/DBCH93YBM/,https://s13emagst.akamaized.net/products/60458/60457125/images/res_ea94415514bc613edcbfe7068bbcba04.jpg?width=720&height=720&hash=2A67A51DB4ABD4F3A74FBFC55F164EA2,6.1 inch,"True tone
Haptic touch
2,000,000:1 contrast ratio
HDR display
Wide color (P3)
Dynamic Island",2556 x 1179,Super Retina XDR,,Nu,Li-Ion,6 GB,256 GB,
"Telefon mobil Xiaomi Redmi Note 14 Pro, 8GB RAM, 256GB, 5G, Coral Green","1.300,00 Lei",1300.00 Lei,4.54(68),https://www.emag.ro/telefon-mobil-xiaomi-redmi-note-14-pro-8gb-ram-256gb-5g-coral-green-mzb0imoeu/pd/DMP3DGYBM/,https://s13emagst.akamaized.net/products/84223/84222413/images/res_1e45671b9cac238c84cb20c28c07dbdc.jpg?width=720&height=720&hash=8C15ABDF10DB0F5B7FEEB5B8C55C370A,6.67 inch,"Rata de refresh 120 Hz
3000 nits (varf)
Reading mode
Contrast ratio: 5,000,000:1
Touch sampling rate: Up to 480Hz",2712 x 1220,AMOLED,5110 mAh,,,8 GB,256 GB,
"Telefon mobil Samsung Galaxy S24 FE, Dual SIM, 512GB, 5G, Blue","3.499,00 Lei",3499.00 Lei,4.76(135),https://www.emag.ro/telefon-mobil-samsung-galaxy-s24-fe-dual-sim-512gb-5g-blue-s721bzahmea-blue512gb/pd/DQLDRQYBM/,https://s13emagst.akamaized.net/products/80175/80174022/images/res_f096165956cc34f54576c652a9179036.jpg?width=720&height=720&hash=A4CF3A970C1C947F1EE3A1ABD1D539E9,6.7 inch,"HDR10+
120 Hz
1900 niti peak",1080 x 2340,Dynamic AMOLED,,,,8 GB,512 GB,NM
"Telefon mobil Huawei P20 Lite, Dual SIM, 64GB, 4G, Midnight Black","441,65 Lei",441.65 Lei,4.43(1320),https://www.emag.ro/telefon-mobil-huawei-p20-lite-dual-sim-64gb-4g-midnight-black-p20-lite-anne-l21-black/pd/D5V1PFBBM/,https://s13emagst.akamaized.net/products/14233/14232994/images/res_edb73b6e77be1aca39e2878dd2156ef2.jpg?width=720&height=720&hash=80627623A1AD73526DF9352E1FB4E94A,5.84 inch,16 milioane de culori,1080 x 2310,IPS,4000 mAh,,Li-Po,4 GB,64 GB,MicroSD
"Telefon Samsung Galaxy S20 FE, 128GB, 8GB RAM, Dual SIM 4G, Cloud Lavender","3.395,78 Lei",3395.78 Lei,5(2),https://www.emag.ro/telefon-samsung-galaxy-s20-fe-128gb-8gb-ram-dual-sim-4g-cloud-lavender-1086146652548/pd/DDB77DMBM/,https://s13emagst.akamaized.net/products/34325/34324043/images/res_d08abf6efed17ceac987143c3eb96706.jpg?width=720&height=720&hash=7778ACA94F6FE26C221A4744D72FDAD3,6.5 inch,"Corning Gorilla Glass 3
405 PPI",1080 x 2400,Super AMOLED,4500 mAh,,,8 GB,128 GB,MicroSDXC
"Telefon mobil Apple iPhone 14 Plus, 128GB, 5G, Yellow","3.673,49 Lei",3673.49 Lei,4.74(163),https://www.emag.ro/telefon-mobil-apple-iphone-14-plus-128gb-5g-yellow-mr693rx-a/pd/D7YTV6MBM/,https://s13emagst.akamaized.net/products/54108/54107250/images/res_eab616f050611459af818e3a730e831c.jpg?width=720&height=720&hash=1E2EC8D17B906161124458D91D62991D,6.7 inch,"HDR10
Dolby Vision
True tone
Haptic touch
Invelis oleophobic
1200 niti",1284 x 2778,"OLED
Super Retina XDR",,Nu,Li-Ion,6 GB,128 GB,
"Telefon mobil Samsung Galaxy A17, Dual SIM, 6GB RAM, 128GB, 4G, Grey","825,55 Lei",825.55 Lei,5(1),https://www.emag.ro/telefon-mobil-samsung-galaxy-a17-dual-sim-6gb-ram-128gb-4g-grey-8806097669944/pd/D1R0N13BM/,https://s13emagst.akamaized.net/products/105006/105005019/images/res_cd2dce695b4e040b1724d3b4a5aaa68e.jpg?width=720&height=720&hash=11FC624B7DF4037E5C6D364F34F77C86,6.7 inch,90 Hz,1080 x 2340,Super AMOLED,5000 mAh,Nu,,6 GB,128 GB,MicroSDXC
"Telefon mobil Poco F6 Pro, 12GB RAM, 512GB, 5G, Black","1.875,50 Lei",1875.50 Lei,4.47(15),https://www.emag.ro/telefon-mobil-poco-f6-pro-12gb-ram-512gb-5g-black-pco-f6problk512gb/pd/D2D33JYBM/,https://s13emagst.akamaized.net/products/72128/72127081/images/res_093a5e444a63cee2bb5bd739f147d816.jpg?width=720&height=720&hash=01FA3A2B752D59C0F736672935828CC4,6.67 inch,"Dolby Vision
HDR10+
120 Hz
68B colors
1200 niti HBM
700 nits (typ)
4000 nits (peak)",1440 x 3200,AMOLED,5000 mAh,Da,,12 GB,512 GB,
"Telefon mobil Samsung Galaxy Z Fold6, 12GB RAM, 256GB, 5G, Silver Shadow","6.235,99 Lei",6235.99 Lei,4.52(31),https://www.emag.ro/telefon-mobil-samsung-galaxy-z-fold6-12gb-ram-256gb-5g-silver-shadow-sm-f956bzsbeue/pd/DDXGVSYBM/,https://s13emagst.akamaized.net/products/73523/73522675/images/res_5a87c128c5124b24f2a724b1dc4778fb.jpg?width=720&height=720&hash=0290BC9AAE7A77E2E5C734E9308045FE,"7.6 inch
6.3 inch","QXGA+
120Hz
2600nits","2160 x 1856
2376 x 968",Dynamic AMOLED,4400 mAh,,,12 GB,256 GB,
"Telefon mobil Apple iPhone 17, 512GB, 5G, White","6.129,99 Lei",6129.99 Lei,4.71(86),https://www.emag.ro/telefon-mobil-apple-iphone-17-512gb-5g-white-mg6q4zd-a/pd/D299FV3BM/,https://s13emagst.akamaized.net/products/102972/102971585/images/res_a323d2cd35a8012782e8426678d2e7be.jpg?width=720&height=720&hash=C1EE0E30DF3DCF7FC628AF8AFE815ECE,6.3 inch,"Always-on display
True tone
Haptic touch
HDR display
Wide color (P3)
Dynamic Island
Fingerprint-resistant
Tehnologie ProMotion - rata de refresh adaptiva pana la 120Hz
Anti-reflective coating",2622 x 1206,"OLED
Super Retina XDR",,Nu,Li-Ion,8 GB,512 GB,
"Telefon mobil Apple iPhone 14 Pro Max, 512GB, 5G, Gold","6.609,00 Lei",6609.00 Lei,4.76(560),https://www.emag.ro/telefon-mobil-apple-iphone-14-pro-max-512gb-5g-gold-mqaj3rx-a/pd/DVDY4LMBM/,https://s13emagst.akamaized.net/products/48592/48591240/images/res_a4e5068cf223ad7dd7aac9ad750a6760.jpg?width=720&height=720&hash=5AA081939531E887E9DA736A6A19291C,6.7 inch,"True tone
Haptic touch
2,000,000:1 contrast ratio
HDR display
Wide color (P3)
1000 nits (typical), 1600 nits peak brightness(HDR), 2000 nits peak brightness (outdoor)",1290 x 2796,OLED,,,Li-Ion,6 GB,512 GB,
"Telefon mobil Samsung Galaxy S25 Enterprise Edition, 12GB RAM, 256GB, 5G, Silver Shadow","3.970,99 Lei",3970.99 Lei,,https://www.emag.ro/telefon-mobil-samsung-galaxy-s25-enterprise-edition-12gb-ram-256gb-5g-silver-shadow-sm-s931bzsgeee/pd/DH4PH33BM/,https://s13emagst.akamaized.net/products/85202/85201442/images/res_e7c24bc5eedea963c63a556d20ef9248.jpg?width=720&height=720&hash=F232C5DD79E8CF11F3C94FA97DF9B469,6.2 inch,"HDR10+
120 Hz
2600 nits (peak)",1080 x 2340,Dynamic AMOLED,4000 mAh,,Li-Ion,12 GB,256 GB,
"Telefon mobil Apple iPhone 15 Plus, 256GB, 5G, Blue","4.749,99 Lei",4749.99 Lei,4.82(153),https://www.emag.ro/telefon-mobil-apple-iphone-15-plus-256gb-5g-blue-mu1f3rx-a/pd/D9CH93YBM/,https://s13emagst.akamaized.net/products/60458/60457139/images/res_40465a8a7f9960c96c98670cba5cae1f.jpg?width=720&height=720&hash=85EB517A39D387BC53AE611A27D81B76,6.7 inch,"True tone
Haptic touch
2,000,000:1 contrast ratio
HDR display
Wide color (P3)
Dynamic Island",2796 x 1290,Super Retina XDR,,Nu,Li-Ion,6 GB,256 GB,
"Telefon mobil Motorola edge 70, 12GB RAM, 512 GB, PANTONE Bronze Green","2.999,99 Lei",2999.99 Lei,4.83(18),https://www.emag.ro/telefon-mobil-motorola-edge-70-12gb-ram-512-gb-pantone-bronze-green-pba50029pl/pd/DY8T813BM/,https://s13emagst.akamaized.net/products/107971/107970181/images/res_6d28a5899b141f7e968e10b172c9f3f3.jpg?width=720&height=720&hash=EA9109A316618C7B252308074826BB36,6.67 inch,"HDR10+
446 PPI
Rata de refresh 120 Hz",2717 x 1220,AMOLED,4800 mAh,Nu,Li-Ion,12 GB,512 GB,
"Telefon OnePlus 13, Dual SIM, 16GB RAM, 512GB, 5G, Black Eclipse","4.999,99 Lei",4999.99 Lei,4.5(70),https://www.emag.ro/telefon-oneplus-13-dual-sim-16gb-ram-512gb-5g-black-eclipse-5011111075/pd/D6V598YBM/,https://s13emagst.akamaized.net/products/83560/83559535/images/res_4db77c7c7d35b01109a516089522caa6.jpg?width=720&height=720&hash=679F3D1615985CD8682A7CF59446B98B,6.82 inch,"Always-on display
120 Hz
4500 nits (peak)",1440 x 3168,AMOLED,6000 mAh,,Li-Ion,16 GB,512 GB,
"Telefon mobil Apple iPhone 16 Pro, 256GB, 5G, Desert Titanium","7.450,01 Lei",7450.01 Lei,4.69(466),https://www.emag.ro/telefon-mobil-apple-iphone-16-pro-256gb-5g-desert-titanium-mynk3zd-a/pd/DJ367LYBM/,https://s13emagst.akamaized.net/products/76828/76827249/images/res_43264b7008b32c46f8138d48f1b964c1.jpg?width=720&height=720&hash=1C1A9198FDF45E7F469617B8F54C1C73,6.3 inch,"Always-on display
True tone
Haptic touch
2,000,000:1 contrast ratio
HDR display
Wide color (P3)
Dynamic Island
1000 nit luminozitate maxima (tipic); 1600 nit luminozitate maxima (HDR); 2000 nit luminozitate maxima (in aer liber)
Fingerprint-resistant",2622 x 1206,OLED,,Nu,Li-Ion,8 GB,256 GB,
"Telefon mobil Nokia 3210 (2024), Dual SIM, 4G, Scuba Blue","260,00 Lei",260.00 Lei,3.65(26),https://www.emag.ro/telefon-mobil-nokia-3210-2024-dual-sim-4g-scuba-blue-1gf025cpj2l09/pd/DG5CJFYBM/,https://s13emagst.akamaized.net/products/71608/71607828/images/res_d057f6d5cc6582bc3f8e26424be45dba.jpg?width=720&height=720&hash=69F071E63E37CD635DC846F3DA3129A9,2.4 inch,,,TFT,1450 mAh,Da,Li-Ion,64 MB,128 MB,
"Telefon mobil Apple iPhone 16 Pro, 512GB, 5G, Black Titanium","7.850,01 Lei",7850.01 Lei,4.69(466),https://www.emag.ro/telefon-mobil-apple-iphone-16-pro-512gb-5g-black-titanium-mynm3zd-a/pd/DV367LYBM/,https://s13emagst.akamaized.net/products/76828/76827247/images/res_8d2028a84a99e32106c6286f4f51abac.jpg?width=720&height=720&hash=E74D092090D0897BD34C6E5211F6170E,6.3 inch,"Always-on display
True tone
Haptic touch
2,000,000:1 contrast ratio
HDR display
Wide color (P3)
Dynamic Island
1000 nit luminozitate maxima (tipic); 1600 nit luminozitate maxima (HDR); 2000 nit luminozitate maxima (in aer liber)
Fingerprint-resistant",2622 x 1206,OLED,,Nu,Li-Ion,8 GB,512 GB,
"Telefon mobil Samsung Galaxy S25 Edge, 12GB RAM, 256GB, 5G, Titanium Jetblack","3.523,51 Lei",3523.51 Lei,3.79(14),https://www.emag.ro/telefon-mobil-samsung-galaxy-s25-edge-12gb-ram-256gb-5g-titanium-jetblack-sm-s937bzkdeub/pd/DSNXK03BM/,https://s13emagst.akamaized.net/products/95374/95373780/images/res_6db5754044d4951e62fc0244a9be26e6.jpg?width=720&height=720&hash=73A7E54E1F7A78CACF066F80C73F888A,6.7 inch,"HDR10+
120 Hz",1440 x 3120,"AMOLED
LTPO",3900 mAh,Nu,,12 GB,256 GB,
"Telefon mobil Samsung Galaxy S24 Ultra, Dual SIM, 12GB RAM, 512GB, 5G, Titanium Gray","6.481,99 Lei",6481.99 Lei,4.74(885),https://www.emag.ro/telefon-mobil-samsung-galaxy-s24-ultra-dual-sim-12gb-ram-512gb-5g-titanium-gray-sm-s928bztheue/pd/DS6L7KYBM/,https://s13emagst.akamaized.net/products/64817/64816454/images/res_77def1f199ad6f0779f5c7e562f97e5b.jpg?width=720&height=720&hash=2E68EDA83FEBED8DBF9177EF2F7481BE,6.8 inch,"120 Hz
QHD",3120 x 1440,Dynamic AMOLED,5000 mAh,,,12 GB,512 GB,
"Telefon mobil Google Pixel 10 Pro, 128GB, 16GB RAM, 5G, Obsidian","4.950,97 Lei",4950.97 Lei,4.11(27),https://www.emag.ro/telefon-mobil-google-pixel-10-pro-128gb-16gb-ram-5g-obsidian-ga09601-gb/pd/D5KG0J3BM/,https://s13emagst.akamaized.net/products/100990/100989842/images/res_f47f2f1252c074b8353b67fb89a55420.jpg?width=720&height=720&hash=DC414A36BC30507B2D8F292DF129840D,6.3 inch,"20:9 ratio
495 PPI
Smooth Display (1 – 120 Hz)
3300 niti",1280 x 2856,OLED,4870 mAh,Nu,,16 GB,128 GB,
"Telefon mobil Vivo X200 Pro, 16GB RAM, 512GB, 5G, Titanium","5.830,01 Lei",5830.01 Lei,5(4),https://www.emag.ro/telefon-mobil-vivo-x200-pro-16gb-ram-512gb-5g-titanium-vo-x200protnm512/pd/DVDR6GYBM/,https://s13emagst.akamaized.net/products/84869/84868997/images/res_ff78aecb1aeaea567258b5dce9bcb316.jpg?width=720&height=720&hash=BCC3850C09DC21F4B496FAEB62F0A158,6.78 inch,"Dolby Vision
HDR10+
120 Hz
1B colors
4500 nits (peak)",1260 x 2800,"AMOLED
LTPO",6000 mAh,,,16 GB,512 GB,
"Telefon mobil Apple iPhone 17 Pro Max, 1TB, 5G, Cosmic Orange","9.979,99 Lei",9979.99 Lei,4.76(136),https://www.emag.ro/telefon-mobil-apple-iphone-17-pro-max-1tb-5g-cosmic-orange-mfyw4zd-a/pd/D599FV3BM/,https://s13emagst.akamaized.net/products/102972/102971604/images/res_8b9a44b3730436c3966b37351d4ba1d2.jpg?width=720&height=720&hash=F99DA454AA885BB4B06EF1C60D0B6439,6.9 inch,"Always-on display
True tone
Haptic touch
2,000,000:1 contrast ratio
HDR display
Wide color (P3)
Dynamic Island
1000 nit luminozitate maxima (tipic); 1600 nit luminozitate maxima (HDR); 3000 nit luminozitate maxima (in aer liber)
Tehnologie ProMotion - rata de refresh adaptiva pana la 120Hz",2868 x 1320,OLED,,Nu,Li-Ion,12 GB,1 TB,
"Telefon mobil MaxCom MM142, Dual SIM, 32GB, 2G, Black","139,98 Lei",139.98 Lei,3.88(8),https://www.emag.ro/telefon-mobil-maxcom-mm142-dual-sim-32gb-2g-black-mm142-black/pd/D6CXWZBBM/,https://s13emagst.akamaized.net/products/21225/21224332/images/res_64572ab39f6ccab46753587b84111688.jpg?width=720&height=720&hash=4BC81AA96429CC845C28B4D43970D8CF,2.4 inch,,240 x 320,,800 mAh,,Li-Ion,2 GB,32 GB,MicroSD
"Telefon mobil Samsung Galaxy Z Fold6, 12GB RAM, 256GB, 5G, Navy","6.365,99 Lei",6365.99 Lei,4.52(31),https://www.emag.ro/telefon-mobil-samsung-galaxy-z-fold6-12gb-ram-256gb-5g-navy-sm-f956bdbbeue/pd/D2XGVSYBM/,https://s13emagst.akamaized.net/products/73523/73522673/images/res_22b31380d38892ea289e005435de0917.jpg?width=720&height=720&hash=7AFC5F8A79AA7556F994598B0924EC43,"7.6 inch
6.3 inch","QXGA+
120Hz
2600nits","2160 x 1856
2376 x 968",Dynamic AMOLED,4400 mAh,,,12 GB,256 GB,
"Telefon mobil Apple iPhone 15, 512GB, 5G, Green","5.450,01 Lei",5450.01 Lei,4.66(575),https://www.emag.ro/telefon-mobil-apple-iphone-15-512gb-5g-green-mtph3rx-a/pd/D7CH93YBM/,https://s13emagst.akamaized.net/products/60458/60457125/images/res_ea94415514bc613edcbfe7068bbcba04.jpg?width=720&height=720&hash=2A67A51DB4ABD4F3A74FBFC55F164EA2,6.1 inch,"True tone
Haptic touch
2,000,000:1 contrast ratio
HDR display
Wide color (P3)
Dynamic Island",2556 x 1179,Super Retina XDR,,Nu,Li-Ion,6 GB,512 GB,
"Telefon mobil pentru seniori, cu meniul in limba Romana, Stand pentru incarcare, taste mari, buton SOS, micro SIM, retea 4G, Functie Apelare rapida, Lanterna","220,00 Lei",220.00 Lei,,https://www.emag.ro/telefon-mobil-pentru-seniori-cu-meniul-in-limba-romana-stand-pentru-incarcare-taste-mari-buton-sos-micro-sim-retea-4g-functie-apelare-rapida-lanterna-telefon-c1-stand/pd/DBY7PGYBM/?ref=smart-history-ml_1_1&provider=rec&recid=rec_4_5e9759dcfd5288bf9a71d8396280e757e1b53ada38180bc2f1ca11e3136e9b5f_1767477086&scenario_ID=4,https://s13emagst.akamaized.net/products/84403/84402770/images/res_e76eb0344d7d0d953d720280a6767e39.png?width=300&height=300&hash=2D6F5B727B52C2C35DBA622E794D5690,1.77 inch,,,,1800 mAh,Da,,128 MB,48 MB,MicroSD
"Telefon mobil pentru seniori, cu meniul in limba Romana, taste mari, buton SOS, micro SIM, retea 4G, Functie Apelare Rapida, Bluetooth, Radio, Camera, Lanterna","237,00 Lei",237.00 Lei,4.94(1173),https://www.emag.ro/telefon-mobil-pentru-seniori-cu-meniul-in-limba-romana-taste-mari-buton-sos-micro-sim-retea-4g-functie-apelare-rapida-bluetooth-radio-camera-lanterna-telefon-c1-4g/pd/D4QJLRYBM/?ref=smart-history-ml_1_2&provider=rec&recid=rec_4_5e9759dcfd5288bf9a71d8396280e757e1b53ada38180bc2f1ca11e3136e9b5f_1767477086&scenario_ID=4,https://s13emagst.akamaized.net/products/80989/80988077/images/res_8fa578c970729c85d4d0cfcf6f7c4820.png?width=300&height=300&hash=33CF461B6567607B94367D82BA50A67B,1.77 inch,,,LCD,1800 mAh,Da,Li-Ion,128 MB,48 MB,MicroSD
"Telefon mobil pentru seniori, cu meniul in limba Romana, Stand pentru incarcare, taste mari, buton SOS, Dual SIM, Retea 4G, Baterie 1800 mAh, Functie Apelare Rapida, Usor de folosit pentru varstnici, pensionari si bunici, Lanterna, Diagonala ecran 6.1 cm","249,99 Lei",249.99 Lei,4.96(604),https://www.emag.ro/telefon-mobil-pentru-seniori-cu-meniul-in-limba-romana-stand-pentru-incarcare-taste-mari-buton-sos-dual-sim-retea-4g-baterie-1800-mah-functie-apelare-rapida-usor-de-folosit-pentru-varstnici-pensionari/pd/DTWK8GYBM/?ref=smart-history-ml_1_3&provider=rec&recid=rec_4_5e9759dcfd5288bf9a71d8396280e757e1b53ada38180bc2f1ca11e3136e9b5f_1767477086&scenario_ID=4,https://s13emagst.akamaized.net/products/84884/84883184/images/res_3eaf1c1278820a611548b9397654c266.png?width=300&height=300&hash=0B0D1EBE3840DFDCD35B67F0A133819C,2.4 inch,,,LCD,1800 mAh,Da,Li-Ion,128 MB,48 MB,MicroSD
"Telefon mobil cu clapeta pentru seniori, meniu in limba Romana, Display dublu, Stand incarcare, Retea 4G, Taste mari, Buton SOS, Micro SIM, Baterie 1300 mAh, usor de folosit pentru varstnici, pensionari si bunici, Functie Apelare Rapida, Ecran 6.1 cm","240,00 Lei",240.00 Lei,4.97(31),https://www.emag.ro/telefon-mobil-cu-clapeta-pentru-seniori-meniu-in-limba-romana-display-dublu-stand-incarcare-retea-4g-taste-mari-buton-sos-micro-sim-baterie-1300-mah-usor-de-folosit-pentru-varstnici-pensionari-si-buni/pd/DDPVLM3BM/?ref=smart-history-ml_1_4&provider=rec&recid=rec_4_5e9759dcfd5288bf9a71d8396280e757e1b53ada38180bc2f1ca11e3136e9b5f_1767477086&scenario_ID=4,https://s13emagst.akamaized.net/products/87455/87454261/images/res_2184472f5b106e0902e4d4c38a009d73.png?width=300&height=300&hash=4C50457F93B3235DE45529F61E5EBBCB,,,,,,Da,,128 MB,64 MB,
"Telefon Mobil pentru Seniori cu Taste Mari, 4G, Meniu in Limba Romana, Volum Puternic Reglabil, Buton SOS, One Sim, Ecran LCD Generos, Color, Autonomie 7 Zile, Usor de Folosit pentru Varstnici, Pensionari si Bunici, Lanterna, Radio, Bluetooth, Albastru","328,99 Lei",328.99 Lei,4.68(40),https://www.emag.ro/telefon-mobil-pentru-seniori-cu-taste-mari-4g-meniu-in-limba-romana-volum-puternic-reglabil-buton-sos-one-sim-ecran-lcd-generos-color-autonomie-7-zile-usor-de-folosit-pentru-varstnici-pensionari-si-bu/pd/DDVZT8YBM/?ref=smart-history-ml_1_5&provider=rec&recid=rec_4_5e9759dcfd5288bf9a71d8396280e757e1b53ada38180bc2f1ca11e3136e9b5f_1767477086&scenario_ID=4,https://s13emagst.akamaized.net/products/83348/83347133/images/res_f4546a5a3e32acdcaea2dcbe387baace.jpg?width=300&height=300&hash=7E4D8164F79B4DF147671E6A7BA471F1,1.77 inch,,128 x 160,LCD,1000 mAh,,Li-Ion,48 MB,128 GB,SD
"Telefon mobil pentru seniori, dual SIM, color, taste mari, meniu in limba Romana, buton SOS, Bluetooth, lanterna, radio, negru","180,00 Lei",180.00 Lei,4.77(325),https://www.emag.ro/telefon-mobil-pentru-seniori-dual-sim-color-taste-mari-meniu-in-limba-romana-buton-sos-bluetooth-lanterna-radio-negru-telefon-cs181/pd/DXLPBQMBM/?ref=smart-history-ml_1_6&provider=rec&recid=rec_4_5e9759dcfd5288bf9a71d8396280e757e1b53ada38180bc2f1ca11e3136e9b5f_1767477086&scenario_ID=4,https://s13emagst.akamaized.net/products/50806/50805851/images/res_65d5ec35caa79fb4820b8544da0c3a3a.png?width=300&height=300&hash=52A6B5DA9219E5124081D6E6AEB02844,1.8 inch,,,,800 mAh,Da,BL-5C,32 MB,24 MB,SD
"Telefon mobil Samsung Galaxy S25, 12GB RAM, 512GB, 5G, Coralred","4.500,00 Lei",4500.00 Lei,4.74(219),https://www.emag.ro/telefon-mobil-samsung-galaxy-s25-12gb-ram-512gb-5g-coralred-sm-s931bzrheue/pd/D17QRD3BM/,https://s13emagst.akamaized.net/products/92197/92196570/images/res_88c78b9979a8558248e0c4ef4699eb39.jpg?width=720&height=720&hash=09DA41F79C2C70BE705B0C7A53D37A5E,6.2 inch,"HDR10+
120 Hz
2600 nits (peak)",1080 x 2340,Dynamic AMOLED,4000 mAh,Nu,Li-Ion,12 GB,512 GB,
"Telefon mobil Huawei P30 Pro, Dual SIM, 128GB, 8GB RAM, 4G, Midnight Black","1.272,00 Lei",1272.00 Lei,4.17(66),https://www.emag.ro/telefon-mobil-huawei-p30-pro-dual-sim-128gb-8gb-ram-4g-midnight-black-p30pro8gbram/pd/DY88T8BBM/,https://s13emagst.akamaized.net/products/20936/20935295/images/res_04584acfa3f95c46a69f665db4834a21.jpg?width=720&height=720&hash=910D2E38EE0745C21D0652D1AB692985,6.47 inch,"Multi-touch
398 PPI",1080 x 2340,OLED,4200 mAh,,Li-Po,8 GB,128 GB,NM
"Telefon mobil Apple iPhone 17 Pro, 1TB, 5G, Cosmic Orange","9.219,99 Lei",9219.99 Lei,4.71(135),https://www.emag.ro/telefon-mobil-apple-iphone-17-pro-1tb-5g-cosmic-orange-mg8q4zd-a/pd/DS99FV3BM/,https://s13emagst.akamaized.net/products/102972/102971594/images/res_2dd3ceeb224a4e2141c8a47b02de1c37.jpg?width=720&height=720&hash=52097D1F6C46AE0A5C221E1C43369534,6.3 inch,"Always-on display
True tone
Haptic touch
2,000,000:1 contrast ratio
HDR display
Wide color (P3)
Dynamic Island
1000 nit luminozitate maxima (tipic); 1600 nit luminozitate maxima (HDR); 3000 nit luminozitate maxima (in aer liber)
Tehnologie ProMotion - rata de refresh adaptiva pana la 120Hz",2622 x 1206,OLED,,Nu,Li-Ion,12 GB,1 TB,
"Telefon mobil Poco X7 Pro, 12GB RAM, 256GB, 5G, Yellow","1.848,00 Lei",1848.00 Lei,4.53(55),https://www.emag.ro/telefon-mobil-poco-x7-pro-12gb-ram-256gb-5g-yellow-pc-x7pro12gbylw/pd/DSK19GYBM/,https://s13emagst.akamaized.net/products/84480/84479844/images/res_cc7616affe8bf3d3ffae929e3943c61b.jpg?width=720&height=720&hash=BBC910583CB8471DD0052B8C1BC90A5E,6.67 inch,"Dolby Vision
HDR10+
120 Hz
68B colors
1400 nits (HBM)
3200 nits (peak)",1220 x 2712,AMOLED,6000 mAh,,,12 GB,256 GB,
"Telefon mobil Xiaomi Redmi Note 15, 8GB RAM, 256GB, 5G, Black","1.550,01 Lei",1550.01 Lei,,https://www.emag.ro/telefon-mobil-xiaomi-redmi-note-15-8gb-ram-256gb-5g-black-xm-rn15blk5g/pd/DPC1V83BM/,https://s13emagst.akamaized.net/products/112306/112305014/images/res_d45b8b83a3a5ec6e2690363d20d7ca9f.jpg?width=720&height=720&hash=8794D1A3B44709A699ABD8C269495A36,6.77 inch,"HDR10+
120 Hz
68B colors
3200 nits (peak)",1080 x 2392,AMOLED,5520 mAh,Nu,,8 GB,256 GB,MicroSDXC
"Telefon mobil Google Pixel 7, 128GB, 8GB RAM, 5G, Snow","1.693,99 Lei",1693.99 Lei,4.32(79),https://www.emag.ro/telefon-mobil-google-pixel-7-128gb-8gb-ram-5g-snow-7320/pd/DGVB5ZMBM/,https://s13emagst.akamaized.net/products/49722/49721766/images/res_431ef488071bffdede121cec13fc906e.jpg?width=720&height=720&hash=92781040C651F614BA8A26AB061594FB,6.3 inch,"Always-on display
HDR10+
90 Hz",1080 x 2400,AMOLED,4360 mAh,,Li-Ion,8 GB,128 GB,
"Telefon mobil Samsung Galaxy S25 Ultra, Dual SIM, 12GB RAM, 1TB, 5G, Jetblack","7.343,31 Lei",7343.31 Lei,4.66(500),https://www.emag.ro/telefon-mobil-samsung-galaxy-s25-ultra-dual-sim-12gb-ram-1tb-5g-jetblack-sm-s938bakheue/pd/DBSW5X3BM/,https://s13emagst.akamaized.net/products/98698/98697145/images/res_c090c80854e8632d90b19998cdcad1ee.jpg?width=720&height=720&hash=12D316365747F96863C789350D8EB9A8,6.9 inch,"Rata de refresh 120 Hz
2600nits
qHD+",3120 x 1440,Dynamic AMOLED,5000 mAh,Nu,,12 GB,1 TB,
"Telefon OnePlus 13, Dual SIM, 16GB RAM, 512GB, 5G, Midnight Ocean","4.648,64 Lei",4648.64 Lei,4.5(70),https://www.emag.ro/telefon-oneplus-13-dual-sim-16gb-ram-512gb-5g-midnight-ocean-5011110317/pd/DLV598YBM/,https://s13emagst.akamaized.net/products/83560/83559529/images/res_620261017553db2a484bfdae6d6d5f53.jpg?width=720&height=720&hash=AB8E6491A4CEC2EC36093397433F049A,6.82 inch,"Always-on display
120 Hz
4500 nits (peak)",1440 x 3168,AMOLED,6000 mAh,,Li-Ion,16 GB,512 GB,
"Telefon Mobil Samsung Galaxy S25 Ultra, Enterprise Edition, Procesor Qualcomm SM8750-AB Snapdragon 8 Elite Octa-core, Dynamic LTPO AMOLED 2X 6.9, 12GB RAM, 512GB Flash, Camera Quad 200 + 10 + 50 + 50 MP, Wi-Fi, 5G, Dual SIM, Android (Negru)","6.100,01 Lei",6100.01 Lei,,https://www.emag.ro/telefon-mobil-samsung-galaxy-s25-ultra-enterprise-edition-procesor-qualcomm-sm8750-ab-snapdragon-8-elite-octa-core-dynamic-ltpo-amoled-2x-6-9-12gb-ram-512gb-flash-camera-quad-200-10-50-50-mp-wi-fi-5g-/pd/DSKX9N3BM/,https://s13emagst.akamaized.net/products/94629/94628974/images/res_d5a663176735f4ddc83b41595410a99b.png?width=720&height=720&hash=B371A7587A3B9FB435D4A2EA8F996E08,6.9 inch,,,,,,,12 GB,512 GB,
"Telefon mobil Apple iPhone Air, 1TB, 5G, Space Black","7.386,49 Lei",7386.49 Lei,4.21(43),https://www.emag.ro/telefon-mobil-apple-iphone-air-1tb-5g-space-black-mg2w4zd-a/pd/DPF9FV3BM/,https://s13emagst.akamaized.net/products/102972/102971619/images/res_bef7f7eec4a491d64cb449d4fbf8d066.jpg?width=720&height=720&hash=5B02365853D344C8D323B2157B7DA8CC,6.5 inch,"Always-on display
HDR
True tone
Haptic touch
Wide color (P3)
Dynamic Island
Fingerprint-resistant
Tehnologie ProMotion - rata de refresh adaptiva pana la 120Hz
Anti-reflective coating",2736 x 1260,"OLED
Super Retina XDR",,Nu,Li-Ion,12 GB,1 TB,
"Telefon mobil Blackview Shark 9, 5G, 24GB Ram(8GB + 16GB/2TB), 256GB, 50MP+8MP, Octa-Core Android 14, 5000mAh/18W Cell Phone, 6.67"" HD+, GPS/Fingerprint/Face ID Mobile Phones, Albastru","899,99 Lei",899.99 Lei,4.5(2),https://www.emag.ro/telefon-mobil-blackview-shark-9-5g-24gb-ram-8gb-16gb-2tb-256gb-50mp-8mp-octa-core-android-14-5000mah-18w-cell-phone-6-67-hd-gps-fingerprint-face-id-mobile-phones-albastru-shark9-8-256-albastru-01/pd/DNV4T33BM/,https://s13emagst.akamaized.net/products/88886/88885379/images/res_c06446321c6457cc0dd99d10be842922.jpg?width=720&height=720&hash=B01208629911A2F55170559F0E63A326,6.67 inch,90 Hz,720 x 1604,IPS,5000 mAh,Nu,Li-Ion,8 GB,256 GB,MicroSD
"Telefon mobil INFINIX Note 50 Pro, 8GB RAM, 256GB, Titanium Grey","1.499,99 Lei",1499.99 Lei,4(1),https://www.emag.ro/telefon-mobil-infinix-note-50-pro-8gb-ram-256gb-titanium-grey-10068915/pd/DQCPQL3BM/,https://s13emagst.akamaized.net/products/106009/106008554/images/res_d2cd8f50677e9a985fe60fdb24bb6798.jpg?width=720&height=720&hash=CA1178FB3955D18EDBA56384BFEA215A,6.78 inch,"FHD+
144 Hz",2436 x 1080,AMOLED,5200 mAh,,,8 GB,256 GB,
"Telefon mobil Huawei Mate Xs 2, 8GB RAM, 512GB, 4G, White","9.456,29 Lei",9456.29 Lei,2(4),https://www.emag.ro/telefon-mobil-huawei-mate-xs-2-8gb-ram-512gb-4g-white-51097clj/pd/D5NKPGMBM/,https://s13emagst.akamaized.net/products/55777/55776745/images/res_fc459dc40fe42fa74bc889344da847b3.jpg?width=720&height=720&hash=3E16694D24B4580F7F7092D9957691D1,7.8 inch,Rata de reimprospatare de pana la 120 Hz,"2480 x 2200
2480 x 1176",OLED,4600 mAh,,Li-Ion,8 GB,512 GB,NM
"Telefon mobil Apple iPhone 17, 512GB, 5G, Mist Blue","6.129,99 Lei",6129.99 Lei,4.71(86),https://www.emag.ro/telefon-mobil-apple-iphone-17-512gb-5g-mist-blue-mg6t4zd-a/pd/D799FV3BM/,https://s13emagst.akamaized.net/products/102972/102971586/images/res_4f1b51fa73a52ca81d57664d988f9b9d.jpg?width=720&height=720&hash=D8FC58EE1CC185F831065880746924D1,6.3 inch,"Always-on display
True tone
Haptic touch
HDR display
Wide color (P3)
Dynamic Island
Fingerprint-resistant
Tehnologie ProMotion - rata de refresh adaptiva pana la 120Hz
Anti-reflective coating",2622 x 1206,"OLED
Super Retina XDR",,Nu,Li-Ion,8 GB,512 GB,
"Telefon mobil Apple iPhone 17 Pro Max, 1TB, 5G, Silver","9.979,99 Lei",9979.99 Lei,4.76(136),https://www.emag.ro/telefon-mobil-apple-iphone-17-pro-max-1tb-5g-silver-mfyv4zd-a/pd/DR99FV3BM/,https://s13emagst.akamaized.net/products/102972/102971603/images/res_3068a10e181103d3223a4b9b61950c54.jpg?width=720&height=720&hash=4DB633047EFB2CF2F4E7087C39438AD1,6.9 inch,"Always-on display
True tone
Haptic touch
2,000,000:1 contrast ratio
HDR display
Wide color (P3)
Dynamic Island
1000 nit luminozitate maxima (tipic); 1600 nit luminozitate maxima (HDR); 3000 nit luminozitate maxima (in aer liber)
Tehnologie ProMotion - rata de refresh adaptiva pana la 120Hz",2868 x 1320,OLED,,Nu,Li-Ion,12 GB,1 TB,
"Telefon mobil MyPhone Halo Easy, Black","129,72 Lei",129.72 Lei,3.84(44),https://www.emag.ro/telefon-mobil-myphone-halo-easy-black-tel000347/pd/DBKWT7BBM/,https://s13emagst.akamaized.net/products/4856/4855220/images/res_2a51f8ce1e3b0371bb4247347c7324eb.jpg?width=720&height=720&hash=B8D3428731A5CF80F4510A8B661A959C,1.8 inch,,,,1000 mAh,,,2 MB,2 MB,MicroSD
"Telefon mobil Google Pixel 10 Pro, 1TB, 16GB RAM, 5G, Obsidian","8.199,99 Lei",8199.99 Lei,4.11(27),https://www.emag.ro/telefon-mobil-google-pixel-10-pro-1tb-16gb-ram-5g-obsidian-ga09934-gb/pd/D7NG0J3BM/,https://s13emagst.akamaized.net/products/100990/100989842/images/res_f47f2f1252c074b8353b67fb89a55420.jpg?width=720&height=720&hash=DC414A36BC30507B2D8F292DF129840D,6.3 inch,"20:9 ratio
495 PPI
Smooth Display (1 – 120 Hz)
3300 niti",1280 x 2856,OLED,4870 mAh,Nu,,16 GB,1 TB,
"Telefon mobil Apple iPhone 14, 256GB, 5G, Blue","4.569,54 Lei",4569.54 Lei,4.78(570),https://www.emag.ro/telefon-mobil-apple-iphone-14-256gb-5g-blue-mpwp3rx-a/pd/D37Y4LMBM/,https://s13emagst.akamaized.net/products/48592/48591196/images/res_4fe7d2a075236c7c332d2c663bf09c26.jpg?width=720&height=720&hash=7E503FF0EC48272C19A1D3387F621B5A,6.1 inch,"True tone
Haptic touch
2,000,000:1 contrast ratio
800 nits (typ), 1200 nits (peak)
HDR display
Wide color (P3)",1170 x 2532,OLED,,Nu,Li-Ion,6 GB,256 GB,
"Telefon mobil realme GT 7 Pro, 12GB RAM, 512GB, 5G, Galaxy Grey","4.246,00 Lei",4246.00 Lei,4.81(16),https://www.emag.ro/telefon-mobil-realme-gt-7-pro-12gb-ram-512gb-5g-galaxy-grey-631002002708/pd/DZ6DX5YBM/,https://s13emagst.akamaized.net/products/81664/81663756/images/res_482e70ecfc1251383a604c8c412ed531.jpg?width=720&height=720&hash=519D572A98EA47B9ED03A6A6E353FC37,6.78 inch,"120 Hz
1.07 miliarde de culori",2780 x 1264,"AMOLED
LTPO",6500 mAh,,,12 GB,512 GB,
"Telefon mobil Xiaomi Redmi Note 13 Pro, Dual SIM, 512GB, 12GB RAM, 5G, Black","1.602,86 Lei",1602.86 Lei,4.58(352),https://www.emag.ro/telefon-mobil-xiaomi-redmi-note-13-pro-dual-sim-512gb-12gb-ram-5g-black-50728/pd/D0CFSKYBM/,https://s13emagst.akamaized.net/products/65168/65167962/images/res_5e4be8dafc12b4b888d02cf622c3dc0e.jpg?width=720&height=720&hash=30D991EEE0D20AA855A7AA4E06EBBE44,6.67 inch,"Dolby Vision
120 Hz
68B colors
500 nits (typ)
1200 nits (HBM)
1800 nits (peak)",1220 x 2712,AMOLED,5100 mAh,,Li-Po,12 GB,512 GB,
"Telefon Mobil idealSTORE TCL onetouch 5041, Apel Vocal HD, Camera Foto, Dual SIM, 4G, Contine Cartela SIM cu beneficii, Tastatura cu 12 Taste, Lanterna Incorporata","161,67 Lei",161.67 Lei,,https://www.emag.ro/telefon-mobil-idealstore-tcl-onetouch-5041-apel-vocal-hd-camera-foto-dual-sim-4g-contine-cartela-sim-cu-beneficii-tastatura-cu-12-taste-lanterna-incorporata-idl-tcl-5041/pd/DY4PH33BM/,https://s13emagst.akamaized.net/products/88998/88997840/images/res_cacc70bf3c0391ef1c5030305f9212ca.png?width=720&height=720&hash=925801E5CBACCE3F756DACAFEC6199B9,,,,,,,,128 MB,128 MB,
"Telefon seniori butoane mari ecran 1.77"" camera foto radio FM difuzor lanterna functie SOS bluetooth Halo easy","177,10 Lei",177.10 Lei,,https://www.emag.ro/telefon-seniori-butoane-mari-ecran-1-77-camera-foto-radio-fm-difuzor-lanterna-functie-sos-bluetooth-halo-easy-metel000347/pd/DKYN0RYBM/,https://s13emagst.akamaized.net/products/80653/80652956/images/res_5daba7fba61c8b7d11a0e01cc40406f2.jpg?width=720&height=720&hash=BADF3F2721496F6B265E7E0463DFAE2D,2.7 inch,,,,1000 mAh,,Li-Ion,24 MB,32 MB,MicroSD
"Telefon mobil Huawei P20 Lite, Dual SIM, 64GB, 4G, Klein Blue","447,70 Lei",447.70 Lei,4.43(1320),https://www.emag.ro/telefon-mobil-huawei-p20-lite-dual-sim-64gb-4g-klein-blue-p20-lite-anne-l21-blue/pd/D6V1PFBBM/,https://s13emagst.akamaized.net/products/14233/14232995/images/res_8e6538e1f0881559a6bca7b4ebdfae5b.jpg?width=720&height=720&hash=F57A1D01725E23DDD3252871BBE4D9CD,5.84 inch,16 milioane de culori,1080 x 2310,IPS,4000 mAh,,Li-Po,4 GB,64 GB,MicroSD
"Telefon mobil Samsung Galaxy S25+, Dual SIM, 12GB RAM, 256GB, 5G, Navy","6.558,99 Lei",6558.99 Lei,4.71(108),https://www.emag.ro/telefon-mobil-samsung-galaxy-s25-dual-sim-12gb-ram-256gb-5g-navy-sm-s936bdbdeue/pd/D4QVXGYBM/,https://s13emagst.akamaized.net/products/84446/84445755/images/res_0cde8130d6d818b946a12ee999a8a26d.jpg?width=720&height=720&hash=FDB3D99CA2E7446A14F9D4C2A317654F,6.7 inch,"Rata de refresh 120 Hz
2600nits
qHD+",3120 x 1440,Dynamic AMOLED,4900 mAh,,,12 GB,256 GB,
"Telefon mobil Google Pixel 10 Pro, 128GB, 16GB RAM, 5G, Moonstone","4.756,75 Lei",4756.75 Lei,4.11(27),https://www.emag.ro/telefon-mobil-google-pixel-10-pro-128gb-16gb-ram-5g-moonstone-ga10313-gb/pd/D8KG0J3BM/,https://s13emagst.akamaized.net/products/100990/100989844/images/res_fd7b29dda8a5e632e31b3be4706f9b60.jpg?width=720&height=720&hash=5B9A468D526C9FA84B80BE86C984D28F,6.3 inch,"20:9 ratio
495 PPI
Smooth Display (1 – 120 Hz)
3300 niti",1280 x 2856,OLED,4870 mAh,Nu,,16 GB,128 GB,
"Telefon mobil Apple iPhone 16, 512GB, 5G, Teal","5.599,99 Lei",5599.99 Lei,4.73(313),https://www.emag.ro/telefon-mobil-apple-iphone-16-512gb-5g-teal-myeu3zd-a/pd/DRY67LYBM/,https://s13emagst.akamaized.net/products/76828/76827222/images/res_2b48580a1b85d2b3e7c5c41f5f6c8d42.jpg?width=720&height=720&hash=CEA683847A73520D4DC103A0EC55225D,6.1 inch,"True tone
Haptic touch
HDR display
Wide color (P3)
Dynamic Island
1000 nit luminozitate maxima (tipic); 1600 nit luminozitate maxima (HDR); 2000 nit luminozitate maxima (in aer liber)
Fingerprint-resistant",2556 x 1179,OLED,,Nu,Li-Ion,8 GB,512 GB,
"Telefon mobil Google Pixel 9a, 256GB, 8GB RAM, 5G, Obsidian","2.792,91 Lei",2792.91 Lei,4.68(34),https://www.emag.ro/telefon-mobil-google-pixel-9a-256gb-8gb-ram-5g-obsidian-ga09566-gb/pd/D2W93Y3BM/,https://s13emagst.akamaized.net/products/87839/87838250/images/res_5ed6774bbe3e16ae7d553bf553734955.jpg?width=720&height=720&hash=507CAF2A93992E32E974D743ACE99D19,6.3 inch,"Always-on display
HDR10+
Protectie sticla Corning Gorilla Glass 3
Refresh rate 120Hz
1800 nits (HBM)
2700 nits (peak)",1080 x 2424,OLED,5100 mAh,Nu,Li-Po,8 GB,256 GB,
"Telefon mobil Google Pixel 9 Pro XL, 256GB, 16GB RAM, 5G, Obsidian","4.280,38 Lei",4280.38 Lei,4.4(89),https://www.emag.ro/telefon-mobil-google-pixel-9-pro-xl-256gb-16gb-ram-5g-obsidian-ga05983-gb/pd/D9ZKQVYBM/,https://s13emagst.akamaized.net/products/74606/74605045/images/res_25124c1f875fe3cdf3eedf8ba0dfc104.jpg?width=720&height=720&hash=B19B0D74E915947FB17A5F20B3334464,6.75 inch,"Refresh rate 120Hz
3000 nits (varf)
HDR 10+
486 PPI",1344 x 2992,P-OLED,5060 mAh,Nu,Li-Ion,16 GB,256 GB,
"Telefon mobil Apple iPhone 15, 512GB, 5G, Yellow","5.146,71 Lei",5146.71 Lei,4.66(575),https://www.emag.ro/telefon-mobil-apple-iphone-15-512gb-5g-yellow-mtpf3rx-a/pd/D2CH93YBM/,https://s13emagst.akamaized.net/products/60458/60457123/images/res_08e31bca32d86d5f0ca4a3e2f05a7e6c.jpg?width=720&height=720&hash=830C4A5CC6221E7A4F305931E24346AD,6.1 inch,"True tone
Haptic touch
2,000,000:1 contrast ratio
HDR display
Wide color (P3)
Dynamic Island",2556 x 1179,Super Retina XDR,,Nu,Li-Ion,6 GB,512 GB,
"Telefon mobil HONOR 400 Pro, Dual SIM, 12GB RAM, 512GB ROM, Lunar Grey + Casti HONOR Choice Earbuds X7e Active","4.261,14 Lei",4261.14 Lei,4.78(9),https://www.emag.ro/telefon-mobil-honor-400-pro-dual-sim-12gb-ram-512gb-rom-lunar-grey-casti-honor-choice-earbuds-x7e-active-5109bust-5504adcy/pd/DHG50J3BM/,https://s13emagst.akamaized.net/products/100988/100987595/images/res_ff83bfdc9adf6990d55a92c8eafc27a5.jpg?width=720&height=720&hash=A2A6644E3D85DD64158B729F6934DAB6,6.7 inch,,1244 x 2700,AMOLED,5300 mAh,Nu,Li-Ion,12 GB,512 GB,
"Telefon mobil Poco M6 Pro, 12GB RAM, 512GB, Purple","1.311,69 Lei",1311.69 Lei,4.5(26),https://www.emag.ro/telefon-mobil-poco-m6-pro-12gb-ram-512gb-purple-kxg0118538/pd/DVCVCKYBM/,https://s13emagst.akamaized.net/products/65261/65260211/images/res_1df70068d871c0445eed026af55bc964.jpg?width=720&height=720&hash=E8385E5969E2D997605595714B92FA0A,6.67 inch,"120 Hz
1000 nits (HBM)
1300 nits (peak)",1080 x 2400,AMOLED,5000 mAh,Da,Li-Po,12 GB,512 GB,MicroSDXC
"Telefon mobil Apple iPhone 17 Pro Max, 2TB, 5G, Cosmic Orange","12.549,99 Lei",12549.99 Lei,4.76(136),https://www.emag.ro/telefon-mobil-apple-iphone-17-pro-max-2tb-5g-cosmic-orange-mg004zd-a/pd/DYF9FV3BM/,https://s13emagst.akamaized.net/products/102972/102971604/images/res_8b9a44b3730436c3966b37351d4ba1d2.jpg?width=720&height=720&hash=F99DA454AA885BB4B06EF1C60D0B6439,6.9 inch,"Always-on display
True tone
Haptic touch
2,000,000:1 contrast ratio
HDR display
Wide color (P3)
Dynamic Island
1000 nit luminozitate maxima (tipic); 1600 nit luminozitate maxima (HDR); 3000 nit luminozitate maxima (in aer liber)
Tehnologie ProMotion - rata de refresh adaptiva pana la 120Hz",2868 x 1320,OLED,,Nu,Li-Ion,12 GB,2 TB,
"Pachet Promo Telefon mobil Nokia 3310 (2017), Dual SIM, Charcoal+Suport universal pentru dispozitive mobile prindere adeziv","205,70 Lei",205.70 Lei,3(2),https://www.emag.ro/pachet-promo-telefon-mobil-nokia-3310-2017-dual-sim-charcoal-suport-universal-pentru-dispozitive-mobile-prindere-adeziv-3310ds/pd/DK56VZBBM/,https://s13emagst.akamaized.net/products/20881/20880461/images/res_382d98cdbe68d7da2691c42730e52f2d.jpg?width=720&height=720&hash=43513F34B252FFFBA72E6BC03D8FE8B5,,,,,,,,,,
"Telefon mobil Google Pixel 9, 128GB, 12GB RAM, 5G, Wintergreen","3.082,10 Lei",3082.10 Lei,4.64(56),https://www.emag.ro/telefon-mobil-google-pixel-9-128gb-12gb-ram-5g-wintergreen-ga05840-gb/pd/DQLKQVYBM/,https://s13emagst.akamaized.net/products/74606/74605027/images/res_834997809fd31ce30e243182150399df.jpg?width=720&height=720&hash=6B090A7F82ED08BD190EEC2093A9402F,,,,,,,,,,
"Telefon Mobil AIEK Q8, Butoane Mari, Lanterna Dubla, Dual SIM, 16MB，verde","193,60 Lei",193.60 Lei,3.5(2),https://www.emag.ro/telefon-mobil-aiek-q8-butoane-mari-lanterna-dubla-dual-sim-16mb-verde-q8-green/pd/DTCVGSYBM/,https://s13emagst.akamaized.net/products/73841/73840023/images/res_283dc04204acb7632c0ca4ead0ed945e.jpg?width=720&height=720&hash=A91E8E09F3DDCFFB62935F1C69C88C30,,,,,,,,,,
"Telefon mobil Nokia 150 (2020), Dual Sim, Red","199,99 Lei",199.99 Lei,3.79(158),https://www.emag.ro/telefon-mobil-nokia-150-2020-dual-sim-red-1072545823542/pd/D4HBJ0MBM/,https://s13emagst.akamaized.net/products/38342/38341377/images/res_d1779b5ca62767910089935e609309e7.jpg?width=720&height=720&hash=2C378AD02AFE67F2E5A8B836C8C1798E,,,,,,,,,,
"Telefon OnePlus 13, Dual SIM, 16GB RAM, 512GB, 5G, Arctic Dawn","4.416,50 Lei",4416.50 Lei,4.5(70),https://www.emag.ro/telefon-oneplus-13-dual-sim-16gb-ram-512gb-5g-arctic-dawn-5011110312/pd/D1V598YBM/,https://s13emagst.akamaized.net/products/83560/83559531/images/res_7b0ad0baf7748594f6dc92b65d94a53b.jpg?width=720&height=720&hash=52F584E1C926C11B66FE1D6B30040D6E,,,,,,,,,,
"Telefon mobil Samsung Galaxy S25 Edge, 12GB RAM, 512GB, 5G, Titanium Silver","5.535,45 Lei",5535.45 Lei,5(12),https://www.emag.ro/telefon-mobil-samsung-galaxy-s25-edge-12gb-ram-512gb-5g-titanium-silver-sm-s937bzsgeue/pd/DS7DKS3BM/,https://s13emagst.akamaized.net/products/101832/101831575/images/res_2bc9fb19fdbbfa1201cc1f30e06cfe78.jpg?width=720&height=720&hash=AF2E5B8C26D2BA7DF492B4218A252107,,,,,,,,,,
"Telefon Mobil POCO M7 Pro, 12GB RAM, 512GB Flash, Dual SIM, 5G, Negru, 6.67"" AMOLED","1.020,00 Lei",1020.00 Lei,,https://www.emag.ro/telefon-mobil-poco-m7-pro-12gb-ram-512gb-flash-dual-sim-5g-negru-6-67-amoled-15/pd/D0RDJV3BM/,https://s13emagst.akamaized.net/products/102995/102994038/images/res_476c22d5fb21051407ce42d6e3d7ecb3.png?width=720&height=720&hash=BB56A9A13159F12624C04E43802E056E,,,,,,,,,,
"Telefon mobil Google Pixel 9a, 128GB, 8GB RAM, 5G, Peony","2.163,42 Lei",2163.42 Lei,4.68(34),https://www.emag.ro/telefon-mobil-google-pixel-9a-128gb-8gb-ram-5g-peony-ga09565-gb/pd/DMW93Y3BM/,https://s13emagst.akamaized.net/products/87839/87838253/images/res_6d0a8692a8ae94c7f4cf2705a9678d62.jpg?width=720&height=720&hash=C8BBF724F343C29DCDFE11A811C7AFDA,,,,,,,,,,
"Telefon mobil Samsung Galaxy S25 Edge, 12GB RAM, 256GB, 5G, Titanium Icyblue","3.713,71 Lei",3713.71 Lei,3.79(14),https://www.emag.ro/telefon-mobil-samsung-galaxy-s25-edge-12gb-ram-256gb-5g-titanium-icyblue-sm-s937blbdeub/pd/DXNXK03BM/,https://s13emagst.akamaized.net/products/95374/95373776/images/res_c158ae91104b6475d8764146122773f3.jpg?width=720&height=720&hash=82A3F93CA033A05E47CF27738FCF7AD3,,,,,,,,,,
"Telefon mobil Xiaomi 15, 12GB RAM, 256GB, 5G, Black + Xiaomi 10W Wireless Power Bank 10000mah","4.982,16 Lei",4982.16 Lei,4.59(34),https://www.emag.ro/telefon-mobil-xiaomi-15-12gb-ram-256gb-5g-black-xiaomi-10w-wireless-power-bank-10000mah-bndl15bl10/pd/DSKB0M3BM/,https://s13emagst.akamaized.net/products/87110/87109144/images/res_3af134b3d01b78b922b95083bff0f88e.jpg?width=720&height=720&hash=2546ECE4EA5D7F54297FE8A7DF5BADA9,,,,,,,,,,
"Telefon mobil pentru seniori, dual SIM, color, taste mari, meniu in limba Romana, buton SOS, Bluetooth, lanterna, radio, negru","180,00 Lei",180.00 Lei,,https://www.emag.ro/telefon-mobil-pentru-seniori-dual-sim-color-taste-mari-meniu-in-limba-romana-buton-sos-bluetooth-lanterna-radio-negru-telefon-cs181/pd/DXLPBQMBM/?ref=smart-history-ml_1_1&provider=rec&recid=rec_4_9e5d324717357c33085f5a1233e6918027f2d4509a8547466673b9e9acd9340f_1767477015&scenario_ID=4,https://s13emagst.akamaized.net/products/50806/50805851/images/res_65d5ec35caa79fb4820b8544da0c3a3a.png?width=300&height=300&hash=52A6B5DA9219E5124081D6E6AEB02844,,,,,,,,,,
"Telefon mobil pentru seniori, cu meniul in limba Romana, taste mari, buton SOS, micro SIM, retea 4G, Functie Apelare Rapida, Bluetooth, Radio, Camera, Lanterna","237,00 Lei",237.00 Lei,4.94(1173),https://www.emag.ro/telefon-mobil-pentru-seniori-cu-meniul-in-limba-romana-taste-mari-buton-sos-micro-sim-retea-4g-functie-apelare-rapida-bluetooth-radio-camera-lanterna-telefon-c1-4g/pd/D4QJLRYBM/?ref=smart-history-ml_1_2&provider=rec&recid=rec_4_9e5d324717357c33085f5a1233e6918027f2d4509a8547466673b9e9acd9340f_1767477015&scenario_ID=4,https://s13emagst.akamaized.net/products/80989/80988077/images/res_8fa578c970729c85d4d0cfcf6f7c4820.png?width=300&height=300&hash=33CF461B6567607B94367D82BA50A67B,,,,,,,,,,
"Telefon Mobil Seniori cu Taste Mari, CZAY® Meniu in Limba Romana, Autonomie 7 Zile, Volum Puternic Reglabil, Buton SOS, 2G, Dual Sim, Ecran LCD Generos, Color, Usor de Folosit pentru Varstnici, Pensionari si Bunici, Lanterna, Radio, Bluetooth, Rezistent","225,99 Lei",225.99 Lei,4.68(40),https://www.emag.ro/telefon-mobil-seniori-cu-taste-mari-czayr-meniu-in-limba-romana-autonomie-7-zile-volum-puternic-reglabil-buton-sos-2g-dual-sim-ecran-lcd-generos-color-usor-de-folosit-pentru-varstnici-pensionari-si-bu/pd/D97JJ5YBM/?ref=smart-history-ml_1_3&provider=rec&recid=rec_4_9e5d324717357c33085f5a1233e6918027f2d4509a8547466673b9e9acd9340f_1767477015&scenario_ID=4,https://s13emagst.akamaized.net/products/81763/81762049/images/res_09c43b7dac3dc4e10ca332c6d733ed84.png?width=300&height=300&hash=66E6AE8D6C1339E69CF5D9BF2618DA46,,,,,,,,,,
"Telefon mobil iHunt Senior Comfort, Display 1.77"", Dual SIM, GSM, Bluetooth, Camera, Meniu Limba Romana, Taste Mari, Lanterna, Radio FM fara cablu, Baterie 1000mAh, Buton SOS, Sunet Puternic, Negru","99,98 Lei",99.98 Lei,4.75(16),https://www.emag.ro/telefon-mobil-ihunt-senior-comfort-display-1-77-dual-sim-gsm-bluetooth-camera-meniu-limba-romana-taste-mari-lanterna-radio-fm-fara-cablu-baterie-1000mah-buton-sos-sunet-puternic-negru-senior-comfort/pd/D2ZWP93BM/?ref=smart-history-ml_1_4&provider=rec&recid=rec_4_9e5d324717357c33085f5a1233e6918027f2d4509a8547466673b9e9acd9340f_1767477015&scenario_ID=4,https://s13emagst.akamaized.net/products/99204/99203755/images/res_1d1209bfab30c26f74511e1488567f37.jpg?width=300&height=300&hash=B4FDDEFEE8AB1D30B47132BA3CCBBF54,,,,,,,,,,
"Telefon mobil pentru seniori, cu meniul in limba Romana, Stand pentru incarcare, taste mari, buton SOS, Dual SIM, Retea 4G, Baterie 1800 mAh, Functie Apelare Rapida, Usor de folosit pentru varstnici, pensionari si bunici, Lanterna, Diagonala ecran 6.1 cm","249,99 Lei",249.99 Lei,4.96(604),https://www.emag.ro/telefon-mobil-pentru-seniori-cu-meniul-in-limba-romana-stand-pentru-incarcare-taste-mari-buton-sos-dual-sim-retea-4g-baterie-1800-mah-functie-apelare-rapida-usor-de-folosit-pentru-varstnici-pensionari/pd/DTWK8GYBM/?ref=smart-history-ml_1_5&provider=rec&recid=rec_4_9e5d324717357c33085f5a1233e6918027f2d4509a8547466673b9e9acd9340f_1767477015&scenario_ID=4,https://s13emagst.akamaized.net/products/84884/84883184/images/res_3eaf1c1278820a611548b9397654c266.png?width=300&height=300&hash=0B0D1EBE3840DFDCD35B67F0A133819C,,,,,,,,,,
"Telefon mobil pentru seniori, cu meniul in limba Romana, Stand pentru incarcare, taste mari, buton SOS, micro SIM, retea 4G, Functie Apelare rapida, Lanterna","220,00 Lei",220.00 Lei,4.95(843),https://www.emag.ro/telefon-mobil-pentru-seniori-cu-meniul-in-limba-romana-stand-pentru-incarcare-taste-mari-buton-sos-micro-sim-retea-4g-functie-apelare-rapida-lanterna-telefon-c1-stand/pd/DBY7PGYBM/?ref=smart-history-ml_1_6&provider=rec&recid=rec_4_9e5d324717357c33085f5a1233e6918027f2d4509a8547466673b9e9acd9340f_1767477015&scenario_ID=4,https://s13emagst.akamaized.net/products/84403/84402770/images/res_e76eb0344d7d0d953d720280a6767e39.png?width=300&height=300&hash=2D6F5B727B52C2C35DBA622E794D5690,,,,,,,,,,
"Telefon mobil Samsung Galaxy S22 Ultra, Dual SIM, 512GB, 12GB RAM, 5G, Phantom White","8.921,00 Lei",8921.00 Lei,4.27(572),https://www.emag.ro/telefon-mobil-samsung-galaxy-s22-ultra-dual-sim-512gb-12gb-ram-5g-phantom-white-sm-s908bzwheue/pd/DQSH1FMBM/,https://s13emagst.akamaized.net/products/43178/43177477/images/res_138337a9687f9651140d64c846aca5c0.jpg?width=720&height=720&hash=D8F5B8B0B2C71870128CCA809ACFFD98,6.8 inch,120 Hz,3088 x 1440,Dynamic AMOLED,5000 mAh,,,12 GB,512 GB,
"Telefon Mobil, MyPhone 6410, 4G 2.4"", negru","137,99 Lei",137.99 Lei,,https://www.emag.ro/telefon-mobil-myphone-6410-4g-2-4-negru-tel000868/pd/DZYC4WYBM/,https://s13emagst.akamaized.net/products/85550/85549265/images/res_25a17b3a0ca914c523c285dd8ce0fa63.jpg?width=720&height=720&hash=52CE00548EF637F3A8A235F979759FF9,,,,,,,,64 MB,128 MB,
"Telefon mobil Google Pixel 9a, 256GB, 8GB RAM, 5G, Iris","2.975,00 Lei",2975.00 Lei,4.68(34),https://www.emag.ro/telefon-mobil-google-pixel-9a-256gb-8gb-ram-5g-iris-ga09585-gb/pd/D3W93Y3BM/,https://s13emagst.akamaized.net/products/87839/87838249/images/res_24e3efcf898808a3142614ac58ff0f2b.jpg?width=720&height=720&hash=F660314FC970F750A1A5225B4F7F0627,6.3 inch,"Always-on display
HDR10+
Protectie sticla Corning Gorilla Glass 3
Refresh rate 120Hz
1800 nits (HBM)
2700 nits (peak)",1080 x 2424,OLED,5100 mAh,Nu,Li-Po,8 GB,256 GB,
Telefon mobil Redmi 15C Verde Mentă 8/256GB,"760,00 Lei",760.00 Lei,,https://www.emag.ro/telefon-mobil-redmi-15c-verde-menta-8-256gb-s9919636/pd/DKSNFJ3BM/,https://s13emagst.akamaized.net/products/101120/101119851/images/res_e0372da1571a655d580fc363777bdf8b.jpg?width=720&height=720&hash=B693572DEA36590A1E3D80780CF28D9F,,,,,,,,8 GB,256 GB,
"Telefon mobil Samsung Galaxy S25, Dual SIM, 12GB RAM, 128GB, 5G, Icyblue","3.499,99 Lei",3499.99 Lei,4.74(219),https://www.emag.ro/telefon-mobil-samsung-galaxy-s25-dual-sim-12gb-ram-128gb-5g-icyblue-sm-s931blbdeue/pd/DKQVXGYBM/,https://s13emagst.akamaized.net/products/84446/84445744/images/res_40871abd81394ee68cc023dd9ec40b72.jpg?width=720&height=720&hash=62E3C437B11FCB0D114E5689FA2E53F9,6.2 inch,"Rata de refresh 120 Hz
2600nits",2340 x 1080,Dynamic AMOLED,4000 mAh,,,12 GB,128 GB,
"Telefon mobil Samsung Galaxy S25 Ultra, Dual SIM, 12GB RAM, 512GB, 5G, Titanium WhiteSilver","5.864,94 Lei",5864.94 Lei,4.66(500),https://www.emag.ro/telefon-mobil-samsung-galaxy-s25-ultra-dual-sim-12gb-ram-512gb-5g-titanium-whitesilver-sm-s938bzsgeue/pd/DKRVXGYBM/,https://s13emagst.akamaized.net/products/84446/84445771/images/res_010a3c7e38f9c9c9cb33871e8d34cd69.jpg?width=720&height=720&hash=1ACE6D6FE697885F52BC387443DAF6BE,6.9 inch,"Rata de refresh 120 Hz
2600nits
qHD+",3120 x 1440,Dynamic AMOLED,5000 mAh,,,12 GB,512 GB,
"Telefon mobil Samsung Galaxy S25 FE, Dual SIM, 8GB RAM, 256GB, 5G, Icyblue","3.398,00 Lei",3398.00 Lei,4.81(21),https://www.emag.ro/telefon-mobil-samsung-galaxy-s25-fe-dual-sim-8gb-ram-256gb-5g-icyblue-sm-s731blbgeue/pd/D70QTS3BM/,https://s13emagst.akamaized.net/products/101820/101819229/images/res_db6cd9ac33921b27390a7721e7812c71.jpg?width=720&height=720&hash=F157AFDDAA4D9CB3A2D146723D13AA08,,"16 milioane de culori
120 Hz
FHD+",1080 x 2340,Dynamic AMOLED,4900 mAh,Nu,,8 GB,256 GB,
"Telefon mobil Google Pixel 9 Pro XL, 256GB, 16GB RAM, 5G, Porcelain","4.343,50 Lei",4343.50 Lei,4.4(89),https://www.emag.ro/telefon-mobil-google-pixel-9-pro-xl-256gb-16gb-ram-5g-porcelain-ga05984-gb/pd/DFZKQVYBM/,https://s13emagst.akamaized.net/products/74606/74605046/images/res_3d394313132580403be05ff524fd5540.jpg?width=720&height=720&hash=1E4793A877BB238F62653669269AA004,6.75 inch,"Refresh rate 120Hz
3000 nits (varf)
HDR 10+
486 PPI",1344 x 2992,P-OLED,5060 mAh,Nu,Li-Ion,16 GB,256 GB,
"Telefon mobil Apple iPhone 16 Pro, 512GB, 5G, White Titanium","7.926,65 Lei",7926.65 Lei,4.69(466),https://www.emag.ro/telefon-mobil-apple-iphone-16-pro-512gb-5g-white-titanium-mynn3zd-a/pd/D4367LYBM/,https://s13emagst.akamaized.net/products/76828/76827248/images/res_94bd24240ffa9e2a5b1d01233578b4e0.jpg?width=720&height=720&hash=703BE5FA1693654B2988B796D1CEE841,6.3 inch,"Always-on display
True tone
Haptic touch
2,000,000:1 contrast ratio
HDR display
Wide color (P3)
Dynamic Island
1000 nit luminozitate maxima (tipic); 1600 nit luminozitate maxima (HDR); 2000 nit luminozitate maxima (in aer liber)
Fingerprint-resistant",2622 x 1206,OLED,,Nu,Li-Ion,8 GB,512 GB,
"Telefon mobil Samsung Galaxy S24 Ultra, Dual SIM, 12GB RAM, 256GB, 5G, Titanium Gray","5.000,00 Lei",5000.00 Lei,4.74(885),https://www.emag.ro/telefon-mobil-samsung-galaxy-s24-ultra-dual-sim-12gb-ram-256gb-5g-titanium-gray-sm-s928bztgeue/pd/DH6L7KYBM/,https://s13emagst.akamaized.net/products/64817/64816454/images/res_77def1f199ad6f0779f5c7e562f97e5b.jpg?width=720&height=720&hash=2E68EDA83FEBED8DBF9177EF2F7481BE,6.8 inch,"120 Hz
QHD",3120 x 1440,Dynamic AMOLED,5000 mAh,,,12 GB,256 GB,
"Telefon Oukitel C5, 6.52"", 128GB, 4GB, roz","459,96 Lei",459.96 Lei,,https://www.emag.ro/telefon-oukitel-c5-6-52-128gb-4gb-roz-c5pink128/pd/DRYNNR3BM/,https://s13emagst.akamaized.net/products/107145/107144147/images/res_d8c4350b2dd1637f4c19617b45eeead6.jpg?width=720&height=720&hash=6ED4F1EB6E1AE7C4C55B4D38094F6CC7,,,,,,,,4 GB,128 GB,
"Telefon mobil Samsung Galaxy S25, Dual SIM, 12GB RAM, 512GB, 5G, Silver Shadow","4.274,17 Lei",4274.17 Lei,4.74(219),https://www.emag.ro/telefon-mobil-samsung-galaxy-s25-dual-sim-12gb-ram-512gb-5g-silver-shadow-sm-s931bzsheue/pd/DVQVXGYBM/,https://s13emagst.akamaized.net/products/84446/84445748/images/res_81ae3d6632d20b3f01ffb8edea7c73f3.jpg?width=720&height=720&hash=FF92E018C4CEDCF12BFEACAD50839533,6.2 inch,"Rata de refresh 120 Hz
2600nits",2340 x 1080,Dynamic AMOLED,4000 mAh,,,12 GB,512 GB,
"Telefon mobil Google Pixel 10 Pro, 512GB, 16GB RAM, 5G, Obsidian","6.899,99 Lei",6899.99 Lei,4.11(27),https://www.emag.ro/telefon-mobil-google-pixel-10-pro-512gb-16gb-ram-5g-obsidian-ga09909-gb/pd/D2NG0J3BM/,https://s13emagst.akamaized.net/products/100990/100989842/images/res_f47f2f1252c074b8353b67fb89a55420.jpg?width=720&height=720&hash=DC414A36BC30507B2D8F292DF129840D,6.3 inch,"20:9 ratio
495 PPI
Smooth Display (1 – 120 Hz)
3300 niti",1280 x 2856,OLED,4870 mAh,Nu,,16 GB,512 GB,
"Telefon mobil Samsung Galaxy Z Flip7, 12GB RAM, 512GB, 5G, Blue Shadow","7.561,00 Lei",7561.00 Lei,4.66(32),https://www.emag.ro/telefon-mobil-samsung-galaxy-z-flip7-12gb-ram-512gb-5g-blue-shadow-sm-f766bdbheue/pd/DF5WT93BM/,https://s13emagst.akamaized.net/products/99055/99054934/images/res_3203477782b714378614fb5c0d8bbe39.jpg?width=720&height=720&hash=E404C2DDD7A91696F9C5F52E08D058D6,"6.9 inch
4.1 inch","FHD+
60 Hz
120Hz
2600 nits (peak)","2520 x 1080
1048 x 948","Super AMOLED
Dynamic AMOLED",4300 mAh,,,12 GB,512 GB,
"Telefon mobil Xiaomi Redmi Note 14, 6GB RAM, 128GB, Lime Green","715,00 Lei",715.00 Lei,4.65(166),https://www.emag.ro/telefon-mobil-xiaomi-redmi-note-14-6gb-ram-128gb-lime-green-kxg0227632/pd/DYN19GYBM/,https://s13emagst.akamaized.net/products/84480/84479869/images/res_b775248c592db01e24a7be66c36b2837.jpg?width=720&height=720&hash=97732C699DF5F69FD6442C6A614F41E5,6.67 inch,"120 Hz
1800 nits (peak)",1080 x 2400,AMOLED,5500 mAh,,,6 GB,128 GB,MicroSDXC
"Telefon mobil HONOR 200 Pro, Dual SIM, 12GB RAM, 512GB, Moonlight White","2.639,00 Lei",2639.00 Lei,4.65(68),https://www.emag.ro/telefon-mobil-honor-200-pro-dual-sim-12gb-ram-512gb-moonlight-white-5109bftf/pd/D6G6QFYBM/,https://s13emagst.akamaized.net/products/71853/71852974/images/res_bd087b85508baca8f38dcae707a8f427.jpg?width=720&height=720&hash=51212572CDFA42E8AB121E9365A78F35,6.78 inch,,1224 x 2700,AMOLED,5200 mAh,,Li-Po,12 GB,512 GB,
"Telefon mobil, Panasonic, KX-TU160EXB, independent de card, Negru","264,87 Lei",264.87 Lei,5(1),https://www.emag.ro/telefon-mobil-panasonic-independent-de-card-negru-kx-tu160exb/pd/DPSB0FMBM/,https://s13emagst.akamaized.net/products/42781/42780415/images/res_392202f3e1dbbe1a92b56b18514a837f.jpg?width=720&height=720&hash=A36524257C80C5590128ABC3E57F0738,2.3 inch,,320 x 240,"LCD
TFT",,,,32 MB,32 MB,
"Mini telefon Blasko, dimensiuni 7x3 cm, dual sim, bluetooth, meniu limba romana","75,00 Lei",75.00 Lei,2.6(5),https://www.emag.ro/mini-telefon-blasko-dimensiuni-7x3-cm-dual-sim-bluetooth-meniu-limba-romana-1-2107/pd/D4Y7ZGBBM/,https://s13emagst.akamaized.net/products/27443/27442397/images/res_33407ea52e34d3ba64d27dc1d2c6e37e.jpg?width=720&height=720&hash=3B9B6831B1344ABDB4A8711E74FCD81A,,,101 x 80,,380 mAh,,,,,
"Telefon mobil Xiaomi Redmi Note 14 Pro+, 8GB RAM, 256GB, 5G, Lavender Purple","de la 2.425,35 Lei",de la 2425.35 Lei,4.67(153),https://www.emag.ro/telefon-mobil-xiaomi-redmi-note-14-pro-8gb-ram-256gb-5g-lavender-purple-mzb0ijxeu/pd/D3P3DGYBM/,https://s13emagst.akamaized.net/products/84223/84222415/images/res_1eaf0b14cd0b3e2562417eae2ae5daed.jpg?width=720&height=720&hash=3ED14CD505183070D548A33533AFAAB3,6.67 inch,"Rata de refresh 120 Hz
3000 nits (varf)
Reading mode
Contrast ratio: 5,000,000:1
Touch sampling rate: Up to 480Hz",2712 x 1220,AMOLED,5110 mAh,,,8 GB,256 GB,
"Telefon mobil OPPO Reno13 F, Dual SIM, 8GB RAM, 256GB, 5G, Purple","1.300,00 Lei",1300.00 Lei,,https://www.emag.ro/telefon-mobil-oppo-reno13-f-dual-sim-8gb-ram-256gb-5g-purple-6932169364546/pd/DHMC5S3BM/,https://s13emagst.akamaized.net/products/102382/102381138/images/res_208d866b79aeed5157ffdfc08bded044.jpg?width=720&height=720&hash=847F1F43BF6273BD87F6B4E0A30E2D1A,6.67 inch,,2400 x 1080,AMOLED,5800 mAh,Nu,Li-Ion,8 GB,256 GB,MicroSDHC
"Telefon mobil Panasonic KX-TU250EXB 4G, negru","338,80 Lei",338.80 Lei,,https://www.emag.ro/telefon-mobil-panasonic-4g-negru-kx-tu250exb/pd/D13MM2YBM/,https://s13emagst.akamaized.net/products/60984/60983254/images/res_5f1dd78f6062847c3f6c3f655cedf166.jpg?width=720&height=720&hash=D935E73E85777D861FD747698701EC2B,2.4 inch,,240 x 320,TFT,1500 mAh,,Li-Ion,64 MB,128 MB,MicroSD
"Telefon mobil Google Pixel 9a, 128GB, 8GB RAM, 5G, Porcelain","2.189,60 Lei",2189.60 Lei,4.68(34),https://www.emag.ro/telefon-mobil-google-pixel-9a-128gb-8gb-ram-5g-porcelain-ga09563-gb/pd/DYW93Y3BM/,https://s13emagst.akamaized.net/products/87839/87838254/images/res_c97018089349392ed87a67ba506c38a9.jpg?width=720&height=720&hash=0936A9C75D96F726A54829A52B9C43BF,6.3 inch,"Always-on display
HDR10+
Protectie sticla Corning Gorilla Glass 3
Refresh rate 120Hz
1800 nits (HBM)
2700 nits (peak)",1080 x 2424,OLED,5100 mAh,Nu,Li-Po,8 GB,128 GB,
"Telefon mobil Poco F7 Pro, 12GB RAM, 256GB, 5G, Blue","2.089,62 Lei",2089.62 Lei,4(11),https://www.emag.ro/telefon-mobil-poco-f7-pro-12gb-ram-256gb-5g-blue-6932554411626/pd/D0DD0D3BM/,https://s13emagst.akamaized.net/products/91733/91732451/images/res_cc36df7d84ab362e5ccc02d4a9ecd5b7.jpg?width=720&height=720&hash=32CB2302D01F61844C59804A630F74D1,6.67 inch,"Dolby Vision
HDR10+
120 Hz
68B colors
1800 nits (HBM)
3200 nits (peak)",1440 x 3200,AMOLED,6000 mAh,Nu,,12 GB,256 GB,
"Telefon mobil Samsung Galaxy S25 FE, Dual SIM, 8GB RAM, 128GB, 5G, Icyblue","3.049,20 Lei",3049.20 Lei,4.81(21),https://www.emag.ro/telefon-mobil-samsung-galaxy-s25-fe-dual-sim-8gb-ram-128gb-5g-icyblue-sm-s731blbdeue/pd/DK0QTS3BM/,https://s13emagst.akamaized.net/products/101820/101819229/images/res_db6cd9ac33921b27390a7721e7812c71.jpg?width=720&height=720&hash=F157AFDDAA4D9CB3A2D146723D13AA08,,"16 milioane de culori
120 Hz
FHD+",1080 x 2340,Dynamic AMOLED,4900 mAh,Nu,,8 GB,128 GB,
"Telefon mobil Xiaomi Redmi Note 14 Pro, 8GB RAM, 256GB, 4G, Ocean Blue + Xiaomi High-capacity gel pen","1.999,53 Lei",1999.53 Lei,5(3),https://www.emag.ro/telefon-mobil-xiaomi-redmi-note-14-pro-8gb-ram-256gb-4g-ocean-blue-xiaomi-high-capacity-gel-pen-bndl14problue/pd/DSD1CF3BM/,https://s13emagst.akamaized.net/products/100359/100358393/images/res_aa0b1f4bcd8550f90030396ba25baf76.jpg?width=720&height=720&hash=90736B90F5FC40769A75E476D2ADAD43,6.67 inch,"Rata de refresh 120 Hz
1800 nits (peak)
Sunlight display
Reading mode
Contrast ratio: 5,000,000:1",2400 x 1080,AMOLED,5500 mAh,,,8 GB,256 GB,
"Telefon mobil Motorola Edge 60 Pro, Dual SIM, 512GB, 12GB RAM, 5G, Pantone Shadow","2.253,59 Lei",2253.59 Lei,4.63(41),https://www.emag.ro/telefon-mobil-motorola-edge-60-pro-dual-sim-512gb-12gb-ram-5g-pantone-shadow-pb7x0009pl/pd/D3FPPN3BM/,https://s13emagst.akamaized.net/products/94569/94568634/images/res_c2431bba5d1f41628b63ae8420850232.jpg?width=720&height=720&hash=5A03C9C93657EAA6343020DB4FFE1B0F,6.67 inch,"446 PPI
Rata de reimprospatare de 120 Hz
4500 nits (peak)
Rata de raspuns la atingere 300 Hz (modul joc)",2712 x 1220,OLED,6000 mAh,Nu,Li-Ion,12 GB,512 GB,
"Telefon mobil Poco F8 Pro, 12GB RAM, 256GB, 5G, Black","5.616,69 Lei",5616.69 Lei,,https://www.emag.ro/telefon-mobil-poco-f8-pro-12gb-ram-256gb-5g-black-pc-f8pro256bk/pd/D0ZJK83BM/,https://s13emagst.akamaized.net/products/112001/112000437/images/res_64f53d3527da459e46b0c2eff9acf5d3.jpg?width=720&height=720&hash=1511FD299A39786B135A42038C182EF8,6.59 inch,"Dolby Vision
HDR10+
120 Hz
68B colors
2000 nits (HBM)
3500 nits peak",1156 x 2510,AMOLED,6210 mAh,Nu,,12 GB,256 GB,
"Telefon mobil Apple iPhone 14 Plus, 256GB, 5G, RED","4.456,20 Lei",4456.20 Lei,4.74(163),https://www.emag.ro/telefon-mobil-apple-iphone-14-plus-256gb-5g-red-mq573rx-a/pd/DS7Y4LMBM/,https://s13emagst.akamaized.net/products/48592/48591210/images/res_73fcc2d14749f4951a0b11925c7b9b58.jpg?width=720&height=720&hash=4225EDB63E79B36A46CFC765BBC48EAB,6.7 inch,"HDR10
Dolby Vision
True tone
Haptic touch
Invelis oleophobic
1200 niti",1284 x 2778,"OLED
Super Retina XDR",,Nu,Li-Ion,6 GB,256 GB,
"Telefon mobil Xiaomi Redmi Note 13 Pro+, 12GB RAM, 512GB, 5G, Purple","1.798,42 Lei",1798.42 Lei,4.44(378),https://www.emag.ro/telefon-mobil-xiaomi-redmi-note-13-pro-12gb-ram-512gb-5g-purple-mzb0ff6eu/pd/D4TLJKYBM/,https://s13emagst.akamaized.net/products/65144/65143543/images/res_f04d7d479ccc657d57506f4ae6dd7109.jpg?width=720&height=720&hash=958AF2E298CCCCDC2F58CAA1D16226BF,6.67 inch,"Dolby Vision
HDR10+
Corning Gorilla Glass Victus
Rata de refresh 120 Hz
1800 nit2",1220 x 2712,AMOLED,5000 mAh,,Li-Po,12 GB,512 GB,
"Telefon mobil Google Pixel 10 Pro, 128GB, 16GB RAM, 5G, Porcelain","5.121,89 Lei",5121.89 Lei,4.11(27),https://www.emag.ro/telefon-mobil-google-pixel-10-pro-128gb-16gb-ram-5g-porcelain-ga10312-gb/pd/D6KG0J3BM/,https://s13emagst.akamaized.net/products/100990/100989843/images/res_e90c3b615d98b9bc980196d7c6449199.jpg?width=720&height=720&hash=CB333F7ED69330C4CDEDDAE613B5BDE7,6.3 inch,"20:9 ratio
495 PPI
Smooth Display (1 – 120 Hz)
3300 niti",1280 x 2856,OLED,4870 mAh,Nu,,16 GB,128 GB,
"Telefon mobil Evolveo EasyPhone ID (EP400), negru","142,35 Lei",142.35 Lei,3(2),https://www.emag.ro/telefon-mobil-evolveo-easyphone-id-ep400-negru-sgm-ep-400-idb/pd/DHWD2SYBM/,https://s13emagst.akamaized.net/products/73085/73084030/images/res_756ab59353625867309ba141163a6efc.jpg?width=720&height=720&hash=87359EC64FF6E2266DD6ADB10D093282,1.77 inch,,160 x 128,TFT,700 mAh,,,0 MB,0 MB,
"Telefon mobil OPPO Find X9, Dual SIM, 12GB RAM, 512GB, 5G, Space Black","4.999,99 Lei",4999.99 Lei,5(2),https://www.emag.ro/telefon-mobil-oppo-find-x9-dual-sim-12gb-ram-512gb-5g-space-black-cph2797sb/pd/D5FLK13BM/,https://s13emagst.akamaized.net/products/107388/107387436/images/res_8630238b9376280ca6328006b6f2fad3.jpg?width=720&height=720&hash=84D76A30AAFF672F6AFCDF230AB15AA0,6.59 inch,"FHD+
460 PPI
Rata de refresh 120 Hz",2760 x 1256,AMOLED,7025 mAh,Nu,Li-Po,12 GB,512 GB,
"Telefon mobil OPPO Reno13 Pro, Dual SIM, 12GB RAM, 512GB, 5G, Graphite Grey","3.863,86 Lei",3863.86 Lei,4.5(14),https://www.emag.ro/telefon-mobil-oppo-reno13-pro-dual-sim-12gb-ram-512gb-5g-graphite-grey-cph2697gg/pd/D6GVYB3BM/,https://s13emagst.akamaized.net/products/85966/85965259/images/res_3e61198d4cb539ae8d813478a73dde92.jpg?width=720&height=720&hash=01C8FB7A91F2F447B1929BCD63482C09,6.83 inch,"120 Hz
450 ppi",1272 x 2800,AMOLED,5800 mAh,,,12 GB,512 GB,
"Telefon mobil Samsung Galaxy S25 Ultra, Dual SIM, 12GB RAM, 512GB, 5G, Jetblack","7.422,68 Lei",7422.68 Lei,4.66(500),https://www.emag.ro/telefon-mobil-samsung-galaxy-s25-ultra-dual-sim-12gb-ram-512gb-5g-jetblack-sm-s938bakgeue/pd/DWJW5X3BM/,https://s13emagst.akamaized.net/products/98698/98697145/images/res_c090c80854e8632d90b19998cdcad1ee.jpg?width=720&height=720&hash=12D316365747F96863C789350D8EB9A8,6.9 inch,"Rata de refresh 120 Hz
2600nits
qHD+",3120 x 1440,Dynamic AMOLED,5000 mAh,Nu,,12 GB,512 GB,
"Telefon mobil Apple iPhone 16 Pro, 1TB, 5G, White Titanium","8.295,99 Lei",8295.99 Lei,4.69(466),https://www.emag.ro/telefon-mobil-apple-iphone-16-pro-1tb-5g-white-titanium-mynt3zd-a/pd/DR367LYBM/,https://s13emagst.akamaized.net/products/76828/76827248/images/res_94bd24240ffa9e2a5b1d01233578b4e0.jpg?width=720&height=720&hash=703BE5FA1693654B2988B796D1CEE841,6.3 inch,"Always-on display
True tone
Haptic touch
2,000,000:1 contrast ratio
HDR display
Wide color (P3)
Dynamic Island
1000 nit luminozitate maxima (tipic); 1600 nit luminozitate maxima (HDR); 2000 nit luminozitate maxima (in aer liber)
Fingerprint-resistant",2622 x 1206,OLED,,Nu,Li-Ion,8 GB,1 TB,
"Telefon mobil Samsung Galaxy S25, 12GB RAM, 128GB, 5G, Coralred","3.841,75 Lei",3841.75 Lei,4.74(219),https://www.emag.ro/telefon-mobil-samsung-galaxy-s25-12gb-ram-128gb-5g-coralred-sm-s931bzrdeue/pd/D82QRD3BM/,https://s13emagst.akamaized.net/products/92197/92196570/images/res_88c78b9979a8558248e0c4ef4699eb39.jpg?width=720&height=720&hash=09DA41F79C2C70BE705B0C7A53D37A5E,6.2 inch,"HDR10+
120 Hz
2600 nits (peak)",1080 x 2340,Dynamic AMOLED,4000 mAh,Nu,Li-Ion,12 GB,128 GB,
"Telefon mobil Poco F7, 12GB RAM, 256GB, 5G, Silver","3.633,99 Lei",3633.99 Lei,4.57(7),https://www.emag.ro/telefon-mobil-poco-f7-12gb-ram-256gb-5g-silver-pc-pof7svr256/pd/DHKW5X3BM/,https://s13emagst.akamaized.net/products/98697/98696881/images/res_98f4ce19655b0efd22f4769b7cef49d6.jpg?width=720&height=720&hash=2557C522D139622ADB5D97B775184836,6.83 inch,"Dolby Vision
HDR10+
120 Hz
68B colors
700 nits (typ)
3200 nits (peak)
3840Hz PWM
1700 nits (HBM)",1280 x 2772,AMOLED,6500 mAh,Nu,,12 GB,256 GB,
"Telefon mobil Google Pixel 10 Pro, 256GB, 16GB RAM, 5G, Moonstone","6.043,85 Lei",6043.85 Lei,4.11(27),https://www.emag.ro/telefon-mobil-google-pixel-10-pro-256gb-16gb-ram-5g-moonstone-ga10315-gb/pd/DBNG0J3BM/,https://s13emagst.akamaized.net/products/100990/100989844/images/res_fd7b29dda8a5e632e31b3be4706f9b60.jpg?width=720&height=720&hash=5B9A468D526C9FA84B80BE86C984D28F,6.3 inch,"20:9 ratio
495 PPI
Smooth Display (1 – 120 Hz)
3300 niti",1280 x 2856,OLED,4870 mAh,Nu,,16 GB,256 GB,
"Telefon mobil Redmagic 10 PRO, Dual SIM, 16GB RAM, 512GB, 5G, Transparent Silver","4.499,99 Lei",4499.99 Lei,4.4(5),https://www.emag.ro/telefon-mobil-redmagic-10-pro-dual-sim-16gb-ram-512gb-5g-transparent-silver-1123126431014071/pd/DZC3K23BM/,https://s13emagst.akamaized.net/products/89824/89823390/images/res_b890708facce906652e4ecd523f0e493.jpg?width=720&height=720&hash=0F5207CAE4041D387AA7AB81277F5A5C,6.85 inch,"144Hz
2000 nits (peak)",1216 x 2688,AMOLED,7050 mAh,Nu,,16 GB,512 GB,
"Telefon mobil Samsung Galaxy S25 Edge, 12GB RAM, 512GB, 5G, Titanium Jetblack","4.049,99 Lei",4049.99 Lei,3.79(14),https://www.emag.ro/telefon-mobil-samsung-galaxy-s25-edge-12gb-ram-512gb-5g-titanium-jetblack-8806097325970/pd/DCNXK03BM/,https://s13emagst.akamaized.net/products/95374/95373780/images/res_6db5754044d4951e62fc0244a9be26e6.jpg?width=720&height=720&hash=73A7E54E1F7A78CACF066F80C73F888A,6.7 inch,"HDR10+
120 Hz",1440 x 3120,"AMOLED
LTPO",3900 mAh,Nu,,12 GB,512 GB,
"Telefon mobil Redmagic 10 PRO, Dual SIM, 24GB RAM, 1TB, 5G, Transparent Black","4.999,99 Lei",4999.99 Lei,4.4(5),https://www.emag.ro/telefon-mobil-redmagic-10-pro-dual-sim-24gb-ram-1tb-5g-transparent-black-11231264324g15041/pd/DQC3K23BM/,https://s13emagst.akamaized.net/products/89824/89823392/images/res_35ab8b8027379c1f7ddebb05711cd42f.jpg?width=720&height=720&hash=96486B4291B8D50B710D8038D73E735D,6.85 inch,"144Hz
2000 nits (peak)",1216 x 2688,AMOLED,7050 mAh,Nu,,24 GB,1 TB,
"Telefon mobil Blackview Shark 9, 5G, 24GB Ram(8GB + 16GB/2TB), 256GB, 50MP+8MP, Octa-Core Android 14, 5000mAh/18W Cell Phone, 6.67"" HD+, GPS/Fingerprint/Face ID Mobile Phones, Negru","899,99 Lei",899.99 Lei,4.5(2),https://www.emag.ro/telefon-mobil-blackview-shark-9-5g-24gb-ram-8gb-16gb-2tb-256gb-50mp-8mp-octa-core-android-14-5000mah-18w-cell-phone-6-67-hd-gps-fingerprint-face-id-mobile-phones-negru-shark9-8-256-negru-01/pd/DZ44T33BM/,https://s13emagst.akamaized.net/products/88886/88885423/images/res_7ba83ac65402d8d18a5034742b761ab5.jpg?width=720&height=720&hash=35267E09798C130B6A4A90EDDBF5D05B,6.67 inch,90 Hz,720 x 1604,IPS,5000 mAh,Nu,Li-Ion,8 GB,256 GB,MicroSD
"Telefon mobil Google Pixel 9 Pro XL, 512GB, 16GB RAM, 5G, Obsidian","5.319,99 Lei",5319.99 Lei,4.4(89),https://www.emag.ro/telefon-mobil-google-pixel-9-pro-xl-512gb-16gb-ram-5g-obsidian-ga05986-gb/pd/DSZKQVYBM/,https://s13emagst.akamaized.net/products/74606/74605045/images/res_25124c1f875fe3cdf3eedf8ba0dfc104.jpg?width=720&height=720&hash=B19B0D74E915947FB17A5F20B3334464,6.75 inch,"Refresh rate 120Hz
3000 nits (varf)
HDR 10+
486 PPI",1344 x 2992,P-OLED,5060 mAh,Nu,Li-Ion,16 GB,512 GB,
"Telefon mobil Samsung Galaxy M55s, 8GB RAM, 128GB, 5G, Coral Green","1.249,00 Lei",1249.00 Lei,4.97(37),https://www.emag.ro/telefon-mobil-samsung-galaxy-m55s-8gb-ram-128gb-5g-coral-green-sm-glm55scrgr128/pd/DWR1KJ3BM/,https://s13emagst.akamaized.net/products/100926/100925007/images/res_bd4c0488ae956b0edb5919167ad8dbed.jpg?width=720&height=720&hash=3C30023A2A0F3F6FC548D18F5961299C,6.7 inch,"120 Hz
1000 nits (HBM)",1080 x 2400,Super AMOLED Plus,5000 mAh,Nu,,8 GB,128 GB,MicroSDXC
"Telefon mobil Nokia 110 (2023), Dual SIM, Charcoal","193,59 Lei",193.59 Lei,4.15(103),https://www.emag.ro/telefon-mobil-nokia-110-2023-dual-sim-charcoal-1gf019fpa2l04/pd/DR55WWMBM/,https://s13emagst.akamaized.net/products/57255/57254328/images/res_3254652cd831391d004b4d175a44103e.jpg?width=720&height=720&hash=07A18CE290D0904E7318155736FF7C94,1.77 inch,,,,1000 mAh,,,32 MB,32 MB,
"Pachet Promo Telefon mobil Nokia 3310 (2017), Dual SIM, Charcoal+Suport universal pentru dispozitive mobile prindere adeziv","205,70 Lei",205.70 Lei,,https://www.emag.ro/pachet-promo-telefon-mobil-nokia-3310-2017-dual-sim-charcoal-suport-universal-pentru-dispozitive-mobile-prindere-adeziv-3310ds/pd/DK56VZBBM/?ref=smart-history-ml_1_1&provider=rec&recid=rec_4_d2a6f96cd77111387604485e222810e0657c50b0b4c9d6071af397aaa7afced6_1767478758&scenario_ID=4,https://s13emagst.akamaized.net/products/20881/20880461/images/res_382d98cdbe68d7da2691c42730e52f2d.jpg?width=300&height=300&hash=8C4DD96BF29A48EF33ECD0CC66D5D12F,,,,,,,,,,
"Telefon mobil Nokia 3310 (2017), Dual SIM, Dark Blue","164,52 Lei",164.52 Lei,3.91(168),https://www.emag.ro/telefon-mobil-nokia-3310-2017-dual-sim-dark-blue-a00028096/pd/DLPGMNBBM/?ref=smart-history-ml_1_2&provider=rec&recid=rec_4_d2a6f96cd77111387604485e222810e0657c50b0b4c9d6071af397aaa7afced6_1767478758&scenario_ID=4,https://s13emagst.akamaized.net/products/5788/5787187/images/res_f7eb764947d09b3a9971d9421f2efe27.jpg?width=300&height=300&hash=83F3E9A1E79BE32BB9F23DC16BE9AB4B,,,,,,,,,,
"Telefon mobil Huawei P20 Lite, Dual SIM, 64GB, 4G, Midnight Black","441,65 Lei",441.65 Lei,4.43(1320),https://www.emag.ro/telefon-mobil-huawei-p20-lite-dual-sim-64gb-4g-midnight-black-p20-lite-anne-l21-black/pd/D5V1PFBBM/?ref=smart-history-ml_1_3&provider=rec&recid=rec_4_d2a6f96cd77111387604485e222810e0657c50b0b4c9d6071af397aaa7afced6_1767478758&scenario_ID=4,https://s13emagst.akamaized.net/products/14233/14232994/images/res_edb73b6e77be1aca39e2878dd2156ef2.jpg?width=300&height=300&hash=3BF5F5EACA4C1043E8163159AA5E4DE7,,,,,,,,,,
"Telefon mobil Samsung Galaxy A55, Dual SIM, 8GB, 128GB, 5G, Awesome Navy","1.679,00 Lei",1679.00 Lei,4.68(1033),https://www.emag.ro/telefon-mobil-samsung-galaxy-a55-dual-sim-8gb-128gb-5g-awesome-navy-sm-a556bzkaeue/pd/D5Y2YPYBM/?ref=smart-history-ml_1_4&provider=rec&recid=rec_4_d2a6f96cd77111387604485e222810e0657c50b0b4c9d6071af397aaa7afced6_1767478758&scenario_ID=4,https://s13emagst.akamaized.net/products/68405/68404068/images/res_a3095d212ad7802b5a3d36d36ff77779.jpg?width=300&height=300&hash=92287D372A9A8FD17AA1784E97435EC5,,,,,,,,,,
"Telefon mobil Huawei P30 Lite, Dual SIM, 128GB, 4G, Peacock Blue","556,60 Lei",556.60 Lei,4.4(1005),https://www.emag.ro/telefon-mobil-huawei-p30-lite-dual-sim-128gb-4g-peacock-blue-51093npp/pd/D47W6ZBBM/?ref=smart-history-ml_1_5&provider=rec&recid=rec_4_d2a6f96cd77111387604485e222810e0657c50b0b4c9d6071af397aaa7afced6_1767478758&scenario_ID=4,https://s13emagst.akamaized.net/products/21151/21150823/images/res_ce71ae4fb31946cb6a3177c20bbc29c5.jpg?width=300&height=300&hash=840BC6A4CC6A9D15BC453B814936CE36,,,,,,,,,,
"Telefon mobil pentru seniori, cu meniul in limba Romana, taste mari, buton SOS, micro SIM, retea 4G, Functie Apelare Rapida, Bluetooth, Radio, Camera, Lanterna","237,00 Lei",237.00 Lei,4.94(1173),https://www.emag.ro/telefon-mobil-pentru-seniori-cu-meniul-in-limba-romana-taste-mari-buton-sos-micro-sim-retea-4g-functie-apelare-rapida-bluetooth-radio-camera-lanterna-telefon-c1-4g/pd/D4QJLRYBM/?ref=smart-history-ml_1_6&provider=rec&recid=rec_4_d2a6f96cd77111387604485e222810e0657c50b0b4c9d6071af397aaa7afced6_1767478758&scenario_ID=4,https://s13emagst.akamaized.net/products/80989/80988077/images/res_8fa578c970729c85d4d0cfcf6f7c4820.png?width=300&height=300&hash=33CF461B6567607B94367D82BA50A67B,,,,,,,,,,
"Telefon Mobil OnePlus Nord 3, Procesor Mediatek MT6983 Dimensity 9000, Fluid AMOLED Capacitiv touchscreen 6.74"", 8GB RAM, 128GB Flash, Camera Tripla 50+8+2MP, 5G, Wi-Fi, Dual Sim, Android, Verde","1.149,50 Lei",1149.50 Lei,4.49(190),https://www.emag.ro/telefon-mobil-oneplus-nord-3-procesor-mediatek-mt6983-dimensity-9000-fluid-amoled-capacitiv-touchscreen-6-74-8gb-ram-128gb-flash-camera-tripla-50-8-2mp-5g-wi-fi-dual-sim-android-verde-kxg0079074/pd/DYV0KMYBM/,https://s13emagst.akamaized.net/products/58431/58430321/images/res_e07245aabaf67797d0059d323569b57c.png?width=720&height=720&hash=5C66D0E05D1F04E3274F0354E99409E5,6.74 inch,"HDR10+
120 Hz
1B colors
1450 nits peak",1240 x 2772,Fluid AMOLED,5000 mAh,,Li-Po,8 GB,128 GB,
"Telefon mobil Apple iPhone 15 Plus, 256GB, 5G, Pink","6.109,99 Lei",6109.99 Lei,4.82(153),https://www.emag.ro/telefon-mobil-apple-iphone-15-plus-256gb-5g-pink-mu193rx-a/pd/DPCH93YBM/,https://s13emagst.akamaized.net/products/60458/60457137/images/res_2012fec91830bebbf7ed3b6a217c0ef2.jpg?width=720&height=720&hash=3D4FAE6FD3ADB1E0B80C34D23554CFB1,6.7 inch,"True tone
Haptic touch
2,000,000:1 contrast ratio
HDR display
Wide color (P3)
Dynamic Island",2796 x 1290,Super Retina XDR,,Nu,Li-Ion,6 GB,256 GB,
"Telefon mobil iHunt Tank 2 Pro cu Proiector Video DLP, Dual SIM, 4G, Octa-Core, 24GB RAM, 512GB, 23800mAh, Incarcare Turbo 120W, Lanterna Puternica, NFC, IP68, Android 14","2.499,98 Lei",2499.98 Lei,5(1),https://www.emag.ro/telefon-mobil-ihunt-tank-2-pro-cu-proiector-video-dlp-dual-sim-4g-octa-core-24gb-ram-512gb-23800mah-incarcare-turbo-120w-lanterna-puternica-nfc-ip68-android-14-iht-tank-2-pro/pd/D3TGVJ3BM/,https://s13emagst.akamaized.net/products/101229/101228116/images/res_4d53fb638e9978eda0042d45c2531a9e.jpg?width=720&height=720&hash=09C7D860C17D813C3CF9C69B570BB4B4,6.79 inch,"120 Hz
Touch screen",2460 x 1080,LCD,23800 mAh,Da,Li-Po,24 GB,512 GB,MicroSD
"Telefon Mobil Xiaomi Redmi Note 14 Pro, 6.67"" AMOLED 120Hz, 200MP, 12GB+512GB, Negru, Dimensiuni 162,16x74,92x8,24mm","2.339,09 Lei",2339.09 Lei,,https://www.emag.ro/telefon-mobil-xiaomi-redmi-note-14-pro-6-67-amoled-120hz-200mp-12gb-512gb-negru-dimensiuni-162-16x74-92x8-24mm-kxg0118575/pd/D95C0K3BM/,https://s13emagst.akamaized.net/products/93594/93593571/images/res_5e86e62efa8173df235c375bb33ba0df.jpg?width=720&height=720&hash=8CFB4CC9A4640E098CACA1739D28D2CB,6.67 inch,"120 Hz
1B colors
1200 nits (HBM)
1800 nits (peak)",1080 x 2400,AMOLED,5500 mAh,,,12 GB,512 GB,MicroSDXC
Telefon mobil Samsung S6102 Galaxy Y Duos Dual Sim Black,"22,99 Lei",22.99 Lei,3.73(45),https://www.emag.ro/telefon-mobil-samsung-s6102-galaxy-y-duos-dual-sim-black-sams6102blk/pd/EQXNTBBBM/,https://s13emagst.akamaized.net/products/6/5503/images/img217613_12062013145036_0.jpg?width=720&height=720&hash=61B8984292A15CA0D476185DDDE983C8,,,,,,,,,,
"Smartphone Google Pixel 8 Pro 6,7"" 128 GB 12 GB RAM Albastru Celeste","2.665,60 Lei",2665.60 Lei,4.78(36),https://www.emag.ro/smartphone-google-pixel-8-pro-6-7-128-gb-12-gb-ram-albastru-celeste-840244705206/pd/DDX917YBM/,https://s13emagst.akamaized.net/products/62575/62574963/images/res_de44e708214c6f73a96ff98e38999ac6.png?width=720&height=720&hash=2B53FAA5FECC87160EAD42ACD55DCF03,,,,,,,,,,
"Telefon mobil Honor Magic 7 Pro, 12GB RAM, 512GB, 5G, Breeze Blue","4.559,99 Lei",4559.99 Lei,4.46(37),https://www.emag.ro/telefon-mobil-honor-magic-7-pro-12gb-ram-512gb-5g-breeze-blue-kxg0169130/pd/D628PB3BM/,https://s13emagst.akamaized.net/products/86273/86272004/images/res_127c8ccf23ae78874fb4eb5204099684.jpg?width=720&height=720&hash=907BBF3AD3851ECB87CCFBCC47CB4D7C,,,,,,,,,,
"Telefon rezistent dual sim, baterie puternica 13000 mAh, display color, lanterna, militar","101,64 Lei",101.64 Lei,1(1),https://www.emag.ro/telefon-rezistent-dual-sim-baterie-puternica-13000-mah-display-color-lanterna-militar-d3gxrjbbm/pd/D3GXRJBBM/,https://s13emagst.akamaized.net/products/15535/15534506/images/res_f7d675dcf8cec614758d1f50aeb7c31b.jpg?width=720&height=720&hash=ADA589CC1EB198F846AE13E04E3927A1,,,,,,,,,,
"Telefon mobil HONOR Magic 7 Pro, Dual SIM, 12GB RAM, 512GB, Lunar Shadow Grey","3.965,68 Lei",3965.68 Lei,4.46(37),https://www.emag.ro/telefon-mobil-honor-magic-7-pro-dual-sim-12gb-ram-512gb-lunar-shadow-grey-5109bqhk/pd/DNLVK6YBM/,https://s13emagst.akamaized.net/products/82450/82449655/images/res_927a5fc8506ac3a73856f2d606a1b62c.jpg?width=720&height=720&hash=3DCE438F1CAF7E1F8F4885F53FECBF14,,,,,,,,,,
"Telefon mobil Samsung Galaxy M55s, 8GB RAM, 128GB, 5G, Thunder Black","1.249,00 Lei",1249.00 Lei,4.97(37),https://www.emag.ro/telefon-mobil-samsung-galaxy-m55s-8gb-ram-128gb-5g-thunder-black-sm-glm55sthbk128/pd/D6R1KJ3BM/,https://s13emagst.akamaized.net/products/100926/100925018/images/res_cb4238e06210e6cee2a8b20f797cec39.jpg?width=720&height=720&hash=9D9726F716EA659182A31C4B1E9383F9,,,,,,,,,,
"Telefon mobil Maxcom Classic MM135, Dual SIM, Black/Blue","108,90 Lei",108.90 Lei,3.6(20),https://www.emag.ro/telefon-mobil-maxcom-classic-mm135-dual-sim-black-blue-mm135-black/pd/DT0V8CBBM/,https://s13emagst.akamaized.net/products/19323/19322183/images/res_640a652f12e0e0b6c7c57e7ae27e26d8.jpg?width=720&height=720&hash=B10B24AB81905E7DC89683A82A0BDE0C,,,,,,,,,,
"Telefon mobil Huawei Pura 80 Ultra, 512GB, 16GB RAM, Prestige Gold","7.999,99 Lei",7999.99 Lei,4.73(15),https://www.emag.ro/telefon-mobil-huawei-pura-80-ultra-512gb-16gb-ram-prestige-gold-51098kfb/pd/DN358J3BM/,https://s13emagst.akamaized.net/products/101524/101523025/images/res_29275fdbb916f9100dcc23dd646a0145.jpg?width=720&height=720&hash=A8DE98DC0C4B52F138CD19E4FF1CFFC6,,,,,,,,,,
"Telefon mobil HONOR Magic 7 Pro, Dual SIM, 12GB RAM, 512GB, Lunar Shadow Grey + Casti HONOR Choice Earbuds X7e Active","6.599,99 Lei",6599.99 Lei,5(1),https://www.emag.ro/telefon-mobil-honor-magic-7-pro-dual-sim-12gb-ram-512gb-lunar-shadow-grey-casti-honor-choice-earbuds-x7e-active-5109bqhk-5504adcy/pd/D0SRWJ3BM/,https://s13emagst.akamaized.net/products/101583/101582081/images/res_aa31f6b2cc629a91678d9b757e617fd1.jpg?width=720&height=720&hash=F82A26099C6883E27F2FA508A4E018C5,,,,,,,,,,
"Telefon mobil Xiaomi 14, 12GB RAM, 512GB, 5G, Black","4.568,99 Lei",4568.99 Lei,4.56(77),https://www.emag.ro/telefon-mobil-xiaomi-14-12gb-ram-512gb-5g-black-mzb0g1beu/pd/DJ37V0YBM/,https://s13emagst.akamaized.net/products/67035/67034664/images/res_85337ce5882f6afa07f100b9b025236f.jpg?width=720&height=720&hash=F8CE5DEAD9EB4B8FE46725AD8B57236D,,,,,,,,,,
"Telefon mobil, L8STAR, mini phone, bluetooth, Albastru","69,50 Lei",69.50 Lei,4.33(3),https://www.emag.ro/telefon-mobil-l8star-mini-phone-bluetooth-albastru-d855c2mbm/pd/D855C2MBM/,https://s13emagst.akamaized.net/products/32945/32944875/images/res_af95a913464d09df9182e1bf2ab94f9a.jpg?width=720&height=720&hash=7B7E03643F1F9BA8644296EF25ADDB4C,,,,,,,,,,
"Telefon mobil Google Pixel 9 Pro, 128GB, 16GB RAM, 5G, Obsidian","4.191,33 Lei",4191.33 Lei,4.52(81),https://www.emag.ro/telefon-mobil-google-pixel-9-pro-128gb-16gb-ram-5g-obsidian-ga05227-gb/pd/DBZKQVYBM/,https://s13emagst.akamaized.net/products/74606/74605034/images/res_9c09a4c78fb4811a7584a464be0a7f14.jpg?width=720&height=720&hash=D45AB19FF34EA5808842CEFD5E3C68D4,,,,,,,,,,
"Telefon mobil Nubia Red Magic 10S Pro, 512GB, 16GB RAM, 5G, Dual Sim, Dusk","5.265,99 Lei",5265.99 Lei,,https://www.emag.ro/telefon-mobil-nubia-red-magic-10s-pro-512gb-16gb-ram-5g-dual-sim-dusk-nx789s-t-16-512-blk/pd/DXF7JV3BM/,https://s13emagst.akamaized.net/products/102993/102992770/images/res_4a64b94a267aa6074b0b79e29680dec1.jpg?width=720&height=720&hash=405B4DF53CDDDAB6A19D906EDB2D5784,,,,,,,,,,
"Telefon mobil Huawei Pura 80 Pro, 512GB, 12GB RAM, Glazed Black","5.071,28 Lei",5071.28 Lei,5(3),https://www.emag.ro/telefon-mobil-huawei-pura-80-pro-512gb-12gb-ram-glazed-black-51098kfn/pd/DP358J3BM/,https://s13emagst.akamaized.net/products/101524/101523028/images/res_2575348321fecb189423fbf7a14d97cf.jpg?width=720&height=720&hash=A0F7A6D2F1DCBCEC27085C71878E698F,,,,,,,,,,
"Telefon mobil Honor 400 Pro, 12GB RAM, 512GB, 5G, Tidal Blue","3.100,01 Lei",3100.01 Lei,4.55(29),https://www.emag.ro/telefon-mobil-honor-400-pro-12gb-ram-512gb-5g-tidal-blue-hn-200prtdbl/pd/DX83193BM/,https://s13emagst.akamaized.net/products/99506/99505704/images/res_048573a177fd848786e23572923dcf33.jpg?width=720&height=720&hash=7A63B5B8DBC99464E891F6EA161B6775,,,,,,,,,,
"Telefon mobil Google Pixel 9 Pro, 256GB, 16GB RAM, 5G, Obsidian","8.910,40 Lei",8910.40 Lei,4.52(81),https://www.emag.ro/telefon-mobil-google-pixel-9-pro-256gb-16gb-ram-5g-obsidian-ga05946-gb/pd/D7ZKQVYBM/,https://s13emagst.akamaized.net/products/74606/74605034/images/res_9c09a4c78fb4811a7584a464be0a7f14.jpg?width=720&height=720&hash=D45AB19FF34EA5808842CEFD5E3C68D4,,,,,,,,,,
"Telefon mobil Samsung Galaxy A15, Dual SIM, 4GB RAM, 128GB, 5G, Blue","1.452,00 Lei",1452.00 Lei,4.37(114),https://www.emag.ro/telefon-mobil-samsung-galaxy-a15-dual-sim-4gb-ram-128gb-5g-blue-sm-a156bzbdeue/pd/DZLPDTYBM/,https://s13emagst.akamaized.net/products/63914/63913896/images/res_a1d63d10364bb39569c34d33d39dbd4f.jpg?width=720&height=720&hash=8A06032BAB6F028B1B590DD627FADA89,,,,,,,,,,
"Telefon mobil Fairphone 4, Dual SIM, 128GB, 6GB RAM, 5G, Grey","1.220,01 Lei",1220.01 Lei,4.67(3),https://www.emag.ro/telefon-mobil-fairphone-4-dual-sim-128gb-6gb-ram-5g-grey-f4fphn-1dg-eu1/pd/DB7SSMYBM/,https://s13emagst.akamaized.net/products/58705/58704762/images/res_6d766ecd03260c02c9b8639516646686.png?width=720&height=720&hash=40B7F0841C737209F2C079F0AD3B62B6,,,,,,,,,,
"Telefon mobil Xiaomi Redmi Note 14 Pro, 12GB RAM, 512GB, Aurora Purple","1.499,99 Lei",1499.99 Lei,4.43(67),https://www.emag.ro/telefon-mobil-xiaomi-redmi-note-14-pro-12gb-ram-512gb-aurora-purple-xo-rdnte14pap512/pd/D1KGYN3BM/,https://s13emagst.akamaized.net/products/84480/84479884/images/res_023831e08d99c7d23756c574c3b67e57.jpg?width=720&height=720&hash=C9621A67649FF643C3DC02F598B641D3,,,,,,,,,,
"Telefon mobil Samsung Galaxy S25 FE, Dual SIM, 8GB RAM, 128GB, 5G, Navy","2.967,00 Lei",2967.00 Lei,4.81(21),https://www.emag.ro/telefon-mobil-samsung-galaxy-s25-fe-dual-sim-8gb-ram-128gb-5g-navy-sm-s731bdbdeue/pd/DY0QTS3BM/,https://s13emagst.akamaized.net/products/101820/101819223/images/res_c69a4830b7d27433eaf31a9f0e182fa7.jpg?width=720&height=720&hash=A80DED5E661C7DE0D928980625FBC150,,,,,,,,,,
"Telefon mobil Google Pixel 9 Pro XL, 256GB, 16GB RAM, 5G, Rose Quartz","6.359,99 Lei",6359.99 Lei,4.4(89),https://www.emag.ro/telefon-mobil-google-pixel-9-pro-xl-256gb-16gb-ram-5g-rose-quartz-ga09322-gb/pd/DCZKQVYBM/,https://s13emagst.akamaized.net/products/74606/74605054/images/res_c0f26d00d70fe060837da73c70f7397a.jpg?width=720&height=720&hash=F4B0F3399C1BD9E61BEFBE380B96A79F,,,,,,,,,,
"Telefon mobil Samsung S5611, Black","23,49 Lei",23.49 Lei,2.33(9),https://www.emag.ro/telefon-mobil-samsung-s5611-black-gt-s5611zkaxeo/pd/DQ7GMMBBM/,https://s13emagst.akamaized.net/products/982/981360/images/res_1654520d2de3296239230e690c049b7e.jpg?width=720&height=720&hash=6BD851CE689E5B5F92A17A1A02C85261,,,,,,,,,,
"Telefon mobil Google Pixel 9 Pro XL, 256GB, 16GB RAM, 5G, Hazel","4.343,50 Lei",4343.50 Lei,4.4(89),https://www.emag.ro/telefon-mobil-google-pixel-9-pro-xl-256gb-16gb-ram-5g-hazel-ga05985-gb/pd/DJZKQVYBM/,https://s13emagst.akamaized.net/products/74606/74605047/images/res_4fcc16a2f1be48d5fcc84cf07abeeb30.jpg?width=720&height=720&hash=726BB93A83672EBE963EC3704F6C3023,,,,,,,,,,
"Telefon mobil Poco F7, 12GB RAM, 256GB, 5G, White","2.755,48 Lei",2755.48 Lei,4.57(7),https://www.emag.ro/telefon-mobil-poco-f7-12gb-ram-256gb-5g-white-pc-pof7wte256/pd/DP18T93BM/,https://s13emagst.akamaized.net/products/98697/98696930/images/res_d23f551e7c8f16dbd24e99f07915c1a8.jpg?width=720&height=720&hash=3DA7BC3ABA779786269A8151B5831D6B,,,,,,,,,,
"Telefon mobil Xiaomi 15, 12GB RAM, 512GB, 5G, Alb","4.009,99 Lei",4009.99 Lei,,https://www.emag.ro/telefon-mobil-xiaomi-15-12gb-ram-512gb-5g-alb-xo-xm15wte512gb/pd/DT6TMN3BM/,https://s13emagst.akamaized.net/products/94739/94738558/images/res_1f1363bf10facbe24f741d3aac15b0a4.jpg?width=720&height=720&hash=325EB04E7F021B816DBBEE28CD2F7FB3,,,,,,,,,,
"Telefon mobil iHunt Tank 3 PRO, 32 GB, camera 200 MP, 512 GB, 5G","3.499,99 Lei",3499.99 Lei,4.88(8),https://www.emag.ro/telefon-mobil-ihunt-tank-3-pro-32-gb-camera-200-mp-512-gb-5g-00002419/pd/D4X43CYBM/,https://s13emagst.akamaized.net/products/75837/75836776/images/res_c5faa024c41d68a3f30e1c8e04dae4d9.jpg?width=720&height=720&hash=40853404FE2C24BC64FBE570BD3F3CE3,,,,,,,,,,
"Telefon mobil Google Pixel 9 Pro XL, 512GB, 16GB RAM, 5G, Hazel","4.635,67 Lei",4635.67 Lei,4.4(89),https://www.emag.ro/telefon-mobil-google-pixel-9-pro-xl-512gb-16gb-ram-5g-hazel-ga05988-gb/pd/D4ZKQVYBM/,https://s13emagst.akamaized.net/products/74606/74605047/images/res_4fcc16a2f1be48d5fcc84cf07abeeb30.jpg?width=720&height=720&hash=726BB93A83672EBE963EC3704F6C3023,,,,,,,,,,
"Telefon seniori alfabet braille butoane mari ecran 2.3"" 2G camera foto radio FM difuzor lanterna functie SOS bluetooth Halo3 Multicolor","193,00 Lei",193.00 Lei,,https://www.emag.ro/telefon-seniori-alfabet-braille-butoane-mari-ecran-2-3-2g-camera-foto-radio-fm-difuzor-lanterna-functie-sos-bluetooth-halo3-multicolor-halo3red/pd/DL70683BM/,https://s13emagst.akamaized.net/products/112561/112560184/images/res_70e8ad4c2b4b6c6aaa4ec81387a6707c.jpg?width=720&height=720&hash=F55C2E2C7A76902176CBD3E346DC064C,,,,,,,,,,
"Telefon mobil OnePlus Nord, Dual SIM, 128GB, 8GB RAM, 5G, Blue Marble","1.951,05 Lei",1951.05 Lei,4.43(174),https://www.emag.ro/telefon-mobil-oneplus-nord-dual-sim-128gb-8gb-ram-5g-blue-marble-5011101199/pd/DJP473MBM/,https://s13emagst.akamaized.net/products/31568/31567313/images/res_644f58147e6c8e98f06e10db430cdab8.jpg?width=720&height=720&hash=D57B824A087AD3AB4069916CBBBB501E,,,,,,,,,,
"Telefon mobil Huawei Pura 70 Ultra, 512GB, 16GB RAM, GREEN","5.999,99 Lei",5999.99 Lei,4.39(44),https://www.emag.ro/telefon-mobil-huawei-pura-70-ultra-512gb-16gb-ram-green-51097wwu/pd/D37TD9YBM/,https://s13emagst.akamaized.net/products/70374/70373227/images/res_8b0a6aa9a36320d6d413c583b539777a.jpg?width=720&height=720&hash=D13D9FF68EE0D447F5BA748BA65812C9,,,,,,,,,,
"Telefon mobil Huawei Nova 12 SE, 8GB RAM, 256GB, GREEN","1.569,60 Lei",1569.60 Lei,4.42(43),https://www.emag.ro/telefon-mobil-huawei-nova-12-se-8gb-ram-256gb-green-51097udx/pd/DKT4SXYBM/,https://s13emagst.akamaized.net/products/69790/69789006/images/res_57f8fbbf13c0eac2eea9bffe1a372c39.jpg?width=720&height=720&hash=0570B7FD22AC11B8B025072FA88E20BA,,,,,,,,,,
"Telefon mobil iHunt Tank 4 Pro, 5G, Dual SIM, 6.73-inch 3K 120Hz AMOLED, Proiector Video Laser 720P 60Hz, Octa-Core, 36GB RAM, 1TB, Camera 50AF + 64 Night + 50MP Telephoto / 32MP Fata, Incarcare Turbo 120W, NFC, IP68/IP69, Android 14","4.750,98 Lei",4750.98 Lei,4(3),https://www.emag.ro/telefon-mobil-ihunt-tank-4-pro-5g-dual-sim-6-73-inch-3k-120hz-amoled-proiector-video-laser-720p-60hz-octa-core-36gb-ram-1tb-camera-50af-64-night-50mp-telephoto-32mp-fata-incarcare-turbo-120w-nfc-ip68-/pd/D4S4F43BM/,https://s13emagst.akamaized.net/products/103901/103900022/images/res_fec97c3026df60d65f7dee77529b5991.jpg?width=720&height=720&hash=820329A5D52312024BF8A57197205CFC,,,,,,,,,,
"Mini telefon Dual SIM deblocat, ecran de 0, 66 inchi, conexiune Bluetooth, player de muzica, card nano SIM dual, alb","133,10 Lei",133.10 Lei,,https://www.emag.ro/mini-telefon-dual-sim-deblocat-ecran-de-0-66-inchi-conexiune-bluetooth-player-de-muzica-card-nano-sim-dual-alb-d2h00d3bm/pd/D2H00D3BM/,https://s13emagst.akamaized.net/products/91737/91736444/images/res_b1224d832ab7444f5974db423a9f1603.jpg?width=720&height=720&hash=06A740A5E7113FB51D3738F420905848,,,,,,,,,,
"Telefon mobil OnePlus Nord 5, 12GB RAM, 512GB, 5G, Marble Sands","2.404,00 Lei",2404.00 Lei,5(11),https://www.emag.ro/telefon-mobil-oneplus-nord-5-12gb-ram-512gb-5g-marble-sands-op-nd5mrbsnd512/pd/DW9F0J3BM/,https://s13emagst.akamaized.net/products/100977/100976567/images/res_7710ef7367ea00da97ad1f0a0872f462.jpg?width=720&height=720&hash=82244FBEB9321D0686912E410E5FACD8,,,,,,,,,,
"Telefon mobil Google Pixel 9 Pro XL, 128GB, 16GB RAM, 5G, Hazel","3.968,80 Lei",3968.80 Lei,4.4(89),https://www.emag.ro/telefon-mobil-google-pixel-9-pro-xl-128gb-16gb-ram-5g-hazel-ga05981-gb/pd/DXZKQVYBM/,https://s13emagst.akamaized.net/products/74606/74605047/images/res_4fcc16a2f1be48d5fcc84cf07abeeb30.jpg?width=720&height=720&hash=726BB93A83672EBE963EC3704F6C3023,,,,,,,,,,
"Telefon mobil Evolveo STRONGPHONE H1, negru/argintiu","355,00 Lei",355.00 Lei,4(2),https://www.emag.ro/telefon-mobil-evolveo-strongphone-h1-negru-argintiu-sgm-sgp-h1-bs/pd/DXWD2SYBM/,https://s13emagst.akamaized.net/products/73085/73084032/images/res_ba86e1ebb65805e7f21c2bb3a2ed1a2e.jpg?width=720&height=720&hash=D94F0A3FF58CA12975F500162369D511,2.8 inch,,320 x 240,,5000 mAh,,,0 MB,0 MB,MicroSDHC
Telefon mobil Xiaomi Redmi Note 14 Dual Sim NFC (6GB/128GB) 5G Coral Green,"1.099,00 Lei",1099.00 Lei,,https://www.emag.ro/telefon-mobil-xiaomi-redmi-note-14-dual-sim-nfc-6gb-128gb-5g-coral-green-mzb0iodeu/pd/DR97VN3BM/,https://s13emagst.akamaized.net/products/94741/94740644/images/res_25a6bd6351417fffdef731476a59cfa0.jpg?width=720&height=720&hash=0F56A59C3F1340EDC79990F5D347E0ED,,,,,,,,6 GB,128 GB,
"Telefon Mobil TCL 60 SE, Procesor Mediatek Helio G81, 8GB RAM, 512GB Flash, Alb, 6.7""","852,23 Lei",852.23 Lei,,https://www.emag.ro/telefon-mobil-tcl-60-se-procesor-mediatek-helio-g81-8gb-ram-512gb-flash-alb-6-7-t517h-2clca112/pd/DVMTJV3BM/,https://s13emagst.akamaized.net/products/102995/102994263/images/res_6a5fc132b4da66e1969e7313aab3c99d.png?width=720&height=720&hash=A71B10141540FB2FC12CF263FA14E88F,6.7 inch,,1600 x 720,,5200 mAh,,,8 GB,512 GB,MicroSDHC
"Telefon Evolveo StrongPhone Q1 cu buton, Dual SIM - Negru","231,00 Lei",231.00 Lei,,https://www.emag.ro/telefon-evolveo-strongphone-q1-cu-buton-dual-sim-negru-sgp-q1-bk/pd/D98B0J3BM/,https://s13emagst.akamaized.net/products/100963/100962581/images/res_a407cc9cd06c22a2602b30bae0e38363.jpg?width=720&height=720&hash=6173846AD9F08AE49D5B4159F1DCB275,2.4 inch,,320 x 240,TFT,,Da,,32 MB,32 MB,
"Telefon mobil, TCL 408, SIM dual, 4 GB RAM, 64 GB, Albastru midnight","599,99 Lei",599.99 Lei,4(1),https://www.emag.ro/telefon-mobil-tcl-408-sim-dual-4-gb-ram-64-gb-albastru-midnight-t507d1-3blca112-2/pd/DV1VFMYBM/,https://s13emagst.akamaized.net/products/58647/58646717/images/res_db41ee62e15f4a41214eaf784cb652b9.jpg?width=720&height=720&hash=512B2742C214FEBDF66E491399C95846,6.6 inch,269 PPI,720 x 1612,,5000 mAh,,,4 GB,64 GB,MicroSD
"Telefon mobil HONOR Magic 7 Pro, Dual SIM, 12GB RAM, 512GB, Black + Casti HONOR Choice Earbuds X7e Active","5.804,31 Lei",5804.31 Lei,5(1),https://www.emag.ro/telefon-mobil-honor-magic-7-pro-dual-sim-12gb-ram-512gb-black-casti-honor-choice-earbuds-x7e-active-5109bqhg-5504adcy/pd/DHSRWJ3BM/,https://s13emagst.akamaized.net/products/101583/101582082/images/res_033b377ccc0ce77b2d9e7d88e7784006.jpg?width=720&height=720&hash=51291432F588570828524759BA22C300,6.8 inch,"Dolby Vision
1.07 miliarde de culori
Rata de refresh 120 Hz
453 PPI",2800 x 1280,LTPO,5270 mAh,Nu,,12 GB,512 GB,
"Telefon mobil Panasonic KX-TU155EXRN, Independent de card, Rosu","255,31 Lei",255.31 Lei,3.17(12),https://www.emag.ro/telefon-mobil-panasonic-independent-de-card-rosu-kx-tu155exrn/pd/DNY56HMBM/,https://s13emagst.akamaized.net/products/39618/39617296/images/res_93c3a631b94a82f382ece81051804900.jpg?width=720&height=720&hash=FBBEE81C8889FE0BCEBB72AE6659C80E,2.4 inch,,,"LCD
TFT",,,,,,"SD
SDHC"
"Telefon mobil Huawei P30 Pro, Dual SIM, 256GB, 8GB RAM, 4G, Aurora Blue","1.560,00 Lei",1560.00 Lei,4.57(618),https://www.emag.ro/telefon-mobil-huawei-p30-pro-dual-sim-256gb-8gb-ram-4g-aurora-blue-51093nfw/pd/D78ZCZBBM/,https://s13emagst.akamaized.net/products/20936/20935294/images/res_ba09711c76ff81bcf7690797cb89a9c6.jpg?width=720&height=720&hash=F72D27F8C824CA4D2E189C7E9BC45B81,6.47 inch,16 milioane de culori,1080 x 2340,OLED,4200 mAh,,Li-Po,8 GB,256 GB,NanoSD
"Telefon mobil, AIEK K8, Dual SIM, 4.0"", alb","169,40 Lei",169.40 Lei,,https://www.emag.ro/telefon-mobil-aiek-k8-dual-sim-4-0-alb-k8-white/pd/DF0WL4YBM/,https://s13emagst.akamaized.net/products/75460/75459967/images/res_c602698f9819c671071f5840ee53d565.jpg?width=720&height=720&hash=E873443F471A602363F9129299E5C6CC,,,,,,,,32 MB,32 GB,
"Telefon mobil Allview V10 Viper, 4GB RAM, 64GB, 4G, Metalic Blue","348,99 Lei",348.99 Lei,4(9),https://www.emag.ro/telefon-mobil-allview-4gb-ram-64gb-4g-metalic-blue-v10-viper/pd/D8LH5YYBM/,https://s13emagst.akamaized.net/products/59892/59891160/images/res_22f4f24e4a7e5fc01e9d7f95bde69b77.jpg?width=720&height=720&hash=2A79E273FF28D47F4CC60384A683EADE,6.5 inch,16 milioane de culori,700 x 1600,IPS,3900 mAh,Da,Li-Po,4 GB,64 GB,MicroSD
"Telefon mobil MyPhone Halo C, Dual SIM, Black","140,00 Lei",140.00 Lei,3(2),https://www.emag.ro/telefon-mobil-myphone-halo-c-dual-sim-black-tel000546/pd/DZKLQ7MBM/,https://s13emagst.akamaized.net/products/33983/33982191/images/res_4b3ffb64116debfac7c1cac2b7715945.jpg?width=720&height=720&hash=E2EBAB51AA8DC48BBC1A27C98FD5AE92,2.2 inch,,176 x 220,TFT,1900 mAh,Da,Li-Ion,32 MB,32 MB,MicroSD
"Telefon Mobil Maxcom Mm245 4G, Negru","331,99 Lei",331.99 Lei,,https://www.emag.ro/telefon-mobil-maxcom-mm245-4g-negru-mm245/pd/DQ6VKF3BM/,https://s13emagst.akamaized.net/products/99379/99378417/images/res_cc67386642244c731d78436a565ad9d9.jpg?width=720&height=720&hash=A868943C6DC5EAF87700498725EA61BA,,,,,,,,,128 GB,
"Telefon Mobil Mobiola MB 610 Red, 2G","391,20 Lei",391.20 Lei,3(1),https://www.emag.ro/telefon-mobil-mobiola-mb-610-red-2g-dcrxtymbm/pd/D66BZGBBM/,https://s13emagst.akamaized.net/products/26980/26979717/images/res_65624db51e331b61da79a443f64a59a7.jpg?width=720&height=720&hash=52DC8D9F5AEB47B48C51DAAECECE831F,"2.4 inch
1.77 inch",,"320 x 240
128 x 160",TFT,800 mAh,,Li-Ion,32 MB,32 MB,MicroSD
"Telefon mobil Panasonic GSM KX-TU400EXC, Single SIM, Tehnologie 2 G, memorie Ram 1 Gb, Buton SOS, Verde, ideal pentru seniori","266,20 Lei",266.20 Lei,4(7),https://www.emag.ro/telefon-mobil-panasonic-gsm-single-sim-tehnologie-2-g-memorie-ram-1-gb-buton-sos-verde-ideal-pentru-seniori-kx-tu400exc/pd/DRR9LKMBM/,https://s13emagst.akamaized.net/products/36658/36657184/images/res_4338bc0b6605c6350826adb5dea139ce.png?width=720&height=720&hash=918A549AF5AB1A8858E9D696A3E424CF,2.4 inch,,320 x 240,LCD,800 mAh,Da,Li-Ion,1 GB,1 GB,MicroSD
"Telefon mobil INFINIX NOTE 40 PRO+, 12GB, 256GB, 5G, Green","1.539,99 Lei",1539.99 Lei,4.38(13),https://www.emag.ro/telefon-mobil-infinix-note-40-pro-12gb-256gb-5g-green-10057671/pd/DYDGJ1YBM/,https://s13emagst.akamaized.net/products/79004/79003998/images/res_aefb4c5dbe3ef99ec64ff1fc9f1d4510.jpg?width=720&height=720&hash=ED66AC99A466D5678D17C08AF7E8F5FC,6.78 inch,,1080 x 2436,AMOLED,4600 mAh,,,12 GB,256 GB,
"Telefon IPRO A10 MINI, negru - albastru, ecran de 1,8 inchi, SIM dual, Bluetooth, FM fara fir, camera","110,47 Lei",110.47 Lei,,https://www.emag.ro/telefon-ipro-a10-mini-negru-albastru-ecran-de-1-8-inchi-sim-dual-bluetooth-fm-fara-fir-camera-35010333-678/pd/DY18R1YBM/,https://s13emagst.akamaized.net/products/79272/79271683/images/res_ed39bd1ec24b46c5ff460b4dd1dba9ad.jpg?width=720&height=720&hash=09E6CBF50358CA6AA22B6772DD336A18,1.8 inch,,,LCD,600 mAh,Da,,32 MB,32 MB,MicroSD
"Telefon mobil MaxCom Strong MM920, Yellow","325,01 Lei",325.01 Lei,4(29),https://www.emag.ro/telefon-mobil-maxcom-strong-mm920-yellow-mm920-yellow/pd/DLGQ7NBBM/,https://s13emagst.akamaized.net/products/8485/8484628/images/res_178c9e5ba19b8a7481c1d312144014a3.jpg?width=720&height=720&hash=67B3EE78D293BA37F2A3CF57959034F9,2.8 inch,,240 x 320,,1400 mAh,,Li-Ion,,,MicroSD
"Telefon Mobil AIEK K8, Dual SIM, 2G, 480x320, 4.0"", Negru","169,40 Lei",169.40 Lei,,https://www.emag.ro/telefon-mobil-aiek-k8-dual-sim-2g-480x320-4-0-negru-k8-black/pd/DVQ0N4YBM/,https://s13emagst.akamaized.net/products/75084/75083692/images/res_9238ff4ea0c3f0805f08a40c508949e1.jpg?width=720&height=720&hash=3D1CA8E167C60419FC205FE9A344785D,,,,,,,,32 MB,32 MB,
"MINI TELEFON DUAL SIM CU RADIO FM SI BLUETOOTH , GRI","85,31 Lei",85.31 Lei,5(2),https://www.emag.ro/mini-telefon-dual-sim-cu-radio-fm-si-bluetooth-gri-d1b0d6bbm/pd/D1B0D6BBM/,https://s13emagst.akamaized.net/products/21913/21912791/images/res_48410e66ec14a7bf88f9a00b3e1d5291.jpg?width=720&height=720&hash=4A36FF2E5C02934EC04106791AFB1250,0.66 inch,,,,350 mAh,,,32 MB,,
"Telefon mobil Panasonic KX-TU550EXR, 4G, buton SOS, ideal pentru seniori, Rosu","447,70 Lei",447.70 Lei,3(2),https://www.emag.ro/telefon-mobil-panasonic-4g-buton-sos-ideal-pentru-seniori-rosu-kx-tu550exr/pd/DB6DGTYBM/,https://s13emagst.akamaized.net/products/64594/64593491/images/res_11f7fdeec49447c4bdbc02b02ef709d8.jpg?width=720&height=720&hash=3F44CAB814F78756CFBC035396F5FAE8,,,,,,,,128 MB,64 MB,
"Telefon mobil Evolveo EasyPhone EP-771 FS, 2,8"", Bluetooth, rosu","313,00 Lei",313.00 Lei,5(1),https://www.emag.ro/telefon-mobil-evolveo-easyphone-ep-771-fs-2-8-bluetooth-rosu-sgm-ep-771-fsr/pd/DRVJZ0YBM/,https://s13emagst.akamaized.net/products/67165/67164873/images/res_7ec5dcacb9547c6f74f6ced5a309c0df.jpg?width=720&height=720&hash=CF8C21BBA4F12E7C1015A02498896BE2,2.8 inch,,320 x 240,TFT,1000 mAh,,,64 MB,64 MB,MicroSDHC
"Telefon mobil OnePlus Nord CE5, 8GB RAM, 128GB, 5G, Black Infinity","1.868,99 Lei",1868.99 Lei,,https://www.emag.ro/telefon-mobil-oneplus-nord-ce5-8gb-ram-128gb-5g-black-infinity-5011113506/pd/D9PP6S3BM/,https://s13emagst.akamaized.net/products/102404/102403585/images/res_22105db52ae0252570af8e60db64f1b4.jpg?width=720&height=720&hash=28FC4CFCFDF851FAB70BB3F3EF613BDB,,,,,,,,8 GB,128 GB,
"Telefon mobil, POWERTECH, Sentry Dual II PTM-26, cu ecran dublu, Apel SOS, Lanterna, cu caractere lizibile, Fara Meniu in Limba Romana/Bulgara si Maghiara, albastru","274,99 Lei",274.99 Lei,,https://www.emag.ro/telefon-mobil-powertech-sentry-dual-ii-cu-ecran-dublu-apel-sos-lanterna-cu-caractere-lizibile-fara-meniu-in-limba-romana-bulgara-si-maghiara-albastru-ptm-26/pd/D9DQ3NYBM/,https://s13emagst.akamaized.net/products/65683/65682628/images/res_2d3d27719d14b5afceb924f994e06a46.jpg?width=720&height=720&hash=2DBEFDA29CAB62399D1D8A0CB8461CF7,"2.44 inch
1.44 inch",,,,,,Li-Ion,32 MB,64 MB,MicroSD
"Telefon Mobil TCL 60 SE, Procesor Mediatek Helio G81, 8GB RAM, 512GB, Negru, 6.7""","883,79 Lei",883.79 Lei,,https://www.emag.ro/telefon-mobil-tcl-60-se-procesor-mediatek-helio-g81-8gb-ram-512gb-negru-6-7-t517h-2alca112/pd/D63TJV3BM/,https://s13emagst.akamaized.net/products/102995/102994334/images/res_75cc4725415b67aead39a94bb419a486.png?width=720&height=720&hash=9103040B6E9607E15C9D67E1E8CE9F95,6.7 inch,,1600 x 720,,5200 mAh,,,8 GB,512 GB,MicroSDHC
"Telefon mobil Motorola Edge 60 5G, 12/512GB, Pantone Shamrock / PB7H0015PL","2.225,19 Lei",2225.19 Lei,,https://www.emag.ro/telefon-mobil-motorola-edge-60-5g-12-512gb-pantone-shamrock-pb7h0015pl/pd/DW4H393BM/,https://s13emagst.akamaized.net/products/98918/98917310/images/res_8e32de270944985c0fb52025a5068d4e.jpg?width=720&height=720&hash=E91133713AC08047F494186FDB2017C2,,,,,,,,12 GB,512 GB,
"Telefon mobil Huawei Pura 80 Pro, 512GB, 12GB RAM, Glazed Red","5.999,99 Lei",5999.99 Lei,5(3),https://www.emag.ro/telefon-mobil-huawei-pura-80-pro-512gb-12gb-ram-glazed-red-51098kfj/pd/DH358J3BM/,https://s13emagst.akamaized.net/products/101524/101523027/images/res_bba534aa90068a18c834d087494d780b.jpg?width=720&height=720&hash=7492014EFE3370AF28D9AAC257F438D7,6.8 inch,"460 PPI
1.07 miliarde de culori
Adaptiv 120 Hz (1-120 Hz)",2848 x 1276,OLED,,Nu,,12 GB,512 GB,
"Telefon Mobil Energizer U652S, Dual Sim, 64GB, 2GB RAM, 4G, Negru","453,48 Lei",453.48 Lei,,https://www.emag.ro/telefon-mobil-energizer-u652s-dual-sim-64gb-2gb-ram-4g-negru-244449/pd/D0QD96YBM/,https://s13emagst.akamaized.net/products/82617/82616963/images/res_14de41c332a825ff3a17d303e20665a2.jpg?width=720&height=720&hash=C2789EDBFD0C764FAF8A0DF9BE913A32,6.51 inch,,,,,Da,,2 GB,64 GB,
"Telefon mobil Panasonic KX-TU550EXB 4G, negru","447,70 Lei",447.70 Lei,3(2),https://www.emag.ro/telefon-mobil-panasonic-4g-negru-kx-tu550exb/pd/DQSMM2YBM/,https://s13emagst.akamaized.net/products/60984/60983689/images/res_67c2dda848797093969f1d6e49057496.jpg?width=720&height=720&hash=7CC720554DF402167B48B4FCD2BCD1A5,2.8 inch,,240 x 320,TFT,1400 mAh,,Li-Ion,64 MB,128 MB,MicroSD
"Telefon mobil Dual SIM, MyPhone, 2.4"", Ro-alert, 1000mAh, 32MB, Negru","119,95 Lei",119.95 Lei,4(2),https://www.emag.ro/telefon-mobil-dual-sim-myphone-2-4-ro-alert-1000mah-32mb-negru-mp6320-black/pd/DRQCL1MBM/,https://s13emagst.akamaized.net/products/50516/50515734/images/res_3bb63f0c7ea897c879ae9596aaeeac2d.png?width=720&height=720&hash=FFFCDD07A9B3552D1257AEE735DB4AFF,2.4 inch,,320 x 240,TFT,1000 mAh,,Li-Ion,32 MB,32 MB,SD
"Telefon mobil Maxcom MM720BB, Black","206,99 Lei",206.99 Lei,4.19(48),https://www.emag.ro/telefon-mobil-maxcom-mm720bb-black-mm720bb-black/pd/D19QMDBBM/,https://s13emagst.akamaized.net/products/5595/5594438/images/res_9a8845e1f3421286a98deb31d4fb0d31.jpg?width=720&height=720&hash=9B2CF9652D7A022A108833C6402AD0E4,2.2 inch,,176 x 220,,800 mAh,,Li-Ion,,,MicroSD
"Telefon mobil cu buton Evolveo EasyPhone XS, albastru / SGM EP-570-XS-BL","191,41 Lei",191.41 Lei,,https://www.emag.ro/telefon-mobil-cu-buton-evolveo-easyphone-xs-albastru-sgm-ep-570-xs-bl/pd/DR4H393BM/,https://s13emagst.akamaized.net/products/98918/98917305/images/res_a31c0d2a592ccf9793bb33b6653bd385.jpg?width=720&height=720&hash=1D9E5D8743A07A86832D478F0DEAB4EC,,,,,,,,24 MB,32 MB,
"Telefon mobil Panasonic KX-TU110EXC, Blue","166,98 Lei",166.98 Lei,3.07(15),https://www.emag.ro/telefon-mobil-panasonic-blue-kx-tu110exc/pd/DZVS01BBM/,https://s13emagst.akamaized.net/products/21556/21555810/images/res_8c775901d6096f9e365b8b7017d8963a.jpg?width=720&height=720&hash=0FEDDA0F2A91424042A8F35E34564B53,1.77 inch,,160 x 128,TFT,,,,,,
"Telefon mobil, TCL, onetouch 4042s 4G, dual sim, independent de card, meniu maghiar, cu buton SOS, andocare, Gri inchis","554,09 Lei",554.09 Lei,3.6(5),https://www.emag.ro/telefon-mobil-tcl-onetouch-4042s-4g-dual-sim-independent-de-card-meniu-maghiar-cu-buton-sos-andocare-gri-inchis-t312d-3alca112/pd/DKJF7KYBM/,https://s13emagst.akamaized.net/products/64811/64810344/images/res_3e495e70eb9d096cbf2292874266ae08.jpg?width=720&height=720&hash=02D46C823FBF036DBB6B5A036FD9CC33,2.8 inch,,,,,,,4 MB,4 MB,
"Telefon mobil TCL OneTouch 5041 DualSIM, gri inchis, 1,8"", 4G, 1030mAh","195,22 Lei",195.22 Lei,,https://www.emag.ro/telefon-mobil-tcl-onetouch-5041-dualsim-gri-inchis-1-8-4g-1030mah-t314q-3alca112-1/pd/DWTZ4J3BM/,https://s13emagst.akamaized.net/products/101252/101251207/images/res_5e1fb1eb9afd172c0fe01bb09f622edf.jpg?width=720&height=720&hash=5858E990E74DE92E1059FA30C20DD46A,1.8 inch,,,,,,,,0 MB,
"Telefon mobil Mobiola MB700, rosu, butoane mari, functie SOS, 2G","274,23 Lei",274.23 Lei,,https://www.emag.ro/telefon-mobil-mobiola-mb700-rosu-butoane-mari-functie-sos-2g-8594203270169/pd/DHMC4WYBM/,https://s13emagst.akamaized.net/products/85550/85549223/images/res_1672f0aea8e76627a88ba5e9f78771ef.jpg?width=720&height=720&hash=0DC1C2A8AAEE40E2F1E7E760058A7B3F,,,,,,,,32 MB,32 MB,
"Telefon mobil pentru seniori Panasonic KX-TU446, Single SIM, 2G, Black","387,20 Lei",387.20 Lei,3.86(7),https://www.emag.ro/telefon-mobil-pentru-seniori-panasonic-kx-tu446-single-sim-2g-black-kx-tu446exb/pd/D1T5TCMBM/,https://s13emagst.akamaized.net/products/47334/47333334/images/res_47f5739d711424eef6800c50f5c950bd.jpg?width=720&height=720&hash=5D85ADCDA690128B06EBA7E342DA6708,,,320 x 240,,,Da,,512 MB,2 GB,
"Telefon mobil, Evolveo, STRONGPHONE Z6, Negru/Portocaliu","341,00 Lei",341.00 Lei,,https://www.emag.ro/telefon-mobil-evolveo-strongphone-z6-negru-portocaliu-sgm-sgp-z6-bo/pd/DL98NPYBM/,https://s13emagst.akamaized.net/products/68637/68636036/images/res_617a5503cfd53ce06212b1a88713c71e.jpg?width=720&height=720&hash=82A787F797E0FD6F921E69C950F97463,2.8 inch,,240 x 320,,4000 mAh,,,32 MB,32 MB,MicroSDHC
"Telefon mobil Ulefone Armor 22 Verde, 4G, IPS 6.58"" 120Hz, 64MP, Night Vision, 16GB RAM (8GB + 8GB extensibili), 256GB ROM, Helio G96, NFC, Dual SIM","1.099,99 Lei",1099.99 Lei,3.5(2),https://www.emag.ro/telefon-mobil-ulefone-armor-22-verde-4g-ips-6-58-120hz-64mp-night-vision-16gb-ram-8gb-8gb-extensibili-256gb-rom-helio-g96-nfc-dual-sim-6937748735601/pd/DXTK5NYBM/,https://s13emagst.akamaized.net/products/66353/66352475/images/res_f84fc98dc412d5dbb370048304d1df13.jpg?width=720&height=720&hash=FC5CC7A2440B221451CBB68DA45C5ECB,6.58 inch,Capacitive multi-point touch,2408 x 1080,IPS,,,Li-Po,8 GB,256 GB,MicroSD
"Telefon mobil Energizer U683S, Dual Sim, 2GB RAM, 64GB, 4G, Negru","509,99 Lei",509.99 Lei,,https://www.emag.ro/telefon-mobil-energizer-u683s-dual-sim-2gb-ram-64gb-4g-negru-237354/pd/DRDHRQYBM/,https://s13emagst.akamaized.net/products/80179/80178363/images/res_ab4e5bcd585d316a43de342b07cd8094.jpg?width=720&height=720&hash=4FC2079314393E7D58D55DA161E9466D,6.82 inch,,720 x 1640,IPS,4900 mAh,Da,Li-Po,2 GB,64 GB,MicroSD
"Telefon mobil cu butoane, Evolveo EasyPhone XS Alb / SGM EP-570-XS-WH","190,55 Lei",190.55 Lei,,https://www.emag.ro/telefon-mobil-cu-butoane-evolveo-easyphone-xs-alb-sgm-ep-570-xs-wh-sgmep-570-xs-wh/pd/DBCH393BM/,https://s13emagst.akamaized.net/products/98918/98917311/images/res_2472f368dd1ca70678671804616385c9.jpg?width=720&height=720&hash=5C81BC46381393B0489130676784AA33,,,,,,,,24 MB,32 MB,
"Telefon mobil SPC Stella 3, 128 GB, 2.4"", gri, 4G, cu capac","546,92 Lei",546.92 Lei,,https://www.emag.ro/telefon-mobil-spc-stella-3-128-gb-2-4-gri-4g-cu-capac-s9917808/pd/DS5KG03BM/,https://s13emagst.akamaized.net/products/95996/95995113/images/res_172d652a8971048e1365f251807b3b1c.jpg?width=720&height=720&hash=6F148BE15426F0DAD12F8FD7E5DA23D5,,,,,,,,,128 GB,
Telefon mobil TCL 406s Dual SIM (3GB+3GB Expansion/64GB) Dark Grey,"478,00 Lei",478.00 Lei,,https://www.emag.ro/telefon-mobil-tcl-406s-dual-sim-3gb-3gb-expansion-64gb-dark-grey-506g-3alca112/pd/DKCKKJYBM/,https://s13emagst.akamaized.net/products/72282/72281282/images/res_7d73167a932bb0d1ba16ab65874b0355.jpg?width=720&height=720&hash=252A6C01EC157035475BAA353BC90939,,,,,,,,6 GB,64 GB,
"Telefon Mobil Ulefone Armor X31 Pro, Procesor Mediatek Dimensity 6300, IPS LCD Capacitive Touchscreen 6.56, 8GB RAM, 256GB Flash, Camera Tripla 64+25+2 MP, Wi-Fi, 5G, Dual SIM, Android (Negru/Verde)","2.225,39 Lei",2225.39 Lei,,https://www.emag.ro/telefon-mobil-ulefone-armor-x31-pro-procesor-mediatek-dimensity-6300-ips-lcd-capacitive-touchscreen-6-56-8gb-ram-256gb-flash-camera-tripla-64-25-2-mp-wi-fi-5g-dual-sim-android-negru-verde-697532666848/pd/DHS2G73BM/,https://s13emagst.akamaized.net/products/91374/91373379/images/res_f16b47275bf2061f121cd53dca432fc9.jpg?width=720&height=720&hash=70DB79F23B3F16F57F00682F98523746,6.56 inch,120 Hz,1612 x 720,"LCD
IPS",6050 mAh,Da,Li-Po,8 GB,256 GB,MicroSDHC
Telefon mobil Samsung S6102 Galaxy Y Duos Dual Sim Black,"22,99 Lei",22.99 Lei,,https://www.emag.ro/telefon-mobil-samsung-s6102-galaxy-y-duos-dual-sim-black-sams6102blk/pd/EQXNTBBBM/?ref=smart-history-ml_1_1&provider=rec&recid=rec_4_393c282ac75bf9126591f50b51cb19d9e1795004d052e11e0873e7bf8d908960_1767479760&scenario_ID=4,https://s13emagst.akamaized.net/products/6/5503/images/img217613_12062013145036_0.jpg?width=300&height=300&hash=F8E0763399A993FFC912437DD5E09EC5,,,,,,,,,,
"Telefon mobil Huawei P20 Lite, Dual SIM, 64GB, 4G, Midnight Black","441,65 Lei",441.65 Lei,4.43(1320),https://www.emag.ro/telefon-mobil-huawei-p20-lite-dual-sim-64gb-4g-midnight-black-p20-lite-anne-l21-black/pd/D5V1PFBBM/?ref=smart-history-ml_1_2&provider=rec&recid=rec_4_393c282ac75bf9126591f50b51cb19d9e1795004d052e11e0873e7bf8d908960_1767479760&scenario_ID=4,https://s13emagst.akamaized.net/products/14233/14232994/images/res_edb73b6e77be1aca39e2878dd2156ef2.jpg?width=300&height=300&hash=3BF5F5EACA4C1043E8163159AA5E4DE7,,,,,,,,,,
"Telefon mobil Samsung Galaxy S24 Ultra, Dual SIM, 12GB RAM, 256GB, 5G, Titanium Black","4.827,90 Lei",4827.90 Lei,4.74(885),https://www.emag.ro/telefon-mobil-samsung-galaxy-s24-ultra-dual-sim-12gb-ram-256gb-5g-titanium-black-sm-s928bzkgeue/pd/DP6L7KYBM/?ref=smart-history-ml_1_3&provider=rec&recid=rec_4_393c282ac75bf9126591f50b51cb19d9e1795004d052e11e0873e7bf8d908960_1767479760&scenario_ID=4,https://s13emagst.akamaized.net/products/64817/64816455/images/res_dcae4c4dabb70a9916dffbc724913b11.jpg?width=300&height=300&hash=24BBB482B31CA99BA251D4375042C1CA,,,,,,,,,,
"Telefon mobil Samsung Galaxy A55, Dual SIM, 8GB, 128GB, 5G, Awesome Navy","1.679,00 Lei",1679.00 Lei,4.68(1033),https://www.emag.ro/telefon-mobil-samsung-galaxy-a55-dual-sim-8gb-128gb-5g-awesome-navy-sm-a556bzkaeue/pd/D5Y2YPYBM/?ref=smart-history-ml_1_4&provider=rec&recid=rec_4_393c282ac75bf9126591f50b51cb19d9e1795004d052e11e0873e7bf8d908960_1767479760&scenario_ID=4,https://s13emagst.akamaized.net/products/68405/68404068/images/res_a3095d212ad7802b5a3d36d36ff77779.jpg?width=300&height=300&hash=92287D372A9A8FD17AA1784E97435EC5,,,,,,,,,,
"Telefon mobil Huawei P30 Lite, Dual SIM, 128GB, 4G, Midnight Black","576,00 Lei",576.00 Lei,4.4(1005),https://www.emag.ro/telefon-mobil-huawei-p30-lite-dual-sim-128gb-4g-midnight-black-51093npm/pd/DC7W6ZBBM/?ref=smart-history-ml_1_5&provider=rec&recid=rec_4_393c282ac75bf9126591f50b51cb19d9e1795004d052e11e0873e7bf8d908960_1767479760&scenario_ID=4,https://s13emagst.akamaized.net/products/21151/21150824/images/res_f3d7b7e05b935313a290a9cd922868b0.jpg?width=300&height=300&hash=3F290B157BCB2776028834E2FCA8A9D2,,,,,,,,,,
"Telefon mobil Apple iPhone 11, 64GB, Black","2.031,34 Lei",2031.34 Lei,4.73(1635),https://www.emag.ro/telefon-mobil-apple-iphone-11-64gb-black-mwlt2rm-a/pd/D89ZX6BBM/?ref=smart-history-ml_1_6&provider=rec&recid=rec_4_393c282ac75bf9126591f50b51cb19d9e1795004d052e11e0873e7bf8d908960_1767479760&scenario_ID=4,https://s13emagst.akamaized.net/products/25344/25343941/images/res_99d57ec9e3d9bb8d3242f384288ce0a3.jpg?width=300&height=300&hash=B6536EAE9CC68B68A2405D4B33354F1B,,,,,,,,,,
"Telefon mobil pentru seniori, dual sim, buton SOS, Lanterna, taste mari, radio, camera","246,00 Lei",246.00 Lei,4.67(6),https://www.emag.ro/telefon-mobil-pentru-seniori-dual-sim-buton-sos-lanterna-taste-mari-radio-camera-a-26/pd/DY3MJTYBM/,https://s13emagst.akamaized.net/products/64201/64200661/images/res_1a76b95a0f0e293ef1123f5494763b95.png?width=720&height=720&hash=FB4CB77CBB0C0C0533E0EB0F74E99465,1.7 inch,,,TFT,1400 mAh,,Li-Ion,128 MB,64 MB,MicroSD
"EVOLVEO StrongPhone H1, telefon Dual SIM rezistent si impermeabil, camuflaj de vanatoare","396,00 Lei",396.00 Lei,,https://www.emag.ro/evolveo-strongphone-h1-telefon-dual-sim-rezistent-si-impermeabil-camuflaj-de-vanatoare-sgp-h1-hnt/pd/DNPPH33BM/,https://s13emagst.akamaized.net/products/88998/88997630/images/res_f175f9fc69ee5eba99d7168068b97733.jpg?width=720&height=720&hash=66007393F743E9A6AAFB5A6891E834B7,,,320 x 240,IPS,5000 mAh,,Li-Ion,32 MB,32 MB,MicroSDHC
"Telefon mobil Huawei Pura 80 Pro, 512GB, 12GB RAM, Glazed White","5.146,98 Lei",5146.98 Lei,5(3),https://www.emag.ro/telefon-mobil-huawei-pura-80-pro-512gb-12gb-ram-glazed-white-51098kfl/pd/DX358J3BM/,https://s13emagst.akamaized.net/products/101524/101523029/images/res_24e3554b72c832ab1a8c87ef4e7112b4.jpg?width=720&height=720&hash=2A5D0D452A7EA488953D2617C09ACB18,6.8 inch,"460 PPI
1.07 miliarde de culori
Adaptiv 120 Hz (1-120 Hz)",2848 x 1276,OLED,,Nu,,12 GB,512 GB,
"Telefon mobil Mobiola MB4120 4G, negru, 2,4 inch, DualSIM, 32MB RAM","417,56 Lei",417.56 Lei,,https://www.emag.ro/telefon-mobil-mobiola-mb4120-4g-negru-2-4-inch-dualsim-32mb-ram-mb4120-1019/pd/DVQQ4WYBM/,https://s13emagst.akamaized.net/products/85554/85553787/images/res_13b20f515c512a6166eff35f5e58eeb8.jpg?width=720&height=720&hash=C324B6353E3E3F320A317DF284399BC2,,,,,,,,32 MB,32 MB,
"Telefon RugOne Armor, 5G, 512GB, 12GB RAM, Negru","2.625,91 Lei",2625.91 Lei,,https://www.emag.ro/telefon-rugone-armor-5g-512gb-12gb-ram-negru-xever7black/pd/DMMNNR3BM/,https://s13emagst.akamaized.net/products/106794/106793138/images/res_9087c5eda6be68ce3f9e7f55615817e7.jpg?width=720&height=720&hash=2C2C965296EDC23D4A98B853D4C3DDA1,,,,,,,,12 GB,512 GB,
"Telefon mobil Mobiola MB800, 2,4 inch, Dual SIM, buton SOS, albastru, 134x67,5x15mm","325,30 Lei",325.30 Lei,,https://www.emag.ro/telefon-mobil-mobiola-2-4-inch-dual-sim-buton-sos-albastru-134x67-5x15mm-mb800/pd/DSBC4WYBM/,https://s13emagst.akamaized.net/products/85550/85549198/images/res_172529ef72c8f9734afe2c3acddca8ba.jpg?width=720&height=720&hash=1B4EBE00DB91A3FD5E4C29F7130A0912,,,,,,,,32 MB,32 MB,
"Telefon cu butoane EASYPHONE FL, EVOLVEO, EP801, Negru","245,85 Lei",245.85 Lei,3(2),https://www.emag.ro/telefon-cu-butoane-easyphone-fl-evolveo-ep801-negru-sgmep-801-flb/pd/DJRLL1YBM/,https://s13emagst.akamaized.net/products/79146/79145868/images/res_cc26de385bf3ba52ebdc282bfe5f369e.jpg?width=720&height=720&hash=AE372DDE6EF5D401FC46958CE327C57F,,,,,,,,32 MB,64 MB,
"Telefon Mobil Panasonic KX-TU160 EXG Single SIM, 2G, Gri","309,88 Lei",309.88 Lei,,https://www.emag.ro/telefon-mobil-panasonic-kx-tu160-exg-single-sim-2g-gri-kx-tu160exg/pd/DWRPLZMBM/,https://s13emagst.akamaized.net/products/49585/49584561/images/res_86da1fa8ec816f2e4aaf1259452d7396.jpg?width=720&height=720&hash=00B8592AFA533CEA7FE4ECBA62C29F42,2.31 inch,,,,,,,32 MB,32 MB,
"Telefon mobil cu buton Evolveo EasyPhone XS, negru / SGM EP-570-XS-BK","190,55 Lei",190.55 Lei,,https://www.emag.ro/telefon-mobil-cu-buton-evolveo-easyphone-xs-negru-sgm-ep-570-xs-bk-sgmep-570-xs-bk/pd/DZ4H393BM/,https://s13emagst.akamaized.net/products/98918/98917302/images/res_ad0f07a9ef87884a9396ca9100cf874d.jpg?width=720&height=720&hash=46847D0BD8CD74BF78D36F1F581EE7DC,,,,,,,,24 MB,32 MB,
"Telefon mobil MyPhone Halo2, Black","193,69 Lei",193.69 Lei,3.48(25),https://www.emag.ro/telefon-mobil-myphone-halo2-black-pl-1052548-halo2czarny/pd/D08PTMBBM/,https://s13emagst.akamaized.net/products/1145/1144468/images/res_0a50716e3df7601f359e3e8768043112.jpg?width=720&height=720&hash=559A3AFFAABA3813570F0D326D7CF24A,2.2 inch,,,TFT,900 mAh,,,2 MB,2 MB,
"Telefon mobil Realme C21Y, Dual SIM, 3GB RAM, 32GB, 4G, Cross Black","756,11 Lei",756.11 Lei,3.83(12),https://www.emag.ro/telefon-mobil-realme-c21y-dual-sim-3gb-ram-32gb-4g-cross-black-6040187/pd/D9KSFVMBM/,https://s13emagst.akamaized.net/products/45716/45715993/images/res_f7233ac0aa80621cced5ebb683e9c0c9.jpg?width=720&height=720&hash=0094B79707753AD53FE8E61474B18658,6.5 inch,270 PPI,1600 x 720,IPS,5000 mAh,Da,,3 GB,32 GB,MicroSD
"Telefon mobil Evolveo STRONGPHONE H1, Negru/Gri","355,00 Lei",355.00 Lei,,https://www.emag.ro/telefon-mobil-evolveo-strongphone-h1-negru-gri-sgm-sgp-h1-bg/pd/DPWD2SYBM/,https://s13emagst.akamaized.net/products/73085/73084031/images/res_d41cca7abe63fa5a631fb32aacbc10f2.jpg?width=720&height=720&hash=0263DA7093AA8942D760E75A4680289D,2.8 inch,,320 x 240,,5000 mAh,,,0 MB,0 MB,MicroSDHC
"Telefon mobil Evolveo StrongPhone Z6, DualSIM, 2.8 inch, Ro-Alert, 4000mAh, portocaliu","578,30 Lei",578.30 Lei,,https://www.emag.ro/telefon-mobil-evolveo-strongphone-z6-dualsim-2-8-inch-ro-alert-4000mah-portocaliu-sgmsgp-z6-or/pd/DZBY9RYBM/,https://s13emagst.akamaized.net/products/80766/80765345/images/res_0a57431a2a42b808fae799ce20a0a7b9.jpg?width=720&height=720&hash=C8CD08A3387B34D8277C07A6A9EDED74,,,,,,,,,,
"Telefon mobil QUBO P-668, 6.53 inch, 4GB RAM, 64GB, 4G, Albastru","499,00 Lei",499.00 Lei,4(13),https://www.emag.ro/telefon-mobil-qubo-p-668-6-53-inch-4gb-ram-64gb-4g-albastru-qubo-s668-64gb-bl/pd/DWNMW9MBM/,https://s13emagst.akamaized.net/products/42454/42453445/images/res_1c05a7e93c88b4bb17d1c31b29c1af83.jpg?width=720&height=720&hash=F2DDA67315F898FB84869EEA6E1EA412,,,,,,,,,,
"Telefon mobil, Mobiola, MB 3200I, Rosu","312,81 Lei",312.81 Lei,,https://www.emag.ro/telefon-mobil-mobiola-mb-3200i-rosu-mb3200ired/pd/DQJGJMMBM/,https://s13emagst.akamaized.net/products/30058/30057717/images/res_6aef3cbfbdf011ad32b9187112a171f7.jpg?width=720&height=720&hash=387214FCA4B326BE25DCF0F8D68F231B,,,,,,,,,,
"Telefon mobil Mobiola MB200 2G, 2,2"", 32MB, dual SIM, negru","226,57 Lei",226.57 Lei,,https://www.emag.ro/telefon-mobil-mobiola-mb200-2g-2-2-32mb-dual-sim-negru-mb2002g/pd/DB3C4WYBM/,https://s13emagst.akamaized.net/products/85550/85549274/images/res_e42bd3190718baf1f5e0e2d1f30f8590.jpg?width=720&height=720&hash=CD77F05D5891B8F2279C2A1DEFEDCB9C,,,,,,,,,,
"Telefon seniori Mobiola MB800, 2,4"" display, Dual SIM, buton SOS, rosu, 134x67,5x15mm","325,30 Lei",325.30 Lei,,https://www.emag.ro/telefon-seniori-mobiola-mb800-2-4-display-dual-sim-buton-sos-rosu-134x67-5x15mm-8594203270411/pd/DCBC4WYBM/,https://s13emagst.akamaized.net/products/85550/85549201/images/res_11789735202ede7d0cf2a3fb3d84692c.jpg?width=720&height=720&hash=D0F45C0D3C85EFC676ACF47A6512DF91,,,,,,,,,,
"Telefon mobil EVOLVEO EasyPhone XO, pentru seniori, Dual Sim, 2G, Negru","194,00 Lei",194.00 Lei,,https://www.emag.ro/telefon-mobil-evolveo-easyphone-xo-pentru-seniori-dual-sim-2g-negru-ep-630-xob/pd/DTB7NKYBM/,https://s13emagst.akamaized.net/products/64920/64919401/images/res_bfb7988e1c24c9f650346c987e126b39.png?width=720&height=720&hash=FFFABC4122061896228502963A2690DA,,,,,,,,,,
"Telefon mobil TCL 5164D1, 6,52 inch, 2GB RAM, 64GB, albastru","852,57 Lei",852.57 Lei,,https://www.emag.ro/telefon-mobil-tcl-5164d1-6-52-inch-2gb-ram-64gb-albastru-4894461941004/pd/DHD1G63BM/,https://s13emagst.akamaized.net/products/111709/111708759/images/res_a63951b96427fc532ce2cbd88f5c092a.jpg?width=720&height=720&hash=B3D479BF2C118E4FA252A07F42F6FD43,,,,,,,,,,
"Telefon, Apple. iPhone 14 Plus, 512GB, Negru","4.669,99 Lei",4669.99 Lei,,https://www.emag.ro/telefon-apple-iphone-14-plus-512gb-negru-194253375661/pd/DZK847YBM/,https://s13emagst.akamaized.net/products/62470/62469093/images/res_3fae4062bc327203cb9ab6d5b95ffe99.jpg?width=720&height=720&hash=22D1473E0817095D60AD04BE69503418,,,,,,,,,,
"Telefon mobil Evolveo STRONGPHONE Z6, Camuflaj","334,00 Lei",334.00 Lei,1(2),https://www.emag.ro/telefon-mobil-evolveo-strongphone-z6-camuflaj-sgm-sgp-z6-hnt/pd/D9WD2SYBM/,https://s13emagst.akamaized.net/products/73085/73084033/images/res_273ce3b4ea6ae584f52e66457c415906.jpg?width=720&height=720&hash=3F3032E33F08F84E612439F21E5854EC,,,,,,,,,,
Telefon mobil BLACKVIEW A95 128GB 8GB RAM Dual SIM 4G Orange,"1.017,05 Lei",1017.05 Lei,5(1),https://www.emag.ro/telefon-mobil-blackview-a95-128gb-8gb-ram-dual-sim-4g-orange-6931548308058/pd/DVHJMCMBM/,https://s13emagst.akamaized.net/products/47146/47145097/images/res_9c79903cda0a65c74d5deb362512c2a7.jpg?width=720&height=720&hash=1547D45E90C4CAE84646D0B8B3635F53,,,,,,,,,,
"Realme 12X Dual SIM 4/128GB telefon mobil, verde, 6.67 inch","574,38 Lei",574.38 Lei,,https://www.emag.ro/realme-12x-dual-sim-4-128gb-telefon-mobil-verde-6-67-inch-6941764431386/pd/DQHTW13BM/,https://s13emagst.akamaized.net/products/108030/108029258/images/res_c20ac7ba6b4598b24d611e5f2ea23636.jpg?width=720&height=720&hash=320E616A26D9F462F76DD46DCF72000E,,,,,,,,,,
"Telefon mobil Mobiola MB4120 4G, pentru seniori, dual SIM, negru, 7x8x15cm","311,89 Lei",311.89 Lei,,https://www.emag.ro/telefon-mobil-mobiola-4g-pentru-seniori-dual-sim-negru-7x8x15cm-mb4120/pd/D7BC4WYBM/,https://s13emagst.akamaized.net/products/85550/85549186/images/res_5c38c5acbc62fff62454fc779879dd7b.jpg?width=720&height=720&hash=B39B68FD6C464958E6B939B74C2EC5AC,,,,,,,,,,
"Telefon mobil Samsung Galaxy A54, Dual SIM, 8GB RAM,256GB, 5G, Awesome Violet","2.643,69 Lei",2643.69 Lei,4.5(1075),https://www.emag.ro/telefon-mobil-samsung-galaxy-a54-dual-sim-8gb-ram-256gb-5g-awesome-violet-sm-a546blvdeue/pd/DDXGV6MBM/,https://s13emagst.akamaized.net/products/54129/54128734/images/res_ad87c84a54cdb531cc87caf08cb457ad.jpg?width=720&height=720&hash=3520EEC1BE0285C272EDDE827B90FAA9,,,,,,,,,,
"Telefon mobil Nokia 210, Dual SIM, 2019, Black","149,99 Lei",149.99 Lei,4.05(75),https://www.emag.ro/telefon-mobil-nokia-210-dual-sim-2019-black-16otrb01a06/pd/DPHS01BBM/,https://s13emagst.akamaized.net/products/21556/21555583/images/res_0ac9b26277f1d5b0d53731c899aa7cf3.jpg?width=720&height=720&hash=AA07DA8B9FFF7FFE49D8A05983F00473,,,,,,,,,,
"Telefon mobil Motorola Moto g54 Power Edition, 8GB RAM, 256GB, 5G, Midnight Blue","769,99 Lei",769.99 Lei,4.4(351),https://www.emag.ro/telefon-mobil-motorola-moto-g54-power-edition-8gb-ram-256gb-5g-midnight-blue-pb0w0014ro/pd/DYT2MZYBM/,https://s13emagst.akamaized.net/products/77610/77609618/images/res_2d075b1f4ec5363223b3c11bf2c509f4.jpg?width=720&height=720&hash=CC0D34B08F5878F7264C4CF557C13BD6,,,,,,,,,,
"Telefon mobil Nokia 2660 Flip, Dual SIM, 4G, Black","355,87 Lei",355.87 Lei,4.08(108),https://www.emag.ro/telefon-mobil-nokia-2660-flip-dual-sim-4g-black-1gf011dpa1a01/pd/DKG0CLMBM/,https://s13emagst.akamaized.net/products/48630/48629429/images/res_a3830f2c2e16153ab9bc0eb7c5b0b93f.jpg?width=720&height=720&hash=8847C5B95DA0E281E511C1E453373D9B,,,,,,,,,,
"RESIGILAT: Telefon Mobil Energizer E284S, 64MB RAM, 128MB ROM, 4G, Rosu","de la 219,99 Lei",de la 219.99 Lei,3(3),https://www.emag.ro/telefon-mobil-energizer-e284s-64mb-ram-128mb-rom-4g-rosu-rsgemag5635460x-e284seu1bkr/pd/D9L1V8MBM/#used-products,https://s13emagst.akamaized.net/products/55047/55046745/images/res_3260d07667e42b1661cb21d4305d9aa5.jpg?width=720&height=720&hash=6DBF273A97A02A4026EB0387FDCE214F,,,,,,,,,,
"Telefon mobil Nokia 2660 Flip, Dual SIM, 4G, Pop Pink","355,87 Lei",355.87 Lei,4.08(108),https://www.emag.ro/telefon-mobil-nokia-2660-flip-dual-sim-4g-pop-pink-1gf011dpc1a04/pd/D155WWMBM/,https://s13emagst.akamaized.net/products/57255/57254326/images/res_4b3099e6876b028b71bcbafb13452e12.jpg?width=720&height=720&hash=C944F8BBE416670DE9D18645A4E9AADD,,,,,,,,,,
"Telefon mobil MaxCom Comfort MM817, Dual SIM, 2G, Black","152,51 Lei",152.51 Lei,4.21(66),https://www.emag.ro/telefon-mobil-maxcom-comfort-mm817-dual-sim-2g-black-mm817-black/pd/D17ZPQBBM/,https://s13emagst.akamaized.net/products/22544/22543316/images/res_bcfdc1d018ece99e838ecd12f548243e.jpg?width=720&height=720&hash=C0CF1155627FF0284B261CF793534FF6,,,,,,,,,,
"Telefon mobil Sony Xperia 1 VI, Dual SIM, 12GB RAM, 256GB, 5G, Khaki Green","6.710,91 Lei",6710.91 Lei,4.53(36),https://www.emag.ro/telefon-mobil-sony-xperia-1-vi-dual-sim-12gb-ram-256gb-5g-khaki-green-xqec54eukcg-gc/pd/D0673FYBM/,https://s13emagst.akamaized.net/products/71207/71206142/images/res_954a99707b5f37f236b522f04eeb1e57.jpg?width=720&height=720&hash=59EC7E53BA3161CF9C2E8FBB938059EA,,,,,,,,,,
"Telefon mobil Apple iPhone 15 Pro Max, 256 GB, 5G, titan negru","6.507,55 Lei",6507.55 Lei,4.66(435),https://www.emag.ro/telefon-mobil-apple-iphone-15-pro-max-256-gb-5g-titan-negru-mu773sx-a/pd/DTJZX3YBM/,https://s13emagst.akamaized.net/products/60438/60437793/images/res_cc7aceb39a212e764b6a51b3e3e8e869.jpg?width=720&height=720&hash=B74D07B8697E7EAD13E42DA93AB13715,,,,,,,,,,
"Telefon mobil Nokia 130 (2017), Dual SIM, Black","152,51 Lei",152.51 Lei,4.27(91),https://www.emag.ro/telefon-mobil-nokia-130-2017-dual-sim-black-a00028517/pd/DD4NNNBBM/,https://s13emagst.akamaized.net/products/8590/8589052/images/res_34e5357cd1fa43f96d1befc9fce58145.jpg?width=720&height=720&hash=9C5E07E6367A56BE6954C12AB110AD03,,,,,,,,,,
"Telefon mobil Nokia 150 (2023), Dual SIM, Blue","203,35 Lei",203.35 Lei,4(57),https://www.emag.ro/telefon-mobil-nokia-150-2023-dual-sim-blue-286837003/pd/DFXGWMYBM/,https://s13emagst.akamaized.net/products/59104/59103840/images/res_ab820ce3d515e4bbad133b8d22d2a425.jpg?width=720&height=720&hash=CEEB3041D6FA869CC20EAB8903DA404C,,,,,,,,,,
"Telefon mobil MaxCom Comfort MM38D, Black","183,02 Lei",183.02 Lei,4.43(21),https://www.emag.ro/telefon-mobil-maxcom-comfort-mm38d-black-mm38d-black/pd/DN09V2MBM/,https://s13emagst.akamaized.net/products/32874/32873246/images/res_80f58ec19e6510d176c95c3ab77dcee8.jpg?width=720&height=720&hash=0E662EBA4B9013DF5D67648ACCD60B6F,,,,,,,,,,
"Telefon mobil Sony Xperia 1 VI, Dual SIM, 12GB RAM, 256GB, 5G, Platinum Silver","6.710,91 Lei",6710.91 Lei,4.53(36),https://www.emag.ro/telefon-mobil-sony-xperia-1-vi-dual-sim-12gb-ram-256gb-5g-platinum-silver-xqec54eukcs-gc/pd/DT673FYBM/,https://s13emagst.akamaized.net/products/71207/71206139/images/res_a92966b0389a7aaf806283358dcbc41d.jpg?width=720&height=720&hash=67DF4574A92176DF4691AB2CBF21AD2D,,,,,,,,,,
"Telefon mobil Motorola Moto g54 Power Edition, 8GB RAM, 256GB, 5G, Mint Green","1.118,48 Lei",1118.48 Lei,4.4(351),https://www.emag.ro/telefon-mobil-motorola-moto-g54-power-edition-8gb-ram-256gb-5g-mint-green-pb0w0016ro/pd/D2T2MZYBM/,https://s13emagst.akamaized.net/products/77610/77609620/images/res_74b2cc989eda5a0ba9e7215dc367d47f.jpg?width=720&height=720&hash=FDA0AE5152AB65CFA5BC3EBE23827B3C,,,,,,,,,,
"Telefon mobil MaxCom Comfort MM817, Dual SIM, Red","152,51 Lei",152.51 Lei,4.21(66),https://www.emag.ro/telefon-mobil-maxcom-comfort-mm817-dual-sim-red-mm817-red/pd/DS3K0RBBM/,https://s13emagst.akamaized.net/products/23394/23393733/images/res_b9637aaddbd59964b307fbb8931c8985.jpg?width=720&height=720&hash=2684B61C95AFAC4CB2FEC7C81A500206,,,,,,,,,,
"Telefon mobil Sony Xperia 1 IV, Dual SIM, 12GB RAM, 256GB, 5G, Black","7.015,96 Lei",7015.96 Lei,4.32(25),https://www.emag.ro/telefon-mobil-sony-xperia-1-iv-dual-sim-12gb-ram-256gb-5g-black-xqct54c0b-eeac/pd/DR4YZVMBM/,https://s13emagst.akamaized.net/products/45911/45910467/images/res_19e5f9ebf14d22bb300ae031525f8414.jpg?width=720&height=720&hash=A62930083106F618A53006B21D3F1567,,,,,,,,,,
"Telefon mobil Huawei Nova 12 SE, 8GB RAM, 256GB, BLACK","1.199,99 Lei",1199.99 Lei,4.42(43),https://www.emag.ro/telefon-mobil-huawei-nova-12-se-8gb-ram-256gb-black-51097udv/pd/DTT4SXYBM/,https://s13emagst.akamaized.net/products/69790/69789005/images/res_bc6b8bdae05fe82fc54b4ab774038343.jpg?width=720&height=720&hash=CC11530004C6DA919379F87F06A6D90C,,,,,,,,,,
"Telefon mobil Xiaomi Redmi Note 14 Pro, 12GB RAM, 512GB, 5G, Coral Green","1.630,80 Lei",1630.80 Lei,4.54(68),https://www.emag.ro/telefon-mobil-xiaomi-redmi-note-14-pro-12gb-ram-512gb-5g-coral-green-mzb0imseu/pd/DTC6PB3BM/,https://s13emagst.akamaized.net/products/86272/86271519/images/res_65cc49c4b0b69b3300454a16650a506a.jpg?width=720&height=720&hash=EF0D32B5588153BC5717A9AFA4C58155,,,,,,,,,,
"Telefon mobil Google Pixel 8a, 128GB, 8GB RAM, 5G, Bay","1.668,36 Lei",1668.36 Lei,4.23(43),https://www.emag.ro/telefon-mobil-google-pixel-8a-128gb-8gb-ram-5g-bay-ga05570-gb/pd/D4LKQVYBM/,https://s13emagst.akamaized.net/products/74606/74605022/images/res_9bc94843a11e5f1445e2b791d078f358.jpg?width=720&height=720&hash=1DD8A0513F5C63A3BA90E85DF0BF2EE6,,,,,,,,,,
Mini telefon mobil L8star Bm10 Dual sim bluetooth,"140,06 Lei",140.06 Lei,,https://www.emag.ro/mini-telefon-mobil-l8star-dual-sim-bluetooth-bm10/pd/DT0RK83BM/,https://s13emagst.akamaized.net/products/112009/112008711/images/res_f678fbbaf9c9a30371a299fec4a4a051.jpg?width=720&height=720&hash=51AB2040EB7CE1974E8A44F994894952,,,,,,,,,,
"Telefon mobil Samsung Galaxy A03s, Dual SIM, 3GB RAM, 32GB, 4G, Blue","797,39 Lei",797.39 Lei,4.04(74),https://www.emag.ro/telefon-mobil-samsung-galaxy-a03s-dual-sim-3gb-ram-32gb-4g-blue-sm-a037gzbneue/pd/DJ5P0PMBM/,https://s13emagst.akamaized.net/products/40022/40021667/images/res_ce592cc139f726129d4358d2ff2a0414.jpg?width=720&height=720&hash=7A19B215A060A83E910F2170C31235DB,,,,,,,,,,
"Telefon mobil Motorola Edge 50, Dual SIM, 512GB, 12GB RAM, 5G, Steel Wool","1.378,99 Lei",1378.99 Lei,4.67(9),https://www.emag.ro/telefon-mobil-motorola-edge-50-dual-sim-512gb-12gb-ram-5g-steel-wool-pb2u0003pl/pd/DR9QHCYBM/,https://s13emagst.akamaized.net/products/76080/76079946/images/res_7bc0ffaf292fdc7db1ec14a4723b27e2.jpg?width=720&height=720&hash=C4ED648594D2334BBAE5E7466A9D31AF,,,,,,,,,,
"Telefon mobil Xiaomi Redmi 14C, 256GB, 8GB RAM, Blue","749,00 Lei",749.00 Lei,4.52(207),https://www.emag.ro/telefon-mobil-xiaomi-redmi-14c-256gb-8gb-ram-blue-mzb0hvneu/pd/DQ2PG1YBM/,https://s13emagst.akamaized.net/products/79027/79026436/images/res_d5c18a0969f5dc68641af162babe3637.jpg?width=720&height=720&hash=DEDCE4E07CE9DCE8515BF54D5B1FB9F0,,,,,,,,,,
"Telefon mobil OPPO A5 Pro, Dual SIM, 8GB RAM, 256GB, 5G, Olive Green","1.299,99 Lei",1299.99 Lei,4.82(17),https://www.emag.ro/telefon-mobil-oppo-a5-pro-dual-sim-8gb-ram-256gb-5g-olive-green-cph2695og/pd/D6852K3BM/,https://s13emagst.akamaized.net/products/93421/93420666/images/res_25d4b1d4b6b00c8ab08218d99e9fb243.jpg?width=720&height=720&hash=8330B833A54E51E16A14A3F8C87DE52E,,,,,,,,,,
"Telefon mobil Ulefone Armor 33 Pro, Dual SIM, 5G, Dimensity 7300x, Dual Screen 6.95-inch 120Hz 700nits + 3.4-inch, 32GB RAM / 512GB, Camera 50MP + 64MP + 50MP Macro, Stereo, Infrarosu, 25500mAh, NFC, IP68/IP69K, Android 15","2.499,99 Lei",2499.99 Lei,,https://www.emag.ro/telefon-mobil-ulefone-armor-33-pro-dual-sim-5g-dimensity-7300x-dual-screen-6-95-inch-120hz-700nits-3-4-inch-32gb-ram-512gb-camera-50mp-64mp-50mp-macro-stereo-infrarosu-25500mah-nfc-ip68-ip69k-android-/pd/D86W713BM/,https://s13emagst.akamaized.net/products/107308/107307086/images/res_7fcd09a0dbd651b1b99f4843d6efb491.png?width=720&height=720&hash=AFBF666399042C1F9EB8137171BA95C3,,,,,,,,,,
"Telefon mobil Xiaomi Redmi A5, 3GB RAM, 64GB, Blue + Xiaomi High-capacity pen","508,39 Lei",508.39 Lei,4.59(46),https://www.emag.ro/telefon-mobil-xiaomi-redmi-a5-3gb-ram-64gb-blue-xiaomi-high-capacity-pen-bndla5blu/pd/DJ0HYN3BM/,https://s13emagst.akamaized.net/products/94270/94269621/images/res_c0c89829b25ae4c88d16afb5a66a15ef.jpg?width=720&height=720&hash=CC4FD69CD2E4F983111C6F6F7667FF58,,,,,,,,,,
"Telefon mobil Motorola Moto g85, Dual SIM, 8GB RAM, 256GB, 5G, Gadget Gray","1.324,56 Lei",1324.56 Lei,4.51(43),https://www.emag.ro/telefon-mobil-motorola-moto-g85-dual-sim-8gb-ram-256gb-5g-gadget-gray-pb2a0035ro/pd/D7B9FSYBM/,https://s13emagst.akamaized.net/products/73419/73418483/images/res_ea97c0ba3c15d5418d130abfd564e86c.jpg?width=720&height=720&hash=E7835E7993F6D752EDAC8A9086029F53,,,,,,,,,,
"Telefon mobil realme 12+, 12GB RAM, 512GB, 5G, Navigator Beige","1.288,99 Lei",1288.99 Lei,4(8),https://www.emag.ro/telefon-mobil-realme-12-12gb-ram-512gb-5g-navigator-beige-130010734781/pd/DVC6YFYBM/,https://s13emagst.akamaized.net/products/71198/71197284/images/res_cf0db95eb4025b9d71669f57c2524ed6.jpg?width=720&height=720&hash=4ACC85FB35DA33E060C7CE8D58D71FFA,,,,,,,,,,
"Telefon mobil Xiaomi 14T, 12GB RAM, 256GB, 5G, Titan Gray","2.099,35 Lei",2099.35 Lei,4.49(179),https://www.emag.ro/telefon-mobil-xiaomi-14t-12gb-ram-256gb-5g-titan-gray-mzb0hudeu/pd/DY4GQLYBM/,https://s13emagst.akamaized.net/products/77396/77395687/images/res_f2fe3b2224ea1ebbcb8b115768ef097f.jpg?width=720&height=720&hash=7B5DF2D8CF8DCE242C3956D362D50FE2,,,,,,,,,,
"Telefon mobil Motorola g15, Dual SIM, 512GB, 8GB RAM, Iguana Green","799,99 Lei",799.99 Lei,4.4(25),https://www.emag.ro/telefon-mobil-motorola-g15-dual-sim-512gb-8gb-ram-iguana-green-pb6e0037ro/pd/DSZ3VH3BM/,https://s13emagst.akamaized.net/products/90135/90134047/images/res_7e9f601228feecf118871af5d7403e8d.jpg?width=720&height=720&hash=07DF1A32B5801DF510E3E33BC3C31CB1,,,,,,,,,,
"Huawei Mate20 Lite, 6+128 GB, Android 8.0, 6.3 inci, Albastru","522,30 Lei",522.30 Lei,3(2),https://www.emag.ro/huawei-mate20-lite-6-128-gb-android-8-0-6-3-inci-albastru-9327018861227/pd/DWDS0KYBM/,https://s13emagst.akamaized.net/products/62412/62411916/images/res_7a221fa04f0ebbb31a776d62d77c7add.jpg?width=720&height=720&hash=12F35462A67B6D567C4BEF4D5AF3633E,,,,,,,,,,
"Telefon mobil Motorola Moto g84, Dual SIM, 256GB, 8GB RAM, 5G, Marshmallow Blue","929,99 Lei",929.99 Lei,4.62(244),https://www.emag.ro/telefon-mobil-motorola-moto-g84-dual-sim-256gb-8gb-ram-5g-marshmallow-blue-paym0039pl/pd/DTT2MZYBM/,https://s13emagst.akamaized.net/products/60454/60453344/images/res_d1846326f3fd3b451aabebe6954897ef.jpg?width=720&height=720&hash=67E9C1379C1EBF88DFCD03F1949B2D24,,,,,,,,,,
"Telefon mobil Google Pixel 9, 128GB, 12GB RAM, 5G, Porcelain","3.139,20 Lei",3139.20 Lei,4.64(56),https://www.emag.ro/telefon-mobil-google-pixel-9-128gb-12gb-ram-5g-porcelain-ga05839-gb/pd/D1LKQVYBM/,https://s13emagst.akamaized.net/products/74606/74605026/images/res_eb0bbe3b3f1f72b06dc3c653bcb868e6.jpg?width=720&height=720&hash=B9B799DDE6A7555CDE200FF2FF91AB09,,,,,,,,,,
"Telefon mobil Motorola g05, Dual SIM, 128GB, 4GB RAM, Denim Blue","458,23 Lei",458.23 Lei,4.66(73),https://www.emag.ro/telefon-mobil-motorola-g05-dual-sim-128gb-4gb-ram-denim-blue-pb6l0054pl/pd/DPZ3VH3BM/,https://s13emagst.akamaized.net/products/96586/96585999/images/res_390fd24a03cb7df3f39e50c57fa697f3.jpg?width=720&height=720&hash=47F8CF3B91C7C62D1125669DB2ED422E,,,,,,,,,,
"Telefon mobil Apple iPhone 15 Plus, 128GB, 5G, Yellow","4.519,99 Lei",4519.99 Lei,4.82(153),https://www.emag.ro/telefon-mobil-apple-iphone-15-plus-128gb-5g-yellow-mu123rx-a/pd/DKCH93YBM/,https://s13emagst.akamaized.net/products/60458/60457138/images/res_fbbafe4e23f9ffec7d873617211c5892.jpg?width=720&height=720&hash=0751C4ABA0F508469B18AB8C50004A9A,,,,,,,,,,
"Telefon mobil Nokia 105 (2024), Dual SIM, Blue","159,99 Lei",159.99 Lei,4.24(68),https://www.emag.ro/telefon-mobil-nokia-105-2024-dual-sim-blue-sp01z07z2166y/pd/D2K4J6YBM/,https://s13emagst.akamaized.net/products/82689/82688536/images/res_d00cec3478f2d6e1812911e7fc2ac4cb.jpg?width=720&height=720&hash=C656F047C3F0DB5A3A745B6B5486177A,2 inch,,,,1000 mAh,Da,Li-Ion,4 MB,4 MB,
"Telefon mobil Samsung Galaxy Z Fold6, 12GB RAM, 512GB, 5G, Pink","6.711,99 Lei",6711.99 Lei,4.52(31),https://www.emag.ro/telefon-mobil-samsung-galaxy-z-fold6-12gb-ram-512gb-5g-pink-sm-f956bliceue/pd/DTKC8SYBM/,https://s13emagst.akamaized.net/products/73523/73522674/images/res_0e168106781ae16348f84c370a5ceebc.jpg?width=720&height=720&hash=9D5BAC0090162BFBAA4E151E8D240B60,"7.6 inch
6.3 inch","QXGA+
120Hz
2600nits","2160 x 1856
2376 x 968",Dynamic AMOLED,4400 mAh,,,12 GB,512 GB,
"Telefon mobil Infinix NOTE 40 PRO, 12GB RAM, 256GB, 4G, Obsidian Black","1.369,99 Lei",1369.99 Lei,,https://www.emag.ro/telefon-mobil-infinix-note-40-pro-12gb-ram-256gb-4g-obsidian-black-10057521/pd/DHWR0CYBM/,https://s13emagst.akamaized.net/products/76052/76051598/images/res_2f2bf33f49044ce264f3e8793645c8c1.jpg?width=720&height=720&hash=F88FA9A116BC6BEA3BD83E99E160780E,6.78 inch,,1080 x 2436,AMOLED,5000 mAh,,,12 GB,256 GB,
"Smartphone TCL 505, Dual SIM, 4GB, 128GB, Space gray","405,35 Lei",405.35 Lei,,https://www.emag.ro/smartphone-tcl-505-dual-sim-4gb-128gb-space-gray-t509k1-2alca112/pd/D1QY3JYBM/,https://s13emagst.akamaized.net/products/72127/72126700/images/res_64103d8aa8df8dc92d33a4d368704ec9.jpg?width=720&height=720&hash=CD4FB4D45686B94579D6F9A9DB17C146,,,,,,,,4 GB,128 GB,
"Telefon mobil Apple iPhone SE 3, 128GB, 5G, Midnight","3.039,99 Lei",3039.99 Lei,4.13(76),https://www.emag.ro/telefon-mobil-apple-iphone-se-3-128gb-5g-midnight-mmxj3rm-a/pd/D7PRWJMBM/,https://s13emagst.akamaized.net/products/44324/44323616/images/res_785693cc5aece7b5c5a31914aee8965e.png?width=720&height=720&hash=D497A10A59FB6611464F04B145EE1390,4.7 inch,"326 PPI
True tone
625 niti luminozitate maxima",1334 x 750,"LCD
IPS",,Nu,Li-Ion,4 GB,128 GB,
"Telefon mobil Google Pixel 7a, Dual SIM, 128GB, 8GB RAM, 5G, Snow","1.142,40 Lei",1142.40 Lei,4.23(44),https://www.emag.ro/telefon-mobil-google-pixel-7a-dual-sim-128gb-8gb-ram-5g-snow-gl-ggpx7asw/pd/DT62NWMBM/,https://s13emagst.akamaized.net/products/56608/56607588/images/res_96d82ef3e308989c4e6ba9cf18392a67.jpg?width=720&height=720&hash=9039894A0515E515D81F053FF64E4C75,6.1 inch,"HDR
90 Hz",2400 x 1080,OLED,4385 mAh,,Li-Po,8 GB,128 GB,
"Telefon mobil Xiaomi Redmi 15, 8GB RAM, 256GB, Midnight Black","789,19 Lei",789.19 Lei,3(2),https://www.emag.ro/telefon-mobil-xiaomi-redmi-15-8gb-ram-256gb-midnight-black-mzb0kpleu/pd/DM58VJ3BM/,https://s13emagst.akamaized.net/products/101228/101227724/images/res_f138626185a6db20606433ab73b4b228.jpg?width=720&height=720&hash=016EC0820E3B7CBC16133BE34E6FF99F,6.9 inch,144 Hz,1080 x 2340,"LCD
IPS",7000 mAh,Nu,,8 GB,256 GB,MicroSDXC
"Smartphone XS16, Rainbuvvy, 3 Inch, Android 10, 16GB, Mov","406,56 Lei",406.56 Lei,5(2),https://www.emag.ro/smartphone-xs16-rainbuvvy-3-inch-android-10-16gb-mov-xs16-2gb16gb-purple/pd/D9WS0KYBM/,https://s13emagst.akamaized.net/products/64962/64961661/images/res_9f281a8fe48d9f82710335f18e2eaaa6.jpg?width=720&height=720&hash=ADF7F8A11C420C158B28B63EAE3BE614,3 inch,,,IPS,,Da,,2 GB,16 GB,
"Telefon mobil Poco F7 Ultra, 16GB RAM, 512GB, 5G, Yellow","3.884,10 Lei",3884.10 Lei,5(5),https://www.emag.ro/telefon-mobil-poco-f7-ultra-16gb-ram-512gb-5g-yellow-pc-f7ultblk512/pd/D5VQ4K3BM/,https://s13emagst.akamaized.net/products/93866/93865294/images/res_4199e43bd66c15a6edab1b75a019ec59.jpg?width=720&height=720&hash=54FCF52B1208F332F2880E57C23E6122,6.67 inch,"Dolby Vision
HDR10+
120 Hz
68B colors
1800 nits (HBM)
3200 nits (peak)",1440 x 3200,AMOLED,5300 mAh,Nu,,16 GB,512 GB,
"Telefon mobil Oppo Find X8, 16GB RAM, 512GB, 5G, Star Grey","4.350,01 Lei",4350.01 Lei,,https://www.emag.ro/telefon-mobil-oppo-find-x8-16gb-ram-512gb-5g-star-grey-op-ofndx8stgr/pd/D33S643BM/,https://s13emagst.akamaized.net/products/104256/104255142/images/res_46e13ebfb4af3ffaf6ec7a8f466efa1d.jpg?width=720&height=720&hash=75A42840FDCAC730D85F50346497CA72,6.59 inch,"Dolby Vision
HDR10+
120 Hz
1B colors
1600 nits (HBM)
800 nits (typ)
4500 nits (peak)",1256 x 2760,AMOLED,5630 mAh,Nu,,16 GB,512 GB,
"Smartphone Xiaomi Redmi Note 7 PRO, 6GB, 128GB, camera 48MP, negru","543,81 Lei",543.81 Lei,,https://www.emag.ro/smartphone-xiaomi-redmi-note-7-pro-6gb-128gb-camera-48mp-negru-redminote7pro-6-128gb-black/pd/DDC0DK3BM/,https://s13emagst.akamaized.net/products/93465/93464603/images/res_601f56f9e41cb8d8ede143c075473e56.png?width=720&height=720&hash=FF10E554881819B4BAC05EBDCCBAB572,6.3 inch,90 Hz,1366 x 768,"LCD
IPS",4000 mAh,,,6 GB,128 GB,
"Telefon mobil Motorola Edge 50 Neo, Dual SIM, 512GB, 12GB RAM, 5G, Pantone Poinciana","1.452,00 Lei",1452.00 Lei,4.44(163),https://www.emag.ro/telefon-mobil-motorola-edge-50-neo-dual-sim-512gb-12gb-ram-5g-pantone-poinciana-pb310010pl/pd/DQ9QHCYBM/,https://s13emagst.akamaized.net/products/76080/76079941/images/res_bd02216a6fec9a222efdcf81783cf7c5.jpg?width=720&height=720&hash=1395A340EF0AC2E5CB458488D5CE035D,6.4 inch,446 PPI,2670 x 1220,P-OLED,4310 mAh,Nu,Li-Po,12 GB,512 GB,
"Telefon Mobil CUBOT X30P,16GB+256GB ROM+TF 1TB Expand,48MP Camera, Dual SIM,6.4"" FHD+,4200mAh,4G/NFC/GPS/OTG/Fingerprint, Android 13, Negru","749,99 Lei",749.99 Lei,5(10),https://www.emag.ro/telefon-mobil-cubot-x30p-16gb-256gb-rom-tf-1tb-expand-48mp-camera-dual-sim-6-4-fhd-4200mah-4g-nfc-gps-otg-fingerprint-android-13-negru-cubotx30p-black/pd/DW8355YBM/,https://s13emagst.akamaized.net/products/82049/82048195/images/res_241fefa4a083a3b4bd2cf0e878d2a67c.png?width=720&height=720&hash=9EADC2B51AFE33939C5E1BB98F7EA70E,6.4 inch,"Capacitive touchscreen
FHD+",1080 x 2408,IPS,4200 mAh,Da,Li-Ion,16 GB,256 GB,MicroSD
"Telefon mobil Motorola Edge 60, 12GB RAM, 512GB, 5G, Pantone Shamrock","1.689,99 Lei",1689.99 Lei,,https://www.emag.ro/telefon-mobil-motorola-edge-60-12gb-ram-512gb-5g-pantone-shamrock-mt-edg60ptsr512/pd/DKHW5X3BM/,https://s13emagst.akamaized.net/products/96305/96304402/images/res_8e1018a2c2e07a12e295256d3ddb5aab.jpg?width=720&height=720&hash=510FD3C6ED72C5D16163BEE709288ACC,6.67 inch,"HDR10+
120 Hz
1B colors
4500 nits (peak)",1220 x 2712,P-OLED,5200 mAh,Nu,,12 GB,512 GB,MicroSDXC
"Telefon mobil Xiaomi Redmi A5, 3GB RAM, 64GB, Gold + Xiaomi High-capacity pen","508,39 Lei",508.39 Lei,4.59(46),https://www.emag.ro/telefon-mobil-xiaomi-redmi-a5-3gb-ram-64gb-gold-xiaomi-high-capacity-pen-bndl15gold/pd/DC0HYN3BM/,https://s13emagst.akamaized.net/products/94270/94269625/images/res_bb3f33146f90b577c89148eb771c1593.jpg?width=720&height=720&hash=90AC7519FFC152A811F7F1CC4488B9B3,6.88 inch,"260 PPI
450 nits
Rata de refresh 120 Hz",1640 x 720,LCD,5200 mAh,Nu,,3 GB,64 GB,MicroSD
"Telefon mobil Apple iPhone 16 Plus, 512GB, 5G, Teal","6.402,39 Lei",6402.39 Lei,4.83(64),https://www.emag.ro/telefon-mobil-apple-iphone-16-plus-512gb-5g-teal-my2j3zd-a/pd/DK367LYBM/,https://s13emagst.akamaized.net/products/76828/76827238/images/res_c7626b9e3cd920789e75ea3730db2653.jpg?width=720&height=720&hash=D7D4D52E9FF8FBD6D043385B504D5708,6.7 inch,"True tone
Haptic touch
HDR display
Wide color (P3)
Dynamic Island
1000 nit luminozitate maxima (tipic); 1600 nit luminozitate maxima (HDR); 2000 nit luminozitate maxima (in aer liber)
Fingerprint-resistant",2796 x 1290,OLED,,Nu,Li-Ion,8 GB,512 GB,
"Telefon mobil Realme 14 Pro+, 8GB RAM, 256GB, 5G, Pearl White","1.510,80 Lei",1510.80 Lei,5(1),https://www.emag.ro/telefon-mobil-realme-14-pro-8gb-ram-256gb-5g-pearl-white-rm-r14propspw256/pd/D74PH33BM/,https://s13emagst.akamaized.net/products/87455/87454190/images/res_75d2006dcf2f989a58371fd5931a7544.jpg?width=720&height=720&hash=2B6BD8AA1B503399F95172ACA02D882A,6.83 inch,"120 Hz
1B colors
1200 nits (HBM)
1500 nits (peak)",1272 x 2800,OLED,6000 mAh,,,8 GB,256 GB,
"Telefon mobil Samsung Galaxy Z Flip6, 12GB RAM, 512GB, 5G, Blue","4.044,99 Lei",4044.99 Lei,4.07(58),https://www.emag.ro/telefon-mobil-samsung-galaxy-z-flip6-12gb-ram-512gb-5g-blue-sm-f741blbheue/pd/DYXGVSYBM/,https://s13emagst.akamaized.net/products/73523/73522667/images/res_6543df054629b29753cb8bd93c6c1a81.jpg?width=720&height=720&hash=3315FEDABDC9953ACEB3845499A90DB5,6.7 inch,"FHD+
60 Hz
120Hz
1600nits","2640 x 1080
748 x 720","Super AMOLED
Dynamic AMOLED",4000 mAh,,,12 GB,512 GB,
"Telefon mobil Apple iPhone 15 Plus, 512GB, 5G, Pink","5.992,63 Lei",5992.63 Lei,4.82(153),https://www.emag.ro/telefon-mobil-apple-iphone-15-plus-512gb-5g-pink-mu1j3rx-a/pd/DSCH93YBM/,https://s13emagst.akamaized.net/products/60458/60457137/images/res_2012fec91830bebbf7ed3b6a217c0ef2.jpg?width=720&height=720&hash=3D4FAE6FD3ADB1E0B80C34D23554CFB1,6.7 inch,"True tone
Haptic touch
2,000,000:1 contrast ratio
HDR display
Wide color (P3)
Dynamic Island",2796 x 1290,Super Retina XDR,,Nu,Li-Ion,6 GB,512 GB,
"Telefon mobil Google Pixel 9 Pro XL, 1TB, 16GB RAM, 5G, Obsidian","6.089,99 Lei",6089.99 Lei,4.4(89),https://www.emag.ro/telefon-mobil-google-pixel-9-pro-xl-1tb-16gb-ram-5g-obsidian-ga09479-gb/pd/D0ZKQVYBM/,https://s13emagst.akamaized.net/products/74606/74605045/images/res_25124c1f875fe3cdf3eedf8ba0dfc104.jpg?width=720&height=720&hash=B19B0D74E915947FB17A5F20B3334464,6.75 inch,"Refresh rate 120Hz
3000 nits (varf)
HDR 10+
486 PPI",1344 x 2992,P-OLED,5060 mAh,Nu,Li-Ion,16 GB,1 TB,
"Telefon mobil OPPO A5, 4GB RAM, 128GB, Dark Purple","533,99 Lei",533.99 Lei,5(1),https://www.emag.ro/telefon-mobil-oppo-a5-4gb-ram-128gb-dark-purple-op-a5drkprp4g/pd/DDNDJV3BM/,https://s13emagst.akamaized.net/products/102994/102993538/images/res_b644dd71ac45832aa257cc61682f4d88.jpg?width=720&height=720&hash=C76BBEFE55DC74F992868D93603B915A,6.67 inch,"90 Hz
1000 nits (HBM)",720 x 1604,"LCD
IPS",6000 mAh,Nu,,4 GB,128 GB,MicroSDXC
"Telefon mobil Motorola moto g15, Dual SIM, 256GB, 8GB RAM, 5200 mAh, Sunrise Orange","599,99 Lei",599.99 Lei,4.4(25),https://www.emag.ro/telefon-mobil-motorola-moto-g15-dual-sim-256gb-8gb-ram-5200-mah-sunrise-orange-pb6e0031ro/pd/DZ8JV23BM/,https://s13emagst.akamaized.net/products/90135/90134046/images/res_08e48df9396c1932e327bf0b87561194.jpg?width=720&height=720&hash=0C514DC54B75D996A96483237BA0ACE6,6.72 inch,"391 PPI
FHD+
60 Hz",2400 x 1080,LCD,5200 mAh,Nu,,8 GB,256 GB,
"Telefon mobil Xiaomi 15, 12GB RAM, 256GB, 5G, White + Xiaomi 10W Wireless Power Bank 10000mah","5.084,02 Lei",5084.02 Lei,4.59(34),https://www.emag.ro/telefon-mobil-xiaomi-15-12gb-ram-256gb-5g-white-xiaomi-10w-wireless-power-bank-10000mah-bndl15wh10/pd/DJKB0M3BM/,https://s13emagst.akamaized.net/products/87110/87109145/images/res_682b9374893383d3847daa83fe073398.jpg?width=720&height=720&hash=E92830B94E6CDE169139BB09D6F75925,6.36 inch,"460 PPI
Rata de reimprospatare de 120 Hz",2670 x 1200,AMOLED,5240 mAh,,,12 GB,256 GB,
"Telefon mobil OPPO Reno14 Pro, 5G, Mediatek Dimensity 8450, Dual Sim, 12GB/512GB, White","3.450,00 Lei",3450.00 Lei,,https://www.emag.ro/telefon-mobil-oppo-reno14-pro-5g-mediatek-dimensity-8450-dual-sim-12gb-512gb-white-6932169375047/pd/DFTV983BM/,https://s13emagst.akamaized.net/products/112181/112180645/images/res_e3edf1c445c162324f5f1cee3d105a3c.jpg?width=720&height=720&hash=26362BA9CAA3D92719F2E9282ED3882A,6.7 inch,,,,,,,12 GB,512 GB,
"Telefon mobil HONOR X7d, Dual SIM, 8GB RAM, 256GB ROM, Meteor Silver - Casti Honor Choice Earbuds X7e Active incluse","999,99 Lei",999.99 Lei,4.75(4),https://www.emag.ro/telefon-mobil-honor-x7d-dual-sim-8gb-ram-256gb-rom-meteor-silver-casti-honor-choice-earbuds-x7e-active-incluse-5109bybd-5504adcy/pd/DR6LXS3BM/,https://s13emagst.akamaized.net/products/101996/101995637/images/res_88ade86ec34ee9f5b5cc7bc5d573823d.jpg?width=720&height=720&hash=B6E4D49EE073AB1C113EB42DF2DD931A,6.77 inch,"120 Hz
700 nits",1610 x 720,LCD,6500 mAh,Nu,,8 GB,256 GB,
"Telefon mobil Samsung Galaxy A05, 64GB, 4GB RAM, 4G, Silver","464,64 Lei",464.64 Lei,4.49(104),https://www.emag.ro/telefon-mobil-samsung-galaxy-a05-64gb-4gb-ram-4g-silver-sm-a055fzsd/pd/D607NKYBM/,https://s13emagst.akamaized.net/products/62395/62394600/images/res_aa43ef7f56cdb58a3f2f0a5d1bd56b6e.jpg?width=720&height=720&hash=DAD6949690B8D3BF6C3F76D7B8D492D5,6.7 inch,,720 x 1600,PLS,5000 mAh,Nu,Li-Po,4 GB,64 GB,MicroSDXC
"Telefon mobil Xiaomi Redmi A3, 3GB RAM, 64GB, 4G, Black","389,99 Lei",389.99 Lei,4.29(109),https://www.emag.ro/telefon-mobil-xiaomi-redmi-a3-3gb-ram-64gb-4g-black-mzb0gl8eu/pd/DHX3CHYBM/,https://s13emagst.akamaized.net/products/68017/68016150/images/res_0b87c899d9d90ba4d697dd7fe6e41f6a.jpg?width=720&height=720&hash=AC041291D93AB6C7691B27E3FE4613B5,6.71 inch,"500 nits
Rata de Refresh 90Hz",1650 x 720,,5000 mAh,,,3 GB,64 GB,
"Telefon mobil Motorola Moto g85, Dual SIM, 8GB RAM, 256GB, 5G, Olivine","998,99 Lei",998.99 Lei,4.51(43),https://www.emag.ro/telefon-mobil-motorola-moto-g85-dual-sim-8gb-ram-256gb-5g-olivine-pb2a0036ro/pd/DNB9FSYBM/,https://s13emagst.akamaized.net/products/73419/73418487/images/res_b98a097388d5ea6d7fe848f84d2743e3.jpg?width=720&height=720&hash=70053531DF5DEFB7466D6C0F03C5D7F5,6.67 inch,"395 PPI
120 Hz",1080 x 2400,OLED,5000 mAh,,Li-Po,8 GB,256 GB,
"Telefon mobil HONOR Magic7 Lite, Dual SIM, 8GB RAM, 256GB, Titanium Purple","1.407,00 Lei",1407.00 Lei,4.33(67),https://www.emag.ro/telefon-mobil-honor-magic7-lite-dual-sim-8gb-ram-256gb-titanium-purple-5109bmgb/pd/DZB5HB3BM/,https://s13emagst.akamaized.net/products/82450/82449658/images/res_9db88b5b47a4215c3af3363c5f12f43d.jpg?width=720&height=720&hash=4A3E09827DAEB6D14FA987FB3EC80980,6.78 inch,"437 PPI
Rata de refresh 120 Hz",2700 x 1224,AMOLED,6600 mAh,Nu,,8 GB,256 GB,
"Telefon mobil OPPO A5 Pro, Dual SIM, 8GB RAM, 256GB, 5G, Verde","1.000,00 Lei",1000.00 Lei,4.5(2),https://www.emag.ro/telefon-mobil-oppo-a5-pro-dual-sim-8gb-ram-256gb-5g-verde-op-a5pro256ve/pd/DYBDJZ3BM/,https://s13emagst.akamaized.net/products/106688/106687339/images/res_207b314ae431a74742f4f7b659530697.jpg?width=720&height=720&hash=F2412C80E106D21916BBAD7AE53C25F5,6.67 inch,"120 Hz
1000 nits (HBM)
1160Hz PWM",720 x 1604,"LCD
IPS",5800 mAh,Nu,,8 GB,256 GB,MicroSDXC
"Telefon mobil Motorola Moto g56, 8GB RAM, 256GB, 5G, Black Oyster","860,01 Lei",860.01 Lei,,https://www.emag.ro/telefon-mobil-motorola-moto-g56-8gb-ram-256gb-5g-black-oyster-mt-motg56bkoy256/pd/D3JVFX3BM/,https://s13emagst.akamaized.net/products/98358/98357888/images/res_2f5ac81d25bee7d17c9d2ee30508d460.jpg?width=720&height=720&hash=1D869696A4BF17DEAA782759F4FA7531,6.72 inch,120 Hz,1080 x 2400,"LCD
IPS",5200 mAh,Nu,,8 GB,256 GB,MicroSDXC
"Telefon mobil FOSSIBOT S3 Pro, 4G, Dual SIM, Octa-Core G85, Dual Display 6.67-inch AMOLED + 1.09-inch Spate, 20GB RAM (6GB + 14GB ext), 128GB, Face Unlock, NFC, 5000mAh, Android 14, Black","845,48 Lei",845.48 Lei,,https://www.emag.ro/telefon-mobil-fossibot-s3-pro-4g-dual-sim-octa-core-g85-dual-display-6-67-inch-amoled-1-09-inch-spate-20gb-ram-6gb-14gb-ext-128gb-face-unlock-nfc-5000mah-android-14-black-foss-s3pro-bk/pd/DV3NPJ3BM/,https://s13emagst.akamaized.net/products/101031/101030041/images/res_82c169d5e42d251eb7b01c9d9dff35a2.png?width=720&height=720&hash=352396416F6DE1A7CDD0A1527AB2E8EC,"6.67 inch
1 inch","20:9
394 PPI
Touch screen
800 nits
1.07B culori",1080 x 2400,AMOLED,5000 mAh,Da,Li-Po,20 GB,128 GB,MicroSD
"Telefon mobil Realme Note 70T, 4GB RAM, 256GB, Gold","468,86 Lei",468.86 Lei,,https://www.emag.ro/telefon-mobil-realme-note-70t-4gb-ram-256gb-gold-rm-nt70tgld256/pd/D2SF0J3BM/,https://s13emagst.akamaized.net/products/100977/100976640/images/res_476660c2d6c0d2945472b4a49f2b6ee9.jpg?width=720&height=720&hash=68A762A65C377277D9E059218EA82AF1,6.74 inch,90 Hz,720 x 1600,"LCD
IPS",6000 mAh,Nu,,4 GB,256 GB,MicroSDXC
"Telefon mobil Google Pixel 10 Pro, 512GB, 16GB RAM, 5G, Porcelain","6.899,99 Lei",6899.99 Lei,4.11(27),https://www.emag.ro/telefon-mobil-google-pixel-10-pro-512gb-16gb-ram-5g-porcelain-ga10317-gb/pd/DMNG0J3BM/,https://s13emagst.akamaized.net/products/100990/100989843/images/res_e90c3b615d98b9bc980196d7c6449199.jpg?width=720&height=720&hash=CB333F7ED69330C4CDEDDAE613B5BDE7,6.3 inch,"20:9 ratio
495 PPI
Smooth Display (1 – 120 Hz)
3300 niti",1280 x 2856,OLED,4870 mAh,Nu,,16 GB,512 GB,
"Telefon mobil Blasko, ecran dublu, butoane mari, lanterna, camera, albastru","139,00 Lei",139.00 Lei,5(1),https://www.emag.ro/telefon-mobil-blasko-ecran-dublu-butoane-mari-lanterna-camera-albastru-986/pd/DM1XHS3BM/,https://s13emagst.akamaized.net/products/101929/101928218/images/res_a744d777a0463f2a82b73ef1342a06be.png?width=720&height=720&hash=D5AB05544D948EEF082B3CB6D294A108,,,,,,Da,Li-Ion,32 MB,16 GB,
"Telefon mobil Poco F8 Pro, 12GB RAM, 256GB, 5G, Blue","5.589,69 Lei",5589.69 Lei,,https://www.emag.ro/telefon-mobil-poco-f8-pro-12gb-ram-256gb-5g-blue-pc-f8pro256be/pd/DCQJK83BM/,https://s13emagst.akamaized.net/products/112001/112000509/images/res_3391f4f904e742265d0d9d6e02f4ac3f.jpg?width=720&height=720&hash=2448C9F012B29E586A8E7EFCA3B11B52,6.59 inch,"Dolby Vision
HDR10+
120 Hz
68B colors
2000 nits (HBM)
3500 nits peak",1156 x 2510,AMOLED,6210 mAh,Nu,,12 GB,256 GB,
"Telefon mobil Apple iPhone 13, 512GB, 5G, Red","5.559,99 Lei",5559.99 Lei,4.82(1093),https://www.emag.ro/telefon-mobil-apple-iphone-13-512gb-5g-red-mlqf3rm-a/pd/DHFCMXMBM/,https://s13emagst.akamaized.net/products/40685/40684411/images/res_87712636cdfe742122fa92fa3d61d521.jpg?width=720&height=720&hash=199D0BB4B64D98414F4D8C5E2D38B48F,6.1 inch,460 PPI,2532 x 1170,OLED,,,,4 GB,512 GB,
"Telefon mobil iHunt Tank 4 Pro, 5G, Dual SIM, 6.73-inch 3K 120Hz AMOLED, Proiector Video Laser 720P 60Hz, Octa-Core, 32GB RAM, 512GB, Camera 50AF + 64 Night + 50MP Telephoto / 32MP Fata, Incarcare Turbo 120W, NFC, IP68/IP69, Android 14","4.249,99 Lei",4249.99 Lei,4(3),https://www.emag.ro/telefon-mobil-ihunt-tank-4-pro-5g-dual-sim-6-73-inch-3k-120hz-amoled-proiector-video-laser-720p-60hz-octa-core-32gb-ram-512gb-camera-50af-64-night-50mp-telephoto-32mp-fata-incarcare-turbo-120w-nfc-ip6/pd/DZS4F43BM/,https://s13emagst.akamaized.net/products/103901/103900025/images/res_89f9c1652de214a35663581311aa05c5.jpg?width=720&height=720&hash=9BA00473FEF1E7486AFC0D861B30924F,6.73 inch,"120 Hz
Capacitive multi-point touch",1440 x 3200,AMOLED,11600 mAh,Da,Li-Ion,32 GB,512 GB,MicroSD
"Telefon mobil Samsung Galaxy A35, Dual SIM, 6GB, 128GB, 5G, Awesome Iceblue","1.569,00 Lei",1569.00 Lei,4.67(244),https://www.emag.ro/telefon-mobil-samsung-galaxy-a35-dual-sim-6gb-128gb-5g-awesome-iceblue-sm-a356blbbeue/pd/DVY2YPYBM/,https://s13emagst.akamaized.net/products/68405/68404060/images/res_54d93b19d574d0d4ee6abd41a2f766e7.jpg?width=720&height=720&hash=C412E29B1C9A3D54CFC4F03FF7FC1FF0,6.6 inch,"16M adancime de culoare
Refresh rate 120Hz",1080 x 2340,Super AMOLED,5000 mAh,,,6 GB,128 GB,MicroSD
"Telefon mobil Samsung Galaxy S24, Dual SIM, 8GB RAM, 128GB, 5G, Onyx Black","3.099,90 Lei",3099.90 Lei,4.65(494),https://www.emag.ro/telefon-mobil-samsung-galaxy-s24-dual-sim-8gb-ram-128gb-5g-onyx-black-sm-s921bzkdeue/pd/D65L7KYBM/,https://s13emagst.akamaized.net/products/64817/64816439/images/res_fdecd9733172144ab6b418e28f699e1c.jpg?width=720&height=720&hash=91C5F7015A569F5237D415DE60CD1451,6.2 inch,"120 Hz
FHD+",2340 x 1080,Dynamic AMOLED,4000 mAh,,,8 GB,128 GB,
"Telefon mobil Xiaomi 15, 12GB RAM, 512GB, 5G, White + Xiaomi 10W Wireless Power Bank 10000mah","5.490,75 Lei",5490.75 Lei,4.59(34),https://www.emag.ro/telefon-mobil-xiaomi-15-12gb-ram-512gb-5g-white-xiaomi-10w-wireless-power-bank-10000mah-bndl15wh/pd/DXKB0M3BM/,https://s13emagst.akamaized.net/products/87110/87109145/images/res_682b9374893383d3847daa83fe073398.jpg?width=720&height=720&hash=E92830B94E6CDE169139BB09D6F75925,6.36 inch,"460 PPI
Rata de reimprospatare de 120 Hz",2670 x 1200,AMOLED,5240 mAh,,,12 GB,512 GB,
"Telefon mobil Xiaomi Redmi Note 14, 8GB RAM, 256GB ROM, Midnight Black + Xiaomi High-capacity pen","1.480,21 Lei",1480.21 Lei,5(2),https://www.emag.ro/telefon-mobil-xiaomi-redmi-note-14-8gb-ram-256gb-rom-midnight-black-xiaomi-high-capacity-pen-bndl14black8/pd/D2SD1J3BM/,https://s13emagst.akamaized.net/products/101356/101355277/images/res_c229739003ee6b3aab8983af9b518b04.jpg?width=720&height=720&hash=9049E202AE3D3CE2478AEF63223012D1,6.67 inch,"394 PPI
Rata de refresh 120 Hz
1800 nits (peak)
Sunlight display
Reading mode
Touch sampling rate: 240Hz",2400 x 1080,AMOLED,5500 mAh,Nu,,8 GB,256 GB,
"Telefon mobil OPPO Reno14, Dual SIM, 12GB RAM, 512GB, 5G, Opal White","2.999,99 Lei",2999.99 Lei,4.92(13),https://www.emag.ro/telefon-mobil-oppo-reno14-dual-sim-12gb-ram-512gb-5g-opal-white-cph2737ow/pd/D62VCJ3BM/,https://s13emagst.akamaized.net/products/101278/101277058/images/res_9c6f5fdbf9a808c3cb0e6578cef20865.jpg?width=720&height=720&hash=5C89E10407835AD17253DA4E06648A7A,6.59 inch,"120 Hz
460 PPI
1200 niti",1256 x 2760,AMOLED,6000 mAh,Nu,,12 GB,512 GB,
"Telefon mobil Nothing Phone (2a) Plus, 256GB, 12GB RAM, 5G, Grey","1.594,59 Lei",1594.59 Lei,4.5(8),https://www.emag.ro/telefon-mobil-nothing-phone-2a-plus-256gb-12gb-ram-5g-grey-a10400088/pd/D8CJZCYBM/,https://s13emagst.akamaized.net/products/76401/76400148/images/res_83840798d425116284433bfe1bacecac.jpg?width=720&height=720&hash=C26722DA9FEABD5433CEC1B40E457EF3,6.7 inch,"395 PPI
120 Hz
1.07 miliarde de culori",1084 x 2412,AMOLED,5000 mAh,,,12 GB,256 GB,
"Telefon mobil Google Pixel 9 Pro, 512GB, 16GB RAM, 5G, Obsidian","5.970,85 Lei",5970.85 Lei,4.52(81),https://www.emag.ro/telefon-mobil-google-pixel-9-pro-512gb-16gb-ram-5g-obsidian-ga05962-gb/pd/DKZKQVYBM/,https://s13emagst.akamaized.net/products/74606/74605034/images/res_9c09a4c78fb4811a7584a464be0a7f14.jpg?width=720&height=720&hash=D45AB19FF34EA5808842CEFD5E3C68D4,6.32 inch,"HDR10+
Refresh rate 120Hz
3000 nits (varf)
495 PPI",1280 x 2856,P-OLED,4700 mAh,Nu,Li-Ion,16 GB,512 GB,
"Telefon OnePlus 13, 12GB RAM, 256GB, 5G, Black Eclipse","4.345,94 Lei",4345.94 Lei,4.5(70),https://www.emag.ro/telefon-oneplus-13-12gb-ram-256gb-5g-black-eclipse-5011111074/pd/DNC6PB3BM/,https://s13emagst.akamaized.net/products/86272/86271521/images/res_40a42e3f6077a5cbb3cf3a5eb6e9b425.jpg?width=720&height=720&hash=7AB98E6F7D4B2128C02F4B9F020FF49F,6.82 inch,"Dolby Vision
HDR10+
120 Hz
1B colors
1600 nits (HBM)
800 nits (typ)
4500 nits (peak)",1440 x 3168,"AMOLED
LTPO",6000 mAh,,Li-Ion,12 GB,256 GB,
"Telefon mobil Samsung Galaxy A16, Dual SIM, 8GB RAM, 256GB, 5G, Light Green","1.149,50 Lei",1149.50 Lei,4.56(106),https://www.emag.ro/telefon-mobil-samsung-galaxy-a16-dual-sim-8gb-ram-256gb-5g-light-green-sm-a166blgieue/pd/DRJ1YZYBM/,https://s13emagst.akamaized.net/products/77658/77657967/images/res_d14f34191a44d6c074da755830f13b7e.jpg?width=720&height=720&hash=021FE17D8509C4159EAAFB2DEA3F4E50,6.7 inch,"FHD+
90 Hz",1080 x 2340,Super AMOLED,5000 mAh,,,8 GB,256 GB,MicroSD
Huawei Y5 II Negru,"29,49 Lei",29.49 Lei,,https://www.emag.ro/huawei-y5-ii-negru-y5-ii-1/pd/DHXV8KBBM/,https://s13emagst.akamaized.net/products/8241/8240028/images/res_5cf6f5c9f9a311431ea489078919de30.jpg?width=720&height=720&hash=19BA18DCF090155C6E06C488F7B449EA,,,,,,,,,,
"Telefon mobil ZTE nubia Focus 2 Ultra, Dual SIM, 8GB, 512GB, 5G, Verde","1.099,99 Lei",1099.99 Lei,3(1),https://www.emag.ro/telefon-mobil-zte-nubia-focus-2-ultra-dual-sim-8gb-512gb-5g-verde-123446901079/pd/DXBN1P3BM/,https://s13emagst.akamaized.net/products/97664/97663560/images/res_f408a39f433098bdc99fae3bd6c81043.jpg?width=720&height=720&hash=81FE0A76D5E27D7463441378EC44E576,,,,,,,,,,
"Telefon mobil mini cu ecran dublu, butoane mari, lanterna LED, camera foto, 2 x Nano SIM, player muzical, radio, albastru","203,28 Lei",203.28 Lei,5(2),https://www.emag.ro/telefon-mobil-mini-cu-ecran-dublu-butoane-mari-lanterna-led-camera-foto-2-x-nano-sim-player-muzical-radio-albastru-dxfzt8ybm/pd/DXFZT8YBM/,https://s13emagst.akamaized.net/products/83348/83347047/images/res_6a47800cd1f9b1e1866c6ca1be364afd.jpg?width=720&height=720&hash=4BE20F5374B6BF226E1A5E2D598CB438,,,,,,,,,,
"Telefon mobil Realme GT 7, 12GB RAM, 256GB, 5G, Blue","2.284,80 Lei",2284.80 Lei,4.6(15),https://www.emag.ro/telefon-mobil-realme-gt-7-12gb-ram-256gb-5g-blue-6941764466838/pd/DSTSS03BM/,https://s13emagst.akamaized.net/products/95646/95645681/images/res_5ac69840bd1ada5fe0121ae92f67dad9.jpg?width=720&height=720&hash=11A490C18F0DF539353B957494C5C323,,,,,,,,,,
"Telefon mobil OPPO Reno12 FS, Dual SIM, 512GB, 8GB RAM, 4G, Amber Orange","899,99 Lei",899.99 Lei,4(10),https://www.emag.ro/telefon-mobil-oppo-reno12-fs-dual-sim-512gb-8gb-ram-4g-amber-orange-reno12fs4gao/pd/D193HCYBM/,https://s13emagst.akamaized.net/products/76060/76059763/images/res_8ababd4ca6c76bf09cf3067b197671eb.jpg?width=720&height=720&hash=38AA68C47C3DC547D2B0CE87BED9343A,,,,,,,,,,
"Telefon mobil OPPO A40, Dual SIM, 4GB RAM, 128GB, 4G, Sparkle Black","508,39 Lei",508.39 Lei,2(1),https://www.emag.ro/telefon-mobil-oppo-a40-dual-sim-4gb-ram-128gb-4g-sparkle-black-cph2669sb/pd/DNKKGH3BM/,https://s13emagst.akamaized.net/products/77611/77610690/images/res_65e83c7d5e257388d2c9a8624be6faa1.jpg?width=720&height=720&hash=3A0FEB4423A5E7C891FFB7E694A3D6B4,,,,,,,,,,
"Telefon Mobil CUBOT X30P,16GB+256GB ROM+TF 1TB Expand,48MP Camera, Dual SIM,6.4"" FHD+,4200mAh,4G/NFC/GPS/OTG/Fingerprint, Android 13, Verde","749,99 Lei",749.99 Lei,5(10),https://www.emag.ro/telefon-mobil-cubot-x30p-16gb-256gb-rom-tf-1tb-expand-48mp-camera-dual-sim-6-4-fhd-4200mah-4g-nfc-gps-otg-fingerprint-android-13-verde-cubotx30p-green/pd/D88355YBM/,https://s13emagst.akamaized.net/products/82049/82048193/images/res_6ab6adffe5319d9f5647cc29af525e7a.png?width=720&height=720&hash=335EF21C54DD4DC11345FB8B315DE9E4,,,,,,,,,,
"Telefon mobil Motorola Moto g35, Dual SIM, 128GB, 4GB RAM, 5G, Midnight Black","549,99 Lei",549.99 Lei,4.54(13),https://www.emag.ro/telefon-mobil-motorola-moto-g35-dual-sim-128gb-4gb-ram-5g-midnight-black-pb3k0009pl/pd/DPXRRLYBM/,https://s13emagst.akamaized.net/products/77422/77421458/images/res_19534718ad6431551d06b781cd04973d.jpg?width=720&height=720&hash=72092617A5BEC82840DBAF1FB3826470,,,,,,,,,,
"Telefon mobil Honor 400 Smart, 5G, Dual SIM, 128GB, 4GB RAM, Black","780,00 Lei",780.00 Lei,,https://www.emag.ro/telefon-mobil-honor-400-smart-5g-dual-sim-128gb-4gb-ram-black-6936520875108/pd/D587JZ3BM/,https://s13emagst.akamaized.net/products/106688/106687270/images/res_fa760c857fb023f7f3ca65cc0314d018.jpg?width=720&height=720&hash=26038B89305CD6B78F8C37B743781CA5,,,,,,,,,,
"Telefon mobil Samsung Galaxy S24 FE, Dual SIM, 8GB RAM, 512GB, 5G, Gray","3.223,99 Lei",3223.99 Lei,4.76(135),https://www.emag.ro/telefon-mobil-samsung-galaxy-s24-fe-dual-sim-8gb-ram-512gb-5g-gray-213097/pd/DCLDRQYBM/,https://s13emagst.akamaized.net/products/80175/80174018/images/res_83c9dfea16ad2081caecd931e92c0320.jpg?width=720&height=720&hash=36D00A4862AD9A0788489878AA5F40FC,,,,,,,,,,
"Smartphone XS15, Rainbuvvy, Android 8.1, 3 Inch, 2GB RAM, 16GB, Mov","266,20 Lei",266.20 Lei,3(2),https://www.emag.ro/smartphone-xs15-rainbuvvy-android-8-1-3-inch-2gb-ram-16gb-mov-xs15-2gb16gb-purple/pd/DXQDMFYBM/,https://s13emagst.akamaized.net/products/71148/71147431/images/res_6389ea83970d9c5a91dc9a6878df8422.jpg?width=720&height=720&hash=516B703D8F3B6E6860AFDA22134A6DEC,,,,,,,,,,
"Telefon mobil Infinix NOTE 40,8GB RAM, 256GB, 4G, Titan Gold","999,99 Lei",999.99 Lei,4.69(49),https://www.emag.ro/telefon-mobil-infinix-note-40-8gb-ram-256gb-4g-titan-gold-10054551/pd/DQQR3XYBM/,https://s13emagst.akamaized.net/products/69379/69378241/images/res_094dddd63c4e214290193a3253c60475.jpg?width=720&height=720&hash=4533A4704AD4E9AD46FBB7296903BBFD,,,,,,,,,,
"Telefon mobil Evolveo StrongPhone Z6, DualSIM, 2.8 inch, Ro-Alert, 4000mAh, portocaliu","578,30 Lei",578.30 Lei,,https://www.emag.ro/telefon-mobil-evolveo-strongphone-z6-dualsim-2-8-inch-ro-alert-4000mah-portocaliu-sgmsgp-z6-or/pd/DZBY9RYBM/?ref=smart-history-ml_1_1&provider=rec&recid=rec_4_38b4cc4ba5b4c316449f6f99917e8162072a3850128d3bf58d00d5f0a120b12a_1767480781&scenario_ID=4,https://s13emagst.akamaized.net/products/80766/80765345/images/res_0a57431a2a42b808fae799ce20a0a7b9.jpg?width=300&height=300&hash=AB2A5A3D1E15FC4F2633D711779ED7ED,,,,,,,,,,
"Telefon mobil iHunt i4 2021, 1.8-inch Display, DualSIM, 2G, Radio FM, Bluetooth, RO-Alert Activ, Lanterna, Baterie 800mAh, Black","102,85 Lei",102.85 Lei,3.72(129),https://www.emag.ro/telefon-mobil-ihunt-i4-2021-1-8-inch-display-dualsim-2g-radio-fm-bluetooth-ro-alert-activ-lanterna-baterie-800mah-black-00001300/pd/DVCG6GBBM/?ref=smart-history-ml_1_2&provider=rec&recid=rec_4_38b4cc4ba5b4c316449f6f99917e8162072a3850128d3bf58d00d5f0a120b12a_1767480781&scenario_ID=4,https://s13emagst.akamaized.net/products/27595/27594735/images/res_9940b588d033df47b03d1cbfc4dea1e0.jpg?width=300&height=300&hash=08B0D6D10D372CFF3D574552BF1E1127,,,,,,,,,,
"Telefon Mobil AIEK, 2.4inch, Dual SIM, 2G, RO-ALERT, Negru","159,72 Lei",159.72 Lei,2(1),https://www.emag.ro/telefon-mobil-aiek-2-4inch-dual-sim-2g-ro-alert-negru-i79-black/pd/D08VH4YBM/?ref=smart-history-ml_1_3&provider=rec&recid=rec_4_38b4cc4ba5b4c316449f6f99917e8162072a3850128d3bf58d00d5f0a120b12a_1767480781&scenario_ID=4,https://s13emagst.akamaized.net/products/75152/75151078/images/res_53af2eb4a9c6afb081e8fafdc60bbe5b.jpg?width=300&height=300&hash=2C1FAC5C410BEEE72C4B3F7DEFA41F25,,,,,,,,,,
"Telefon Mobil AIEK i79, Dual SIM, 2G, RO-ALERT, 32MB, Rosu, 2.4inch","159,72 Lei",159.72 Lei,,https://www.emag.ro/telefon-mobil-aiek-i79-dual-sim-2g-ro-alert-32mb-rosu-2-4inch-i79-red/pd/DTGVH4YBM/?ref=smart-history-ml_1_4&provider=rec&recid=rec_4_38b4cc4ba5b4c316449f6f99917e8162072a3850128d3bf58d00d5f0a120b12a_1767480781&scenario_ID=4,https://s13emagst.akamaized.net/products/75152/75151106/images/res_391d1ac465dd79951625b345a38d47a3.jpg?width=300&height=300&hash=264FFA743FB21960DF997276D52E6217,,,,,,,,,,
"Telefon Mobil Yeemi M1, Dual SIM, 4G, RO-ALERT, Lanterna, Auriu, 3.0""","195,40 Lei",195.40 Lei,5(1),https://www.emag.ro/telefon-mobil-yeemi-m1-dual-sim-4g-ro-alert-lanterna-auriu-3-0-m1-gold/pd/D4ZTR4YBM/?ref=smart-history-ml_1_5&provider=rec&recid=rec_4_38b4cc4ba5b4c316449f6f99917e8162072a3850128d3bf58d00d5f0a120b12a_1767480781&scenario_ID=4,https://s13emagst.akamaized.net/products/75558/75557404/images/res_01a37dcf91915c47306c1f1aa99e2c62.jpg?width=300&height=300&hash=276692D4372DA5DF600C26B1C8087B13,,,,,,,,,,
"Telefon mobil Dual SIM, MyPhone, 2.4"", Ro-alert, 1000mAh, 32MB, Negru","119,95 Lei",119.95 Lei,4(2),https://www.emag.ro/telefon-mobil-dual-sim-myphone-2-4-ro-alert-1000mah-32mb-negru-mp6320-black/pd/DRQCL1MBM/?ref=smart-history-ml_1_6&provider=rec&recid=rec_4_38b4cc4ba5b4c316449f6f99917e8162072a3850128d3bf58d00d5f0a120b12a_1767480781&scenario_ID=4,https://s13emagst.akamaized.net/products/50516/50515734/images/res_3bb63f0c7ea897c879ae9596aaeeac2d.png?width=300&height=300&hash=61B11055080D8CE8367988FE65D72F5E,,,,,,,,,,
"Telefon mobil Nokia 105 (2019), Dual SIM, Pink","72,60 Lei",72.60 Lei,4.52(86),https://www.emag.ro/telefon-mobil-nokia-105-2019-dual-sim-pink-16kigp01a07/pd/D53MR6BBM/,https://s13emagst.akamaized.net/products/25681/25680922/images/res_fafe95c7fc92c0ba825845a2c06fed0d.jpg?width=720&height=720&hash=3FAD1A0D08F7AB61D20695937C03360D,1.77 inch,,120 x 160,TFT,800 mAh,Da,Li-Ion,4 MB,4 MB,
"Telefon mobil Google Pixel 7, 256GB, 8GB RAM, 5G, Snow","1.589,79 Lei",1589.79 Lei,4.32(79),https://www.emag.ro/telefon-mobil-google-pixel-7-256gb-8gb-ram-5g-snow-gooalb115507/pd/DYQ575MBM/,https://s13emagst.akamaized.net/products/49722/49721766/images/res_431ef488071bffdede121cec13fc906e.jpg?width=720&height=720&hash=92781040C651F614BA8A26AB061594FB,6.3 inch,"Always-on display
HDR10+
90 Hz",1080 x 2400,AMOLED,4360 mAh,Da,Li-Ion,8 GB,256 GB,
"Telefon mobil OPPO Reno14 Pro, 5G, Mediatek Dimensity 8450, Dual Sim, 12GB/512GB, Titanium Gray","3.450,00 Lei",3450.00 Lei,,https://www.emag.ro/telefon-mobil-oppo-reno14-pro-5g-mediatek-dimensity-8450-dual-sim-12gb-512gb-titanium-gray-1344-izi-3383/pd/DXTV983BM/,https://s13emagst.akamaized.net/products/112181/112180643/images/res_6cc293360058da29a72ee23c28a55b2c.jpg?width=720&height=720&hash=C2EE6FE87E80350DE88D4A7DD39CA5C2,,,,,,,,12 GB,512 GB,
"Telefon mobil OnePlus 12, Dual SIM, 16GB RAM, 512GB, 5G, Flowy Emerald","3.896,20 Lei",3896.20 Lei,4.62(102),https://www.emag.ro/telefon-mobil-oneplus-12-dual-sim-16gb-ram-512gb-5g-flowy-emerald-631003000336/pd/DWVT0NYBM/,https://s13emagst.akamaized.net/products/65876/65875216/images/res_bc899c20d5ded9d5464e050c7a81f4a7.jpg?width=720&height=720&hash=9289A584E9BFAAE7D9182764355F359D,6.82 inch,"Dolby Vision
1600 nits (HBM)
Refresh rate 120Hz
Corning® Gorilla® Glass Victus 2",3168 x 1440,AMOLED,5400 mAh,,Li-Po,16 GB,512 GB,
"Telefon mobil Xiaomi 14, 12GB RAM, 512GB, 5G, White","3.292,99 Lei",3292.99 Lei,4.56(77),https://www.emag.ro/telefon-mobil-xiaomi-14-12gb-ram-512gb-5g-white-mzb0g11eu/pd/DS37V0YBM/,https://s13emagst.akamaized.net/products/67035/67034665/images/res_9a5d6f1d2105c7cf661a092bd17e6684.jpg?width=720&height=720&hash=5FB2FABF1F231DAF75EA090CFED09B98,6.36 inch,Rata de reimprospatare de pana la 120 Hz,2670 x 1200,AMOLED,4610 mAh,,Li-Po,12 GB,512 GB,
"Telefon mobil OPPO A5 Pro, Dual SIM, 8GB RAM, 256GB, 4G, Feather Blue","999,99 Lei",999.99 Lei,4.38(8),https://www.emag.ro/telefon-mobil-oppo-a5-pro-dual-sim-8gb-ram-256gb-4g-feather-blue-cph2711fb/pd/DG852K3BM/,https://s13emagst.akamaized.net/products/93421/93420668/images/res_2e072671d232521949edeabf8270aeb4.jpg?width=720&height=720&hash=633865152619CD0799499FBB27620005,6.67 inch,"264 PPI
16.7 milioane culori
90 Hz",1604 x 720,LCD,5800 mAh,,,8 GB,256 GB,
"Telefon mobil Xiaomi Redmi 13, 8GB RAM, 256GB, Pink","972,84 Lei",972.84 Lei,4.45(179),https://www.emag.ro/telefon-mobil-xiaomi-redmi-13-8gb-ram-256gb-pink-mzb0h5leu/pd/DX19SJYBM/,https://s13emagst.akamaized.net/products/72556/72555265/images/res_537aa6f8dbeb5ed057502c9ac50935b2.jpg?width=720&height=720&hash=F4ED249477666503D0F3DFC7EB0FEDA7,6.79 inch,"FHD+
450 nits
Rata de Refresh 90Hz
DotDisplay",2460 x 1080,,5030 mAh,,,8 GB,256 GB,MicroSD
"Telefon mobil Google Pixel 9a, 128GB, 8GB RAM, 5G, Obsidian","2.199,99 Lei",2199.99 Lei,4.68(34),https://www.emag.ro/telefon-mobil-google-pixel-9a-128gb-8gb-ram-5g-obsidian-ga05769-gb/pd/DGG93Y3BM/,https://s13emagst.akamaized.net/products/87839/87838250/images/res_5ed6774bbe3e16ae7d553bf553734955.jpg?width=720&height=720&hash=507CAF2A93992E32E974D743ACE99D19,6.3 inch,"Always-on display
HDR10+
Protectie sticla Corning Gorilla Glass 3
Refresh rate 120Hz
1800 nits (HBM)
2700 nits (peak)",1080 x 2424,OLED,5100 mAh,Nu,Li-Po,8 GB,128 GB,
"Telefon mobil HONOR 200, 12GB RAM, 512GB, 5G, Emerald Green","1.821,60 Lei",1821.60 Lei,4.55(51),https://www.emag.ro/telefon-mobil-honor-200-12gb-ram-512gb-5g-emerald-green-hon2005g512-occyeu/pd/DLZKZSYBM/,https://s13emagst.akamaized.net/products/73622/73621952/images/res_d3b6a25cf448efe0bfde281816589d02.jpg?width=720&height=720&hash=8F48B96544C7B2C04A2EB90FEB1236EF,6.7 inch,"HDR
120 Hz
1B colors
4000 nits (peak)",1200 x 2664,OLED,5200 mAh,,,12 GB,512 GB,
"Telefon mobil Motorola g15, Dual SIM, 512GB, 8GB RAM, Sunrise Orange","799,99 Lei",799.99 Lei,4.4(25),https://www.emag.ro/telefon-mobil-motorola-g15-dual-sim-512gb-8gb-ram-sunrise-orange-pb6e0033ro/pd/DVZ3VH3BM/,https://s13emagst.akamaized.net/products/90135/90134046/images/res_08e48df9396c1932e327bf0b87561194.jpg?width=720&height=720&hash=0C514DC54B75D996A96483237BA0ACE6,6.72 inch,"391 PPI
FHD+
60 Hz",2400 x 1080,LCD,5200 mAh,Nu,,8 GB,512 GB,
"Telefon mobil HONOR 400 Lite, Dual SIM, 8GB RAM, 256GB, Velvet Black","1.115,02 Lei",1115.02 Lei,4.36(11),https://www.emag.ro/telefon-mobil-honor-400-lite-dual-sim-8gb-ram-256gb-velvet-black-5109bruv/pd/DB9DSD3BM/,https://s13emagst.akamaized.net/products/91942/91941226/images/res_1ba5e1ae84c7d1187d7e71e3e6c9efbc.jpg?width=720&height=720&hash=07ACCDA1F69031450412E689E15EB7C3,6.7 inch,"120 Hz
394 PPI
3500 nits peak",1080 x 2412,AMOLED,5230 mAh,Nu,,8 GB,256 GB,
SOYES M16 Pro 2GB RAM 16GB ROM 4 Inch Mini telefon mobil 2000mAh 3G Negru,"302,50 Lei",302.50 Lei,3(1),https://www.emag.ro/soyes-m16-pro-2gb-ram-16gb-rom-4-inch-mini-telefon-mobil-2000mah-3g-negru-m16pro-16-black/pd/DVBGZB3BM/,https://s13emagst.akamaized.net/products/86571/86570742/images/res_76cb2b7746b31a412d48ddb635cdf324.jpg?width=720&height=720&hash=4E3CDE6F5A2F3EB74CD7B9DEE63F7BB8,4 inch,Multi-touch,960 x 450,IPS,2000 mAh,Nu,Li-Po,2 GB,16 GB,MicroSD
"Telefon mobil Motorola g05, Dual SIM, 256GB, 4GB RAM, Denim Blue","499,99 Lei",499.99 Lei,4.66(73),https://www.emag.ro/telefon-mobil-motorola-g05-dual-sim-256gb-4gb-ram-denim-blue-pb6l0066ro/pd/D9Z3VH3BM/,https://s13emagst.akamaized.net/products/96586/96585999/images/res_9af824b81c0f4d8721264d71e35e5638.jpg?width=720&height=720&hash=6CA89DD075E0530E0E8D6895E43826D3,6.67 inch,263 ppi,1612 x 720,LCD,5200 mAh,Nu,,4 GB,256 GB,
"Telefon mobil OnePlus Nord 5, 8GB RAM, 256GB, 5G, Marble Sands","2.072,99 Lei",2072.99 Lei,5(11),https://www.emag.ro/telefon-mobil-oneplus-nord-5-8gb-ram-256gb-5g-marble-sands-op-nd5mrbsnd/pd/D49F0J3BM/,https://s13emagst.akamaized.net/products/100977/100976567/images/res_7710ef7367ea00da97ad1f0a0872f462.jpg?width=720&height=720&hash=82244FBEB9321D0686912E410E5FACD8,6.83 inch,"144 Hz
1B colors
1400 nits (HBM)
800 nits (typ)
1800 nits (peak)",1272 x 2800,AMOLED,5200 mAh,Nu,,8 GB,256 GB,
"Telefon mobil CMF Phone 2 Pro, 128 GB, 8GB RAM, 5G, White","1.450,00 Lei",1450.00 Lei,4.85(20),https://www.emag.ro/telefon-mobil-cmf-phone-2-pro-128-gb-8gb-ram-5g-white-a10400193/pd/D8FLGT3BM/,https://s13emagst.akamaized.net/products/93237/93236713/images/res_c39035f1ce5d06da147aa8f19130839c.jpg?width=720&height=720&hash=629F58701D8A1FC71758ADE9D9FF6C9A,6.77 inch,Aspect Ratio: 20:9,1080 x 2392,AMOLED,5000 mAh,Nu,,8 GB,128 GB,
"Telefon mobil FOSSiBOT F106 Pro, 6.58 inch FHD+, 48 MP + 20 MP Night Vision, 15 GB RAM + 256 GB ROM, baterie 12000 mAh, lampa 512 lm, set complet, IP68/4G Dual SIM/NFC, Rezistent la praf/Impermeabil/Rezistent la caderi, Pentru camping, calatorii, Negru","987,58 Lei",987.58 Lei,4(2),https://www.emag.ro/telefon-mobil-fossibot-f106-pro-6-58-inch-fhd-48-mp-20-mp-night-vision-15-gb-ram-256-gb-rom-baterie-12000-mah-lampa-512-lm-set-complet-ip68-4g-dual-sim-nfc-rezistent-la-praf-impermeabil-rezistent-la-c/pd/DZLSV5YBM/,https://s13emagst.akamaized.net/products/81824/81823096/images/res_004e69ebf7653eb19f9f3d58c3dfe7fe.jpg?width=720&height=720&hash=E8FEF05E0B0E998E8D0A0C54E8D9B654,6.58 inch,FHD+,1080 x 2408,,12000 mAh,Da,Li-Ion,256 MB,256 GB,
"Telefon mobil Honor X5c Plus, 4GB RAM, 128GB, Midnight Black","499,00 Lei",499.00 Lei,,https://www.emag.ro/telefon-mobil-honor-x5c-plus-4gb-ram-128gb-midnight-black-hn-x5cpsmdbk128/pd/DSSC9Q3BM/,https://s13emagst.akamaized.net/products/108489/108488795/images/res_0e54c0e58ba8ee1e198d0c2fdc6f1f80.png?width=720&height=720&hash=714EC1A792C05E96CA87B1DEA21A1DA6,6.74 inch,90 Hz,1600 x 720,"LCD
TFT",5260 mAh,Nu,Li-Po,4 GB,128 GB,MicroSDHC
"Telefon mobil OnePlus 15, Dual SIM, 12GB RAM, 256GB, 5G, Infinite Black","5.450,01 Lei",5450.01 Lei,,https://www.emag.ro/telefon-mobil-oneplus-15-dual-sim-12gb-ram-256gb-5g-infinite-black-64341142/pd/DVGHK83BM/,https://s13emagst.akamaized.net/products/111996/111995857/images/res_753e45f7146bcef35aace12ac482753b.jpg?width=720&height=720&hash=AA47FD2AC123C828781D983F069641EB,6.78 inch,,,,,,,12 GB,256 GB,
"Telefon Motorola Moto g75, 256GB, 8GB RAM, 5G, Charcoal Gray","949,85 Lei",949.85 Lei,4.6(10),https://www.emag.ro/telefon-motorola-moto-g75-256gb-8gb-ram-5g-charcoal-gray-pb3y0006pl/pd/D6T4J6YBM/,https://s13emagst.akamaized.net/products/82689/82688528/images/res_228beeb692219c58407d53aa9646f158.jpg?width=720&height=720&hash=A666E79AC0D09D0CD83E4DE89F043859,6.78 inch,"120 Hz
387 PPI",2388 x 1080,LCD,5000 mAh,,,8 GB,256 GB,MicroSD
"Telefon mobil Honor 70, Dual SIM, 8GB RAM, 128GB, 5G, Midnight Black","1.339,00 Lei",1339.00 Lei,4.4(82),https://www.emag.ro/telefon-mobil-honor-70-dual-sim-8gb-ram-128gb-5g-midnight-black-5109ajbb/pd/DZCM5CMBM/,https://s13emagst.akamaized.net/products/47876/47875740/images/res_79070a4288566fcda31b11decbb8acd5.jpg?width=720&height=720&hash=C72A01882F0EB7424BEA1BAA98B1B781,6.67 inch,"DCI-P3
Rata de reimprospatare de 120 Hz
1.07 miliarde de culori",2400 x 1080,OLED,4800 mAh,,Li-Po,8 GB,128 GB,
"Telefon Mobil ZTE nubia Z70 Ultra, 5G, Dual SIM, Procesor Snapdragon 8 Elite Octa-Core, Ecran AMOLED 6.85"", 16GB RAM, 512GB Flash, Camera Tripla, Wi-Fi, Android, Albastru-Starry Night","5.291,00 Lei",5291.00 Lei,,https://www.emag.ro/telefon-mobil-zte-nubia-z70-ultra-5g-dual-sim-procesor-snapdragon-8-elite-octa-core-ecran-amoled-6-85-16gb-ram-512gb-flash-camera-tripla-wi-fi-android-albastru-starry-night-nx733j-16-512-bl/pd/DJ0X393BM/,https://s13emagst.akamaized.net/products/98919/98918939/images/res_a4c2c7b5477d5f932804b13a2b5fa108.jpg?width=720&height=720&hash=BB51A3F67F0FBCA70A4E7158690BD756,6.85 inch,,1216 x 2688,IPS,,,,16 GB,512 GB,
"Telefon mobil Samsung Galaxy XCover 7, Dual SIM, 6GB RAM, 128GB, 5G, Black","1.229,00 Lei",1229.00 Lei,4(5),https://www.emag.ro/telefon-mobil-samsung-galaxy-xcover-7-dual-sim-6gb-ram-128gb-5g-black-sm-g556bzkdeue/pd/DHJRB9YBM/,https://s13emagst.akamaized.net/products/70213/70212128/images/res_ff37e581ee9af4254164cf0cbd6f9524.jpg?width=720&height=720&hash=4B1D9CF24E18F4F7DCACDF0358672F0D,6.6 inch,16 milioane de culori,1080 x 2408,"LCD
PLS",4050 mAh,,,6 GB,128 GB,MicroSD
"Telefon mobil ZTE nubia FLIP, Dual SIM, 8GB RAM, 256GB, 5G, Gold","2.072,99 Lei",2072.99 Lei,4.42(12),https://www.emag.ro/telefon-mobil-zte-nubia-flip-dual-sim-8gb-ram-256gb-5g-gold-nx724j-gold/pd/DZR7M03BM/,https://s13emagst.akamaized.net/products/95159/95158056/images/res_2e3cd83b929affe03a85fa4657172c67.jpg?width=720&height=720&hash=2AA7D05299638FFEF05F2090AF328387,6.9 inch,"FHD+
Pliabil",2790 x 1188,OLED,4310 mAh,,,8 GB,256 GB,
"Telefon mobil Allview V10 Viper Lite, Dual SIM, 2GB RAM, 32GB, 4G, Purple","296,45 Lei",296.45 Lei,3(1),https://www.emag.ro/telefon-mobil-allview-v10-viper-lite-dual-sim-2gb-ram-32gb-4g-purple-v10viper-litepurple/pd/DZLW9CYBM/,https://s13emagst.akamaized.net/products/76176/76175299/images/res_51fc325220185bc817e3ac8c83d9c261.jpg?width=720&height=720&hash=1B79353CCCB72A4D8DD4C1E6A4AA142B,6.26 inch,HD+,720 x 1520,"IPS
TFT",3000 mAh,Da,Li-Ion,2 GB,32 GB,MicroSD
"Telefon mobil Motorola Razr 50 ultra, Dual SIM, 12GB RAM, 512GB, 5G, Spring Green","3.381,99 Lei",3381.99 Lei,4.33(30),https://www.emag.ro/telefon-mobil-motorola-razr-50-ultra-dual-sim-12gb-ram-512gb-5g-spring-green-pb1t0005pl/pd/D2NJTSYBM/,https://s13emagst.akamaized.net/products/73183/73182355/images/res_b84ee07872fbe461ccbb019e2fedd625.jpg?width=720&height=720&hash=179F1D457909474CA17EC77D7AE0C81F,6.9 inch,,1080 x 2640,AMOLED,4000 mAh,,,12 GB,512 GB,
"Telefon mobil OnePlus 10R, Dual SIM, 256GB, 8GB RAM, 5G, Black","1.349,97 Lei",1349.97 Lei,4.7(10),https://www.emag.ro/telefon-mobil-oneplus-10r-dual-sim-256gb-8gb-ram-5g-black-oneplus-10r-256-8gb-black/pd/DGX2XQMBM/,https://s13emagst.akamaized.net/products/48654/48653268/images/res_303e8a71c0ed949c5947b1fbaad1df80.jpg?width=720&height=720&hash=B2FF1D26872C93AA7272CBB512A275CE,6.7 inch,,2412 x 1080,OLED,4500 mAh,,Li-Po,8 GB,256 GB,
"Telefon mobil OnePlus Nord 5, 8GB RAM, 256GB, 5G, Dry Ice","2.108,10 Lei",2108.10 Lei,5(11),https://www.emag.ro/telefon-mobil-oneplus-nord-5-8gb-ram-256gb-5g-dry-ice-op-nd5dryice/pd/DQ9F0J3BM/,https://s13emagst.akamaized.net/products/100977/100976572/images/res_fa772081aff87cd6e87d7528b42b6a81.jpg?width=720&height=720&hash=FA914B61ED4B0C70A23F89A0EC3A6442,6.83 inch,"144 Hz
1B colors
1400 nits (HBM)
800 nits (typ)
1800 nits (peak)",1272 x 2800,AMOLED,5200 mAh,Nu,,8 GB,256 GB,
"Telefon mobil Samsung Galaxy Z Flip6, 12GB RAM, 512GB, 5G, Silver Shadow","4.126,49 Lei",4126.49 Lei,4.07(58),https://www.emag.ro/telefon-mobil-samsung-galaxy-z-flip6-12gb-ram-512gb-5g-silver-shadow-sm-f741bzsheue/pd/D3XGVSYBM/,https://s13emagst.akamaized.net/products/73523/73522669/images/res_1169e1c60ef28b29b508180d21e36682.jpg?width=720&height=720&hash=369E0D4883D086146C2F93086D766DA6,6.7 inch,"FHD+
60 Hz
120Hz
1600nits","2640 x 1080
748 x 720","Super AMOLED
Dynamic AMOLED",4000 mAh,,,12 GB,512 GB,
"Huawei Mate20 Lite, 6+128 GB, Android 8.0, 6.3 inci, Gold","517,18 Lei",517.18 Lei,2.33(3),https://www.emag.ro/huawei-mate20-lite-6-128-gb-android-8-0-6-3-inci-gold-9327018861203/pd/DP2S0KYBM/,https://s13emagst.akamaized.net/products/64961/64960853/images/res_f5566b45fffe9540979dc1b969b7f5cc.jpg?width=720&height=720&hash=48F42CAE70D7CECB936A02F8E985C4F5,,,,,,,,6 GB,128 GB,
"Telefon mobil Infinix NOTE 40, 8GB RAM, 256GB, 4G, Obsidian Black","999,99 Lei",999.99 Lei,4.69(49),https://www.emag.ro/telefon-mobil-infinix-note-40-8gb-ram-256gb-4g-obsidian-black-10054550/pd/DZQR3XYBM/,https://s13emagst.akamaized.net/products/69379/69378239/images/res_a01381798edb86f78942e7ec25e4ec8b.jpg?width=720&height=720&hash=3FBD1951353E9181B8212D09257343DA,6.78 inch,,1080 x 2436,AMOLED,5000 mAh,,,8 GB,256 GB,
"Telefon mobil Xiaomi MIX Flip, 12GB RAM, 512GB, 5G, Black","4.672,27 Lei",4672.27 Lei,4.2(10),https://www.emag.ro/telefon-mobil-xiaomi-mix-flip-12gb-ram-512gb-5g-black-mzb0hl0eu/pd/DN4GQLYBM/,https://s13emagst.akamaized.net/products/77396/77395694/images/res_12379d4a51326785b7dd7319699aca87.jpg?width=720&height=720&hash=2FB490049988A7D145CF3F6E8FA84F74,"4 inch
6.8 inch","DCI-P3
120 Hz
Pliabil
460 PPI
3000 nits (varf)","2912 x 1224
1392 x 1208",AMOLED,4780 mAh,,,12 GB,512 GB,
"Telefon mobil Xiaomi Redmi 13, 6GB RAM, 128GB, Pink","655,99 Lei",655.99 Lei,4.45(179),https://www.emag.ro/telefon-mobil-xiaomi-redmi-13-6gb-ram-128gb-pink-mzb0h7meu/pd/D919SJYBM/,https://s13emagst.akamaized.net/products/72556/72555265/images/res_537aa6f8dbeb5ed057502c9ac50935b2.jpg?width=720&height=720&hash=F4ED249477666503D0F3DFC7EB0FEDA7,6.79 inch,"FHD+
450 nits
Rata de Refresh 90Hz
DotDisplay",2460 x 1080,,5030 mAh,,,6 GB,128 GB,MicroSD
"Telefon mobil realme Note 60, 4GB RAM, 128GB, 4G, Voyage Blue","429,99 Lei",429.99 Lei,5(3),https://www.emag.ro/telefon-mobil-realme-note-60-4gb-ram-128gb-4g-voyage-blue-631011002726/pd/D86DX5YBM/,https://s13emagst.akamaized.net/products/81664/81663762/images/res_bdbb6dd90c0facaa2c57deabaace749e.jpg?width=720&height=720&hash=72D24D34B7C25462D912C356EDE2B346,6.74 inch,"260 PPI
HD+",720 x 1600,LCD,5000 mAh,Da,,4 GB,128 GB,MicroSD
"Telefon mobil Samsung Galaxy A05s, Dual SIM, 4GB RAM, 128GB, 4G, Silver","647,35 Lei",647.35 Lei,4.44(194),https://www.emag.ro/telefon-mobil-samsung-galaxy-a05s-dual-sim-4gb-ram-128gb-4g-silver-sm-a057gzsveue/pd/DFLPDTYBM/,https://s13emagst.akamaized.net/products/63914/63913892/images/res_cd1308c12a09e52b024d85edef86ce00.jpg?width=720&height=720&hash=80C92DD8646BEB55D5D42956E6CF2F0A,6.7 inch,90 Hz,1080 x 2400,PLS,5000 mAh,,Li-Po,4 GB,128 GB,MicroSD
"Telefon mobil Realme GT 7, 12GB RAM, 512GB, 5G, albastru","2.478,08 Lei",2478.08 Lei,,https://www.emag.ro/telefon-mobil-realme-gt-7-12gb-ram-512gb-5g-albastru-gt7-12-512-blue/pd/D8P0RS3BM/,https://s13emagst.akamaized.net/products/102343/102342095/images/res_2a1878718c457e68ed70b3ca3bde7036.jpg?width=720&height=720&hash=ECDD41F1827228C171AC222949A8AFF4,6.7 inch,120 Hz,1080 x 2400,AMOLED,6000 mAh,Da,Li-Po,12 GB,512 GB,MicroSD
"Telefon mobil Xiaomi 15, 12GB RAM, 256GB, 5G, Green + Xiaomi 10W Wireless Power Bank 10000mah","5.084,02 Lei",5084.02 Lei,4.59(34),https://www.emag.ro/telefon-mobil-xiaomi-15-12gb-ram-256gb-5g-green-xiaomi-10w-wireless-power-bank-10000mah-bndl15gr10/pd/DVKB0M3BM/,https://s13emagst.akamaized.net/products/87110/87109147/images/res_892c6911cceb72dd28e49db86e7017aa.jpg?width=720&height=720&hash=E9C18F1E501916BC3276D35F8332605E,6.36 inch,"460 PPI
Rata de reimprospatare de 120 Hz",2670 x 1200,AMOLED,5240 mAh,,,12 GB,256 GB,
"Smartphone Black Fox B2 8GB, Azuriu","261,36 Lei",261.36 Lei,,https://www.emag.ro/smartphone-black-fox-b2-8gb-azuriu-4627102591715/pd/D1M2CSYBM/,https://s13emagst.akamaized.net/products/73558/73557877/images/res_325131b889b42420d38b12a25fdf60e2.png?width=720&height=720&hash=39B129374084BFA320E80DF908CD7242,5.5 inch,,1440 x 720,,2200 mAh,,Li-Ion,1 GB,8 GB,MicroSD
"Telefon mobil HONOR Magic V5, Dual SIM, 16GB RAM, 512GB, 5G, Dawn Gold","8.650,00 Lei",8650.00 Lei,,https://www.emag.ro/telefon-mobil-honor-magic-v5-dual-sim-16gb-ram-512gb-5g-dawn-gold-62576079/pd/D5PZLC3BM/,https://s13emagst.akamaized.net/products/105006/105005024/images/res_42bdf9bb7a6c3834d9470d52d230ec2d.jpg?width=720&height=720&hash=78D0F30CFB0F89F273100B0F2848EDC5,7.95 inch,,,,,Nu,,16 GB,512 GB,
"Telefon mobil Xiaomi 14T Pro, 12GB RAM, 1TB, 5G, Titan Black","3.654,04 Lei",3654.04 Lei,4.64(160),https://www.emag.ro/telefon-mobil-xiaomi-14t-pro-12gb-ram-1tb-5g-titan-black-kxg0118512/pd/DY0GLQYBM/,https://s13emagst.akamaized.net/products/80077/80076598/images/res_cc5a94181402710014c8a933dfc3eb81.jpg?width=720&height=720&hash=7879AB612ECBABB8404179798EC30947,6.67 inch,"Dolby Vision
144 Hz
68B colors
1600 nits (HBM)
4000 nits (peak)
HDR 10+",1220 x 2712,AMOLED,5000 mAh,Da,Li-Po,12 GB,1 TB,
"Telefon mobil Poco X6 Pro, 512GB, 12GB RAM, 5G, Yellow","1.944,99 Lei",1944.99 Lei,4.58(80),https://www.emag.ro/telefon-mobil-poco-x6-pro-512gb-12gb-ram-5g-yellow-mzb0fvieu/pd/D19VCKYBM/,https://s13emagst.akamaized.net/products/65261/65260045/images/res_6258ea33753bb7a52cea6bd26d58dcbb.jpg?width=720&height=720&hash=AF2C5DEDF664E8A7DAAFA7984B75C968,6.67 inch,"Dolby Vision
HDR10+
120 Hz
68B colors",1220 x 2712,AMOLED,5000 mAh,Da,,12 GB,512 GB,
"Telefon mobil Oukitel WP300, Dual SIM, 5G, Octa-Core Mediatek Dimensity 7050, 6.8-inch FHD+ 120Hz, 36GB RAM (12GB + 24GB ext), 512GB, NFC, Modul Detasabil Lanterna si Smart HearWatch, IP68, Android 15","2.049,99 Lei",2049.99 Lei,5(1),https://www.emag.ro/telefon-mobil-oukitel-wp300-dual-sim-5g-octa-core-mediatek-dimensity-7050-6-8-inch-fhd-120hz-36gb-ram-12gb-24gb-ext-512gb-nfc-modul-detasabil-lanterna-si-smart-hearwatch-ip68-android-15-2762572/pd/DG0TQP3BM/,https://s13emagst.akamaized.net/products/97692/97691755/images/res_86666b37c124a06eceaf1b2f24975226.png?width=720&height=720&hash=23BB842F98E31F8D660D82C81B341BF7,6.8 inch,"Corning Gorilla Glass 5
120 Hz
Touch screen
396 PPI",1080 x 2460,OLED,16000 mAh,Da,Li-Po,36 GB,512 GB,MicroSD
"Telefon mobil Apple iPhone 14 Plus, 128GB, 5G, Blue","4.324,32 Lei",4324.32 Lei,4.74(163),https://www.emag.ro/telefon-mobil-apple-iphone-14-plus-128gb-5g-blue-mq523rx-a/pd/DX7Y4LMBM/,https://s13emagst.akamaized.net/products/48592/48591211/images/res_88a6ff088bae7ea784b02860157b81d7.jpg?width=720&height=720&hash=F264703DBFE5B97712437B5A3592582B,6.7 inch,"HDR10
Dolby Vision
True tone
Haptic touch
Invelis oleophobic
1200 niti",1284 x 2778,"OLED
Super Retina XDR",,Nu,Li-Ion,6 GB,128 GB,
"Telefon mobil Samsung Galaxy S25 FE Enterprise Edition, 8GB RAM, 128GB, 5G, Jetblack","2.968,49 Lei",2968.49 Lei,,https://www.emag.ro/telefon-mobil-samsung-galaxy-s25-fe-enterprise-edition-8gb-ram-128gb-5g-jetblack-8806097803355/pd/D1DSK83BM/,https://s13emagst.akamaized.net/products/112001/112000915/images/res_4d9425fd6bc2489ac36ca4fa4223da5e.jpg?width=720&height=720&hash=65A1D61B75453B94DB397924808797E2,6.7 inch,"HDR10+
120 Hz
1900 nits (peak)",1080 x 2340,Dynamic AMOLED,4900 mAh,Nu,,8 GB,128 GB,
"Telefon mobil Honor 400 Smart, 5G, Dual SIM, 128GB, 6GB RAM, Desert Gold","825,00 Lei",825.00 Lei,,https://www.emag.ro/telefon-mobil-honor-400-smart-5g-dual-sim-128gb-6gb-ram-desert-gold-6936520875115/pd/D687JZ3BM/,https://s13emagst.akamaized.net/products/106688/106687271/images/res_dcd5d334d69276a78660d4ca545101b4.jpg?width=720&height=720&hash=6C5A2C90645D7021B4E3A3C3245F317D,6.77 inch,,1610 x 720,TFT,6500 mAh,Nu,Li-Po,4 GB,128 GB,
"Telefon mobil HONOR X8c, Dual SIM, 8GB RAM, 256GB, Midnight Black","894,49 Lei",894.49 Lei,,https://www.emag.ro/telefon-mobil-honor-x8c-dual-sim-8gb-ram-256gb-midnight-black-5109bqcx/pd/DCB5HB3BM/,https://s13emagst.akamaized.net/products/86241/86240160/images/res_2a394179d3c29b315796974fb281d2ad.jpg?width=720&height=720&hash=25E054299770CA8D323229D5D9C565D9,6.7 inch,"16.7 milioane culori
394 PPI
2800 nits (peak)",2412 x 1080,AMOLED,5000 mAh,Nu,,8 GB,256 GB,
"Telefon mobil Poco F7 Pro, 12GB RAM, 512GB, 5G, Silver","2.653,13 Lei",2653.13 Lei,4(11),https://www.emag.ro/telefon-mobil-poco-f7-pro-12gb-ram-512gb-5g-silver-pc-f7proslv512/pd/DBTD0D3BM/,https://s13emagst.akamaized.net/products/91733/91732468/images/res_6fe151eb8883568089f2bae4f9217af5.jpg?width=720&height=720&hash=77F3C158D027B3CBBC31DEBB73EC3F41,6.67 inch,"Dolby Vision
HDR10+
120 Hz
68B colors
1800 nits (HBM)
3200 nits (peak)",1440 x 3200,AMOLED,6000 mAh,Nu,,12 GB,512 GB,
"Telefon mobil Motorola moto g05, Dual SIM, 128GB, 4GB RAM, 5200 mAh, Plum Red","435,00 Lei",435.00 Lei,4.66(73),https://www.emag.ro/telefon-mobil-motorola-moto-g05-dual-sim-128gb-4gb-ram-5200-mah-plum-red-pb6l0029ro/pd/DTGJV23BM/,https://s13emagst.akamaized.net/products/90135/90134053/images/res_f1c623f611936276cf07a40e1c0d63a9.jpg?width=720&height=720&hash=79B64AD01E6EF5421AC58AF0C70B9DE2,6.67 inch,263 ppi,1612 x 720,LCD,5200 mAh,Nu,,4 GB,128 GB,
"Telefon mobil HMD 110 4G, Dual SIM, display 2.4"", Titanium","204,99 Lei",204.99 Lei,5(2),https://www.emag.ro/telefon-mobil-hmd-110-4g-dual-sim-display-2-4-titanium-1gf029hpn1l01/pd/DJQWRT3BM/,https://s13emagst.akamaized.net/products/93127/93126465/images/res_50d39d42284656ed6a2c113c74171c8a.jpg?width=720&height=720&hash=221CDDFD49B26119A6FE23134AF05196,2.4 inch,QVGA,,,1450 mAh,Nu,Li-Ion,128 MB,64 MB,MicroSD
"Telefon mobil Samsung Galaxy Z Fold5, 12GB RAM, 256GB, 5G, Icy Blue","5.350,00 Lei",5350.00 Lei,4.49(47),https://www.emag.ro/telefon-mobil-samsung-galaxy-z-fold5-12gb-ram-256gb-5g-icy-blue-sm-f946blbbeue/pd/DS9MFMYBM/,https://s13emagst.akamaized.net/products/58631/58630100/images/res_13ee9b51e583d6435142451488305438.jpg?width=720&height=720&hash=7C547ED588FE52C15BA0EB0E1857E52B,7.6 inch,"QXGA+
374 ppi
Dynamic AMOLED 2X",2176 x 1812,Dynamic AMOLED,4400 mAh,,,12 GB,256 GB,
"Telefon mobil Nubia Neo 3, Dual Sim, 8GB RAM, 256GB, 5G, Cyber Silver","1.199,99 Lei",1199.99 Lei,,https://www.emag.ro/telefon-mobil-nubia-neo-3-dual-sim-8gb-ram-256gb-5g-cyber-silver-z2464n/pd/DL7NNR3BM/,https://s13emagst.akamaized.net/products/109253/109252422/images/res_b54e40ff8d6d8082003a49afb37f7e80.jpg?width=720&height=720&hash=3C72FDCEA2EAA5E2CEB8557851F9F3EE,6.8 inch,16 milioane de culori,900 x 2030,AMOLED,5200 mAh,,Li-Ion,8 GB,256 GB,
"Telefon mobil Samsung Galaxy A07, Dual SIM, 64GB, 4GB RAM, 4G, Green","464,64 Lei",464.64 Lei,,https://www.emag.ro/telefon-mobil-samsung-galaxy-a07-dual-sim-64gb-4gb-ram-4g-green-sm-a075fzgd/pd/DD3C5S3BM/,https://s13emagst.akamaized.net/products/102382/102381195/images/res_e1b1794962807e135e550975706ce511.jpg?width=720&height=720&hash=B541FE33B7A5D0ADB2AE8A52906CA19B,6.7 inch,,720 x 1600,PLS,,,,4 GB,64 GB,MicroSDXC
"Telefon mobil Samsung Galaxy S23 Ultra, Dual SIM, 512GB, 12GB RAM, 5G, Phantom Black","5.499,00 Lei",5499.00 Lei,4.73(700),https://www.emag.ro/telefon-mobil-samsung-galaxy-s23-ultra-dual-sim-512gb-12gb-ram-5g-phantom-black-sm-s918bzkheue/pd/DX7R8RMBM/,https://s13emagst.akamaized.net/products/52576/52575514/images/res_2883e0247d6704d8d542259a39dbbad7.jpg?width=720&height=720&hash=19D653BFF65AE435050BA15AF8EE126C,6.8 inch,"1750 nits (Peak)
500 PPI",3088 x 1440,Dynamic AMOLED,5000 mAh,,,12 GB,512 GB,
"Telefon mobil Motorola g06, Dual SIM, 64GB, 4GB RAM, Tendril Green","416,24 Lei",416.24 Lei,4.5(14),https://www.emag.ro/telefon-mobil-motorola-g06-dual-sim-64gb-4gb-ram-tendril-green-pba20006ro/pd/D723WL3BM/,https://s13emagst.akamaized.net/products/106179/106178136/images/res_2e462dc3a32d2413da683cf85774ce5c.jpg?width=720&height=720&hash=7351BF108F8FC2B1BB12AFB4DE702057,6.88 inch,"Rata de refresh 120 Hz
263 ppi",1640 x 720,LCD,5200 mAh,Nu,,4 GB,64 GB,
"Telefon mobil Oppo Reno14 FS, Qualcomm SM6450 Snapdragon 6 Gen 1, 5G, Dual SIM, 512GB/12GB, Verde Luminous","1.899,99 Lei",1899.99 Lei,,https://www.emag.ro/telefon-mobil-oppo-reno14-fs-qualcomm-sm6450-snapdragon-6-gen-1-5g-dual-sim-512gb-12gb-verde-luminous-63204973/pd/D4G0N13BM/,https://s13emagst.akamaized.net/products/107408/107407083/images/res_54e547aaff40ede8fa4e0426842d08d4.jpg?width=720&height=720&hash=DEF363367812B97E763663C5018D7AC9,6.57 inch,,,AMOLED,6000 mAh,Nu,,12 GB,512 GB,
"Telefon mobil Huawei P30 Pro, Dual SIM, 128GB, 8GB RAM, 4G, Aurora Blue","1.272,00 Lei",1272.00 Lei,3.86(36),https://www.emag.ro/telefon-mobil-huawei-p30-pro-dual-sim-128gb-8gb-ram-4g-aurora-blue-huawei-p30-pro-128-8-blue/pd/DGN46DMBM/,https://s13emagst.akamaized.net/products/20936/20935294/images/res_ba09711c76ff81bcf7690797cb89a9c6.jpg?width=720&height=720&hash=F72D27F8C824CA4D2E189C7E9BC45B81,6.47 inch,16 milioane de culori,1080 x 2340,OLED,4200 mAh,,Li-Po,8 GB,128 GB,NanoSD
Huawei Y5 II Negru,"26,62 Lei",26.62 Lei,,https://www.emag.ro/huawei-y5-ii-negru-y5-ii-1/pd/DHXV8KBBM/?ref=smart-history-ml_1_1&provider=rec&recid=rec_4_105df1a781511747f45eb2ee44f2cc7c490457193460ebf030b18b1974d31a4d_1767481501&scenario_ID=4,https://s13emagst.akamaized.net/products/8241/8240028/images/res_5cf6f5c9f9a311431ea489078919de30.jpg?width=300&height=300&hash=2D5993A36E77FC10F1F9A5759D0CDF4A,,,,,,,,,,
"Telefon mobil Huawei P20 Lite, Dual SIM, 64GB, 4G, Midnight Black","441,65 Lei",441.65 Lei,4.43(1320),https://www.emag.ro/telefon-mobil-huawei-p20-lite-dual-sim-64gb-4g-midnight-black-p20-lite-anne-l21-black/pd/D5V1PFBBM/?ref=smart-history-ml_1_2&provider=rec&recid=rec_4_105df1a781511747f45eb2ee44f2cc7c490457193460ebf030b18b1974d31a4d_1767481501&scenario_ID=4,https://s13emagst.akamaized.net/products/14233/14232994/images/res_edb73b6e77be1aca39e2878dd2156ef2.jpg?width=300&height=300&hash=3BF5F5EACA4C1043E8163159AA5E4DE7,,,,,,,,,,
"Telefon mobil Huawei P30 Lite, Dual SIM, 128GB, 4G, Peacock Blue","556,60 Lei",556.60 Lei,4.4(1005),https://www.emag.ro/telefon-mobil-huawei-p30-lite-dual-sim-128gb-4g-peacock-blue-51093npp/pd/D47W6ZBBM/?ref=smart-history-ml_1_3&provider=rec&recid=rec_4_105df1a781511747f45eb2ee44f2cc7c490457193460ebf030b18b1974d31a4d_1767481501&scenario_ID=4,https://s13emagst.akamaized.net/products/21151/21150823/images/res_ce71ae4fb31946cb6a3177c20bbc29c5.jpg?width=300&height=300&hash=840BC6A4CC6A9D15BC453B814936CE36,,,,,,,,,,
"Telefon mobil Huawei P30 Pro, Dual SIM, 256GB, 8GB RAM, 4G, Aurora Blue","1.560,00 Lei",1560.00 Lei,4.57(618),https://www.emag.ro/telefon-mobil-huawei-p30-pro-dual-sim-256gb-8gb-ram-4g-aurora-blue-51093nfw/pd/D78ZCZBBM/?ref=smart-history-ml_1_4&provider=rec&recid=rec_4_105df1a781511747f45eb2ee44f2cc7c490457193460ebf030b18b1974d31a4d_1767481501&scenario_ID=4,https://s13emagst.akamaized.net/products/20936/20935294/images/res_ba09711c76ff81bcf7690797cb89a9c6.jpg?width=300&height=300&hash=98D96417D7E8FF37AEC57E10BEC8F272,,,,,,,,,,
"Telefon mobil pentru seniori, dual SIM, color, taste mari, meniu in limba Romana, buton SOS, Bluetooth, lanterna, radio, negru","180,00 Lei",180.00 Lei,4.77(325),https://www.emag.ro/telefon-mobil-pentru-seniori-dual-sim-color-taste-mari-meniu-in-limba-romana-buton-sos-bluetooth-lanterna-radio-negru-telefon-cs181/pd/DXLPBQMBM/?ref=smart-history-ml_1_5&provider=rec&recid=rec_4_105df1a781511747f45eb2ee44f2cc7c490457193460ebf030b18b1974d31a4d_1767481501&scenario_ID=4,https://s13emagst.akamaized.net/products/50806/50805851/images/res_65d5ec35caa79fb4820b8544da0c3a3a.png?width=300&height=300&hash=52A6B5DA9219E5124081D6E6AEB02844,,,,,,,,,,
"Telefon mobil Samsung Galaxy A16, Dual SIM, 128GB, 6GB RAM, 4G, Negru","750,20 Lei",750.20 Lei,4.64(320),https://www.emag.ro/telefon-mobil-samsung-galaxy-a16-dual-sim-128gb-6gb-ram-4g-negru-sm-a165fzkg/pd/DX0N55YBM/?ref=smart-history-ml_1_6&provider=rec&recid=rec_4_105df1a781511747f45eb2ee44f2cc7c490457193460ebf030b18b1974d31a4d_1767481501&scenario_ID=4,https://s13emagst.akamaized.net/products/81504/81503600/images/res_9ab2b60d3b31a60b7daf8848aaf980e6.jpg?width=300&height=300&hash=B870815B905910620C4B8F81E38084E0,,,,,,,,,,
"Telefon mobil Google Pixel 8 Pro, 256GB, 12GB RAM, 5G, Bay","3.094,00 Lei",3094.00 Lei,4.78(36),https://www.emag.ro/telefon-mobil-google-pixel-8-pro-256gb-12gb-ram-5g-bay-ge-pl12bay256po/pd/DR6QNDYBM/,https://s13emagst.akamaized.net/products/62559/62558025/images/res_55a8318a8e7b5ea4fd3559536c9d55a0.jpg?width=720&height=720&hash=8B5B930415F1474FD753E5570D1834C1,6.7 inch,"HDR10+
120 Hz
1600 nits (HBM)
2400 nits (peak)",2992 x 1344,LTPO,5050 mAh,Da,Li-Po,12 GB,256 GB,
"Telefon mobil Samsung Galaxy Z Flip7 FE, 8GB RAM, 256GB, 5G, White","7.696,00 Lei",7696.00 Lei,4.33(6),https://www.emag.ro/telefon-mobil-samsung-galaxy-z-flip7-fe-8gb-ram-256gb-5g-white-sm-f761bzwheue/pd/DX5WT93BM/,https://s13emagst.akamaized.net/products/99055/99054932/images/res_69ade66ee0c73a4937b1a17a07440787.jpg?width=720&height=720&hash=EDDE688559782D6157FB544876C29886,"6.7 inch
3.4 inch","FHD+
60 Hz
120Hz
2600 nits (peak)","2640 x 1080
720 x 748","Super AMOLED
Dynamic AMOLED",4000 mAh,,,8 GB,256 GB,
"Telefon mobil HONOR 200 Pro, 12GB RAM, 512GB, 5G, Ocean Cyan","4.733,27 Lei",4733.27 Lei,4.65(68),https://www.emag.ro/telefon-mobil-honor-200-pro-12gb-ram-512gb-5g-ocean-cyan-hn-h200pro512oc/pd/DJ66FSYBM/,https://s13emagst.akamaized.net/products/73432/73431824/images/res_07e883bd9d9438c4d39143a41b66ecec.jpg?width=720&height=720&hash=3F1369FCFCC25CB52051F53C0181CCA4,6.78 inch,"HDR
120 Hz
1B colors
4000 nits (peak)",1224 x 2700,OLED,5200 mAh,,,12 GB,512 GB,
"Telefon mobil Oppo Reno14, 12GB RAM, 256GB, 5G, Luminous Green","2.532,00 Lei",2532.00 Lei,,https://www.emag.ro/telefon-mobil-oppo-reno14-12gb-ram-256gb-5g-luminous-green-op-re14lmngrn256/pd/D8C2RL3BM/,https://s13emagst.akamaized.net/products/106031/106030661/images/res_80d3384c65f5604a67a7d2eafc6ede02.jpg?width=720&height=720&hash=506788A88734E03BFBE281F6CFB5E05E,6.59 inch,"HDR10+
120 Hz
1B colors
1200 nits (HBM)
600 nits (typ)
3840Hz PWM",1256 x 2760,AMOLED,6000 mAh,Nu,,12 GB,256 GB,
"Telefon mobil Motorola Moto g55, Dual SIM, 256GB, 8GB RAM, 5G, Twilight Purple","825,00 Lei",825.00 Lei,4.56(16),https://www.emag.ro/telefon-mobil-motorola-moto-g55-dual-sim-256gb-8gb-ram-5g-twilight-purple-pb5u0008pl/pd/DTXRRLYBM/,https://s13emagst.akamaized.net/products/77422/77421453/images/res_a350ea551f1ed0094bc2447c8e50a059.jpg?width=720&height=720&hash=BB2A3A600F0539B407652C2F85F12659,6.5 inch,"405 PPI
Rata de reimprospatare de 120 Hz",1080 x 2400,LCD,5000 mAh,,,8 GB,256 GB,
"Telefon mobil Google Pixel 8a, 128GB, 8GB RAM, 5G, Porcelain","1.679,07 Lei",1679.07 Lei,4.23(43),https://www.emag.ro/telefon-mobil-google-pixel-8a-128gb-8gb-ram-5g-porcelain-ga04988-gb/pd/DVLKQVYBM/,https://s13emagst.akamaized.net/products/74606/74605021/images/res_45adce1d6258ba243ad28fec8b26f0fc.jpg?width=720&height=720&hash=F796725BC5A92100799E9838ACB22792,6.1 inch,"HDR
120 Hz
2000 nits (peak)",2400 x 1080,OLED,4492 mAh,Nu,Li-Ion,8 GB,128 GB,
"Telefon mobil Motorola razr 60 ultra, Dual SIM, 512GB, 16GB RAM, 5G, Pantone Mountain Trail","4.999,99 Lei",4999.99 Lei,3(6),https://www.emag.ro/telefon-mobil-motorola-razr-60-ultra-dual-sim-512gb-16gb-ram-5g-pantone-mountain-trail-pb8r0007pl/pd/DW9PPN3BM/,https://s13emagst.akamaized.net/products/94569/94568630/images/res_46d8c2a30a8ef344d8aa31bf842d0fa1.jpg?width=720&height=720&hash=6C76D3DD445132EE0218D14EBC662B47,"7 inch
4 inch","Dolby Vision
HDR10+
Rata de raspuns la atingere 300 Hz
Rata de reimprospatare de 165 Hz
4500 nits (peak)
464 ppi
Rata de raspuns la atingere 130 Hz",1224 x 2912,OLED,4700 mAh,Nu,Li-Ion,16 GB,512 GB,
"Telefon mobil Google Pixel 9 Pro, 128GB, 16GB RAM, 5G, Hazel","4.678,33 Lei",4678.33 Lei,4.52(81),https://www.emag.ro/telefon-mobil-google-pixel-9-pro-128gb-16gb-ram-5g-hazel-ga05936-gb/pd/DYZKQVYBM/,https://s13emagst.akamaized.net/products/74606/74605036/images/res_2013bcd3a5cfbe1e1b5824811da047d2.jpg?width=720&height=720&hash=D62D15E88E77DCFD6DF98727B6AAB94E,6.32 inch,"HDR10+
Refresh rate 120Hz
3000 nits (varf)
495 PPI",1280 x 2856,P-OLED,4700 mAh,Nu,Li-Ion,16 GB,128 GB,
"Telefon mobil Samsung Galaxy S23 Ultra, Dual SIM, 512GB, 12GB RAM, 5G, Green","5.499,00 Lei",5499.00 Lei,4.73(700),https://www.emag.ro/telefon-mobil-samsung-galaxy-s23-ultra-dual-sim-512gb-12gb-ram-5g-green-sm-s918bzgheue/pd/D97R8RMBM/,https://s13emagst.akamaized.net/products/52576/52575516/images/res_4ab20eeca849773fcbc038158310e7a3.jpg?width=720&height=720&hash=071FFCF99869FC86A8A67D48CD2F91EB,6.8 inch,"1750 nits (Peak)
500 PPI",3088 x 1440,Dynamic AMOLED,5000 mAh,,,12 GB,512 GB,
"Telefon mobil Realme GT 7T, 12GB RAM, 256GB, 5G, Black","1.982,54 Lei",1982.54 Lei,4(3),https://www.emag.ro/telefon-mobil-realme-gt-7t-12gb-ram-256gb-5g-black-rl-rmgt7tblk256/pd/DZTSS03BM/,https://s13emagst.akamaized.net/products/95646/95645686/images/res_720fc776eb8ca1fc1751cba4681e0cde.jpg?width=720&height=720&hash=F0C3A893FA7F86618D22E4ACAD0E379B,6.8 inch,"Dolby Vision
HDR10+
120 Hz
1B colors
1000 nits (typ)
6000 nits (peak)
1800 nits (HBM)",1280 x 2800,AMOLED,7000 mAh,Nu,Li-Ion,12 GB,256 GB,
"Telefon mobil Samsung Galaxy A05s, Dual SIM, 4GB RAM, 64GB, 4G, Light Green","599,19 Lei",599.19 Lei,4.44(194),https://www.emag.ro/telefon-mobil-samsung-galaxy-a05s-dual-sim-4gb-ram-64gb-4g-light-green-sm-a057glgueue/pd/D0LPDTYBM/,https://s13emagst.akamaized.net/products/63914/63913888/images/res_0a7c498a7746547414e5af53cf17313b.jpg?width=720&height=720&hash=8C16C70605D848EFD0B26518149885A8,6.7 inch,90 Hz,1080 x 2400,PLS,5000 mAh,,Li-Po,4 GB,64 GB,MicroSD
"Telefon mobil Xiaomi Redmi Note 15, 8GB RAM, 256GB, Black","1.385,99 Lei",1385.99 Lei,,https://www.emag.ro/telefon-mobil-xiaomi-redmi-note-15-8gb-ram-256gb-black-xm-rn15bck4g256/pd/D2FDZ83BM/,https://s13emagst.akamaized.net/products/112408/112407675/images/res_bf9cc5c6371ddae366a0bc8ab4614d85.jpg?width=720&height=720&hash=79AD6AC776105C03E931510FD6C11C1E,6.77 inch,120 Hz,1080 x 2392,AMOLED,6000 mAh,Nu,,8 GB,256 GB,
"Telefon mobil Motorola Moto g35, Dual SIM, 128GB, 4GB RAM, 5G, Leaf Green","549,99 Lei",549.99 Lei,4.54(13),https://www.emag.ro/telefon-mobil-motorola-moto-g35-dual-sim-128gb-4gb-ram-5g-leaf-green-pb3k0011pl/pd/D0XRRLYBM/,https://s13emagst.akamaized.net/products/77422/77421456/images/res_1192dfca9357d480e47b1ab71390396e.jpg?width=720&height=720&hash=32EC841AC4A79AD164125604D79FCF01,6.72 inch,"391 PPI
Rata de reimprospatare de 120 Hz",1080 x 2400,LCD,5000 mAh,,,4 GB,128 GB,
"Telefon mobil Samsung Galaxy A16, Dual SIM, 8GB RAM, 256GB, 5G, Light Gray","1.137,40 Lei",1137.40 Lei,4.56(106),https://www.emag.ro/telefon-mobil-samsung-galaxy-a16-dual-sim-8gb-ram-256gb-5g-light-gray-sm-a166bzaieue/pd/D6J1YZYBM/,https://s13emagst.akamaized.net/products/77658/77657969/images/res_874b1e794274e079108b1e4188c0c705.jpg?width=720&height=720&hash=F27616BCD7200A63A627D370F4D33BA9,6.7 inch,"FHD+
90 Hz",1080 x 2340,Super AMOLED,5000 mAh,,,8 GB,256 GB,MicroSD
"Telefon mobil Samsung Galaxy A56 Enterprise Edition, 8GB RAM, 256GB, 5G, Awesome Graphite","2.200,01 Lei",2200.01 Lei,,https://www.emag.ro/telefon-mobil-samsung-galaxy-a56-enterprise-edition-8gb-ram-256gb-5g-awesome-graphite-sm-a566bzkceee/pd/DZVPH33BM/,https://s13emagst.akamaized.net/products/88998/88997825/images/res_6890f681b67ba46e85f1d9e58dc3784e.jpg?width=720&height=720&hash=DB3D63059753876AE0AB104947572C0D,6.7 inch,"HDR10+
120 Hz
1200 nits (HBM)
1900 nits (peak)",2340 x 1080,Super AMOLED,5000 mAh,,Li-Ion,8 GB,256 GB,
"Telefon mobil Samsung Galaxy S21 Plus, Dual SIM, 128GB, 8GB RAM, 5G, Phantom Black","4.418,92 Lei",4418.92 Lei,4.41(187),https://www.emag.ro/telefon-mobil-samsung-galaxy-s21-plus-dual-sim-128gb-8gb-ram-5g-phantom-black-sm-g996bzkdeue/pd/DCLGTDMBM/,https://s13emagst.akamaized.net/products/34408/34407354/images/res_83ac4e77611e3172b00395c149883fcf.jpg?width=720&height=720&hash=D8412D6FD6971D3D24E9402C99F3D730,6.7 inch,"16 milioane de culori
120 Hz
394 PPI",1080 x 2400,Dynamic AMOLED,4800 mAh,,,8 GB,128 GB,
"Telefon mobil Huawei nova 13, Dual SIM, 12GB RAM, 256GB, Black","2.646,00 Lei",2646.00 Lei,5(11),https://www.emag.ro/telefon-mobil-huawei-nova-13-dual-sim-12gb-ram-256gb-black-51098cyd/pd/DK6TY8YBM/,https://s13emagst.akamaized.net/products/83185/83184044/images/res_8e2aa8cada3483bf85c63b0d9ca68cf7.jpg?width=720&height=720&hash=F9AFC306654023616025D6DBE7FEFBCB,6.7 inch,"Rata de raspuns la atingere 300 Hz
Rata de refresh 120 Hz",2412 x 1084,OLED,5000 mAh,,,12 GB,256 GB,
"Telefon mobil Xiaomi Redmi Note 14 Pro, 12GB RAM, 512GB, Midnight Black","1.573,00 Lei",1573.00 Lei,4.43(67),https://www.emag.ro/telefon-mobil-xiaomi-redmi-note-14-pro-12gb-ram-512gb-midnight-black-6932554406554/pd/D8KGYN3BM/,https://s13emagst.akamaized.net/products/84480/84479886/images/res_12e79eaccbdd3af4496ed6625ce9558e.jpg?width=720&height=720&hash=52D6B081913CCA9D99970FE02EA1A488,6.67 inch,"120 Hz
1B colors
1200 nits (HBM)
1800 nits (peak)",2400 x 1080,AMOLED,5500 mAh,Nu,Li-Ion,12 GB,512 GB,MicroSDHC
"Telefon mobil Google Pixel 9, 256GB, 12GB RAM, 5G, Peony","3.885,00 Lei",3885.00 Lei,4.64(56),https://www.emag.ro/telefon-mobil-google-pixel-9-256gb-12gb-ram-5g-peony-ga09340-gb/pd/DGLKQVYBM/,https://s13emagst.akamaized.net/products/74606/74605028/images/res_adb2f778acfab17aa5d3ce1eb8e26181.jpg?width=720&height=720&hash=260E092026606805BE7169BB1AC1504C,6.3 inch,"Rata de refresh 120 Hz
422 PPI
HDR 10+
1800 nits (HBM)
2700 nits (peak)",1080 x 2424,P-OLED,4700 mAh,Nu,Li-Ion,12 GB,256 GB,
"Telefon mobil Oppo Reno14 FS, Qualcomm SM6450 Snapdragon 6 Gen 1, 5G, Dual SIM, 512GB/12GB, Albastru Opal","1.899,99 Lei",1899.99 Lei,,https://www.emag.ro/telefon-mobil-oppo-reno14-fs-qualcomm-sm6450-snapdragon-6-gen-1-5g-dual-sim-512gb-12gb-albastru-opal-63404712/pd/D7W0N13BM/,https://s13emagst.akamaized.net/products/107408/107407100/images/res_a0c1f037ed698afd2b5559c55ad88e58.jpg?width=720&height=720&hash=55DE04585BED3E2DD02677D3F47D1E4E,6.57 inch,,,AMOLED,6000 mAh,,,12 GB,512 GB,
"Telefon mobil Xiaomi Redmi Note 15 Pro Plus, 8GB RAM, 256GB, 5G, Brown","2.542,68 Lei",2542.68 Lei,,https://www.emag.ro/telefon-mobil-xiaomi-redmi-note-15-pro-plus-8gb-ram-256gb-5g-brown-xa-rn15ppsbw256/pd/DD9N683BM/,https://s13emagst.akamaized.net/products/112560/112559487/images/res_52462082338a9e62e3c80fc01eccccf7.jpg?width=720&height=720&hash=9DE0FDC5C68691D81C5FD0F52F80954C,6.83 inch,"Dolby Vision
HDR10+
120 Hz
68B colors
3200 nits (peak)",1280 x 2772,AMOLED,6500 mAh,Nu,Li-Ion,8 GB,256 GB,
"Telefon mobil Xiaomi 13T Pro, Dual SIM, 512GB, 12GB RAM, 5G, Meadow Green","4.446,80 Lei",4446.80 Lei,4.45(83),https://www.emag.ro/telefon-mobil-xiaomi-13t-pro-dual-sim-512gb-12gb-ram-5g-meadow-green-xiaomi-13tpto-12-green/pd/DGKPZ2YBM/,https://s13emagst.akamaized.net/products/61620/61619597/images/res_6dcbb832a7c0258fd5fbe5c137bc6d74.jpg?width=720&height=720&hash=A8EC7D0A0BD498F6108116756180C09A,6.67 inch,"Dolby Vision
HDR10+
144Hz
68B colors",,AMOLED,5000 mAh,,Li-Po,12 GB,512 GB,NM
"Telefon mobil Infinix HOT 50 Pro+, 256GB, 4G, Titanium Grey","1.049,99 Lei",1049.99 Lei,5(1),https://www.emag.ro/telefon-mobil-infinix-hot-50-pro-256gb-4g-titanium-grey-10068196/pd/DNTBV23BM/,https://s13emagst.akamaized.net/products/90119/90118001/images/res_52f0f3f280b5e893406fa3f1cdd0c850.jpg?width=720&height=720&hash=9584D6C13A6C9D81179EA24F72F46285,6.78 inch,"Rata de refresh 120 Hz
550 nits (typ)
1300 nits (peak)",1080 x 2436,"AMOLED
LTPS",5000 mAh,Nu,,8 GB,256 GB,MicroSD
"Telefon mobil Fairphone 6, 8GB RAM, 256GB, 5G, Horizon Black","3.745,00 Lei",3745.00 Lei,5(3),https://www.emag.ro/telefon-mobil-fairphone-6-8gb-ram-256gb-5g-horizon-black-f6fphn-2zw-eu1/pd/DZ18T93BM/,https://s13emagst.akamaized.net/products/99053/99052927/images/res_54ee20212baeafbafa03665731cb79d8.jpg?width=720&height=720&hash=D2FCB586B8F55C9D5867EC2085B9828D,6.31 inch,"120 Hz
1B colors
1400 nits (peak)
880 nits typ",1116 x 2484,"OLED
LTPO",4415 mAh,Nu,Li-Ion,8 GB,256 GB,MicroSDXC
"Telefon mobil INFINIX HOT 50i, 4GB, 128GB, 4G, SLEEK BLACK","449,99 Lei",449.99 Lei,5(1),https://www.emag.ro/telefon-mobil-infinix-hot-50i-4gb-128gb-4g-sleek-black-10060963/pd/D7080GYBM/,https://s13emagst.akamaized.net/products/84366/84365544/images/res_48a72d8125a3b08fb340f43036b2e27b.jpg?width=720&height=720&hash=1BADCA5A736B4B14B182E2B974816363,6.7 inch,"120 Hz
500 nits",720 x 1600,"LCD
IPS",5000 mAh,,,4 GB,128 GB,MicroSD
"Telefon mobil Xiaomi Redmi Note 13 Pro, 8GB RAM, 256GB, Black","1.197,52 Lei",1197.52 Lei,4.66(214),https://www.emag.ro/telefon-mobil-xiaomi-redmi-note-13-pro-8gb-ram-256gb-black-mzb0fwweu/pd/DBTLJKYBM/,https://s13emagst.akamaized.net/products/65144/65143527/images/res_144c5875f831aee40ca4bc52fdeb1e5c.jpg?width=720&height=720&hash=E05F9043AB769580CF0067DD84694CD4,6.67 inch,"Rata de refresh 120 Hz
1800 nit2",1080 x 2400,AMOLED,5000 mAh,,Li-Po,8 GB,256 GB,MicroSD
"Smartphone Xiaomi Redmi Note 8 Pro, 6 RAM 128 ROM, MediaTek Helio G90T, Battery 4500 mAh, Alb","726,00 Lei",726.00 Lei,5(1),https://www.emag.ro/smartphone-xiaomi-redmi-note-8-pro-6-ram-128-rom-mediatek-helio-g90t-battery-4500-mah-alb-note-8-pro-6-128-white/pd/DZMWSS3BM/,https://s13emagst.akamaized.net/products/102075/102074388/images/res_9fec25d2b3aba09403f0fa2285a37320.jpg?width=720&height=720&hash=C15F5DDF42C4D05DB6F70CB7F8D17BBF,6.53 inch,HDR10,1080 x 2400,LCD,4500 mAh,Da,Li-Ion,6 GB,128 GB,
"Telefon mobil Motorola moto g15, Dual SIM, 128GB, 4GB RAM, 5200 mAh, Gravity Grey","488,95 Lei",488.95 Lei,4.4(25),https://www.emag.ro/telefon-mobil-motorola-moto-g15-dual-sim-128gb-4gb-ram-5200-mah-gravity-grey-pb6e0010pl/pd/DG8JV23BM/,https://s13emagst.akamaized.net/products/90135/90134048/images/res_0d88966c5b4647e6999656b01a2f9d46.jpg?width=720&height=720&hash=AF62663E08749AD808C4833025AC386D,6.72 inch,"391 PPI
FHD+
60 Hz",2400 x 1080,LCD,5200 mAh,Nu,,4 GB,128 GB,
"Telefon mobil FOSSiBOT F110 Pro, 6.745-inch, Baterie 10000mAh, 5G, Android 15, 50MP+8MP, Dual SIM, Face ID/GPS, NFC, 20GB RAM(8GB+12GB extensibil RAM)+128GB ROM, Rezistent la praf/Impermeabil/Rezistent la caderi, Pentru camping, calatorii, Negru","1.199,91 Lei",1199.91 Lei,,https://www.emag.ro/telefon-mobil-fossibot-f110-pro-6-745-inch-baterie-10000mah-5g-android-15-50mp-8mp-dual-sim-face-id-gps-nfc-20gb-ram-8gb-12gb-extensibil-ram-128gb-rom-rezistent-la-praf-impermeabil-rezistent-la-caderi/pd/DQFS983BM/,https://s13emagst.akamaized.net/products/112180/112179941/images/res_1d770652b2e93a184f8a10d75cc054eb.png?width=720&height=720&hash=81958627E71F7A6AE96619C3B2108AB2,6.75 inch,HD+,720 x 1600,,10000 mAh,Nu,Li-Ion,20 GB,128 GB,
"Telefon mobil Xiaomi Redmi A5, 4GB RAM, 128GB, Blue + Xiaomi High-capacity pen","567,26 Lei",567.26 Lei,4.59(46),https://www.emag.ro/telefon-mobil-xiaomi-redmi-a5-4gb-ram-128gb-blue-xiaomi-high-capacity-pen-bndla5blue/pd/DV0HYN3BM/,https://s13emagst.akamaized.net/products/94270/94269621/images/res_c0c89829b25ae4c88d16afb5a66a15ef.jpg?width=720&height=720&hash=CC4FD69CD2E4F983111C6F6F7667FF58,6.88 inch,"260 PPI
450 nits
Rata de refresh 120 Hz",1640 x 720,LCD,5200 mAh,Nu,,4 GB,128 GB,MicroSD
"Telefon mobil Motorola Moto g55, Dual SIM, 256GB, 8GB RAM, 5G, Smoky Green","820,45 Lei",820.45 Lei,4.56(16),https://www.emag.ro/telefon-mobil-motorola-moto-g55-dual-sim-256gb-8gb-ram-5g-smoky-green-pb5u0007pl/pd/DKXRRLYBM/,https://s13emagst.akamaized.net/products/77422/77421454/images/res_52104e9d0201147cac0b2a301a0c9688.jpg?width=720&height=720&hash=C08FBF3BE94E76784B3333F4DE67EDEC,6.5 inch,"405 PPI
Rata de reimprospatare de 120 Hz",1080 x 2400,LCD,5000 mAh,,,8 GB,256 GB,
"Telefon mobil Motorola Edge 40, Dual SIM, 8GB RAM, 256GB, 5G, Leather Eclipse Black","2.016,17 Lei",2016.17 Lei,4.38(164),https://www.emag.ro/telefon-mobil-motorola-edge-40-dual-sim-8gb-ram-256gb-5g-leather-eclipse-black-pay40006pl/pd/D3TPTGMBM/,https://s13emagst.akamaized.net/products/55632/55631549/images/res_901012b1e2208b5cc4e95302cdf6447c.jpg?width=720&height=720&hash=3598CDEC4DF23DE000C959CE2E510D4F,6.55 inch,"HDR10+
FHD+
144 Hz",2400 x 1800,OLED,4400 mAh,,,8 GB,256 GB,
"Telefon mobil Redmi Note 9T, 6GB RAM, 128GB, camera 48MP, baterie 6000mAh, negru","621,84 Lei",621.84 Lei,,https://www.emag.ro/telefon-mobil-redmi-note-9t-6gb-ram-128gb-camera-48mp-baterie-6000mah-negru-redmi9t-6-128gb-black/pd/D0J0DK3BM/,https://s13emagst.akamaized.net/products/93465/93464483/images/res_15be8a195829df2f9640eb344d8dfdbd.jpg?width=720&height=720&hash=FEAD743ED1844ADBA1C7FB6B2D3DC05F,6.53 inch,,1080 x 2400,"LCD
IPS",5000 mAh,,,6 GB,128 GB,
"Telefon mobil Xiaomi Redmi 15C, 4GB RAM, 128GB, Mint Green","529,00 Lei",529.00 Lei,3(2),https://www.emag.ro/telefon-mobil-xiaomi-redmi-15c-4gb-ram-128gb-mint-green-mzb0lcfeu/pd/DXZ05J3BM/,https://s13emagst.akamaized.net/products/101449/101448660/images/res_0f8d2eb64a7680c61052b7ab0b85bfba.jpg?width=720&height=720&hash=ED8FA9FAB1E0BADE1829AE6063762B94,6.9 inch,120 Hz,1600 x 720,"LCD
IPS",6000 mAh,Nu,Li-Po,4 GB,128 GB,MicroSDHC
"Telefon mobil realme 14T 5G, Dual SIM, 256GB, 8GB RAM Obsidian Black","836,05 Lei",836.05 Lei,5(1),https://www.emag.ro/telefon-mobil-realme-14t-5g-dual-sim-256gb-8gb-ram-obsidian-black-631011005591/pd/DRJ3ZL3BM/,https://s13emagst.akamaized.net/products/105941/105940200/images/res_ea5eed25921a1036fc29773c8f83dcd2.jpg?width=720&height=720&hash=9649F0E4F987604A06CD70C8F15378D7,6.67 inch,"394 PPI
20:9 ratio
Rata de refresh 120 Hz",2400 x 1080,AMOLED,6000 mAh,Nu,Li-Ion,8 GB,256 GB,
"Telefon mobil Poco F7 Pro, 12GB RAM, 512GB, 5G, Blue","2.999,99 Lei",2999.99 Lei,4(11),https://www.emag.ro/telefon-mobil-poco-f7-pro-12gb-ram-512gb-5g-blue-pc-f7problu512/pd/DRDD0D3BM/,https://s13emagst.akamaized.net/products/91733/91732451/images/res_cc36df7d84ab362e5ccc02d4a9ecd5b7.jpg?width=720&height=720&hash=32CB2302D01F61844C59804A630F74D1,6.67 inch,"Dolby Vision
HDR10+
120 Hz
68B colors
1800 nits (HBM)
3200 nits (peak)",1440 x 3200,AMOLED,6000 mAh,Nu,,12 GB,512 GB,
"Telefon mobil Samsung Galaxy Z Flip5, 8GB RAM, 256GB, 5G, Mint","3.528,99 Lei",3528.99 Lei,4.07(94),https://www.emag.ro/telefon-mobil-samsung-galaxy-z-flip5-8gb-ram-256gb-5g-mint-sm-f731blggeue/pd/DH9MFMYBM/,https://s13emagst.akamaized.net/products/58631/58630094/images/res_71818bf2faaf23ab99e7955d5293d180.jpg?width=720&height=720&hash=634AE86CF75A0A17CD663ACC4F2C00E3,6.7 inch,"FHD+
Infinity Flex Display
Adaptiv 120 Hz (1-120 Hz)",2640 x 1080,Dynamic AMOLED,3700 mAh,,,8 GB,256 GB,
"Telefon mobil HONOR X7d, Dual SIM, 8GB RAM, 256GB ROM, Desert Gold - Casti Honor Choice Earbuds X7e Active incluse","1.499,19 Lei",1499.19 Lei,4.75(4),https://www.emag.ro/telefon-mobil-honor-x7d-dual-sim-8gb-ram-256gb-rom-desert-gold-casti-honor-choice-earbuds-x7e-active-incluse-5109bybc-5504adcy/pd/DL6LXS3BM/,https://s13emagst.akamaized.net/products/101996/101995635/images/res_77af41a80df46e01dda68e44727780d7.jpg?width=720&height=720&hash=70091E7A7742D46D120B408A2380A26F,6.77 inch,"120 Hz
700 nits",1610 x 720,LCD,6500 mAh,Nu,,8 GB,256 GB,
"Telefon mobil Samsung Galaxy S25 Edge, 12GB RAM, 512GB, 5G, Titanium Icy Blue","6.899,99 Lei",6899.99 Lei,5(12),https://www.emag.ro/telefon-mobil-samsung-galaxy-s25-edge-12gb-ram-512gb-5g-titanium-icy-blue-sm-s937blbgeue/pd/DX7DKS3BM/,https://s13emagst.akamaized.net/products/101832/101831571/images/res_c328dfad2d5306d0c248044ee91e9fe5.jpg?width=720&height=720&hash=E3FCDA090F79E543A012459D7E4EF2C0,,"16 milioane de culori
120 Hz",3120 x 1440,Dynamic AMOLED,3900 mAh,Nu,,12 GB,512 GB,
"Telefon mobil Motorola razr 60 ultra, Dual SIM, 512GB, 16GB RAM, 5G, Pantone Rio Red","4.299,99 Lei",4299.99 Lei,3(6),https://www.emag.ro/telefon-mobil-motorola-razr-60-ultra-dual-sim-512gb-16gb-ram-5g-pantone-rio-red-pb8r0008pl/pd/DBFPPN3BM/,https://s13emagst.akamaized.net/products/94569/94568631/images/res_a5fcf8ff49029eaed4488fe16868ea15.jpg?width=720&height=720&hash=15CC5AD506DCEA2E8B26206276004AC5,"7 inch
4 inch","Dolby Vision
HDR10+
Rata de raspuns la atingere 300 Hz
Rata de reimprospatare de 165 Hz
4500 nits (peak)
464 ppi
Rata de raspuns la atingere 130 Hz",1224 x 2912,OLED,4700 mAh,Nu,Li-Ion,16 GB,512 GB,
"Telefon mobil Motorola moto g05, Dual SIM, 128GB, 8GB RAM, 5200 mAh, Forest Green","484,99 Lei",484.99 Lei,4.66(73),https://www.emag.ro/telefon-mobil-motorola-moto-g05-dual-sim-128gb-8gb-ram-5200-mah-forest-green-pb6l0014pl/pd/DYGJV23BM/,https://s13emagst.akamaized.net/products/90135/90134054/images/res_46bd5e87d33ff0a2d509a0e0c3fd6ed7.jpg?width=720&height=720&hash=4325AE99D209EF52705DB529C0B7029A,6.67 inch,263 ppi,1612 x 720,LCD,5200 mAh,Nu,,8 GB,128 GB,
"Telefon mobil Xiaomi Redmi Note 14 Pro, 8GB RAM, 256GB, 5G, Coral Green + Xiaomi High-capacity gel pen","2.236,96 Lei",2236.96 Lei,5(1),https://www.emag.ro/telefon-mobil-xiaomi-redmi-note-14-pro-8gb-ram-256gb-5g-coral-green-xiaomi-high-capacity-gel-pen-bndlpro5ggr/pd/DLD1CF3BM/,https://s13emagst.akamaized.net/products/100359/100358398/images/res_4e0db70bde2941eebaa4d9e63d97554b.jpg?width=720&height=720&hash=1655A21A7B856EC5C271EBF0E1943246,6.67 inch,"Rata de refresh 120 Hz
3000 nits (varf)
Reading mode
Contrast ratio: 5,000,000:1
Touch sampling rate: Up to 480Hz",2712 x 1220,AMOLED,5110 mAh,,,8 GB,256 GB,
"Telefon mobil Xiaomi Redmi Note 10 Pro, Dual SIM, 6GB RAM, 128GB, Glacier Blue","3.144,79 Lei",3144.79 Lei,4.08(406),https://www.emag.ro/telefon-mobil-xiaomi-redmi-note-10-pro-dual-sim-6gb-ram-128gb-glacier-blue-redmi-note-10-pro-glacier-blue-6-128/pd/DPVR7KMBM/,https://s13emagst.akamaized.net/products/36191/36190869/images/res_5f4eff2b3cb99a417fe8832316f4e580.jpg?width=720&height=720&hash=B7318303BCBB5F2673746D4E79F073D0,6.67 inch,"Corning Gorilla Glass 5
395 PPI",2400 x 1080,AMOLED,5020 mAh,,Li-Po,6 GB,128 GB,MicroSD
"Telefon mobil Motorola Edge 50 Neo, Dual SIM, 256GB, 8GB RAM, 5G, Pantone Poinciana","1.250,00 Lei",1250.00 Lei,4.44(163),https://www.emag.ro/telefon-mobil-motorola-edge-50-neo-dual-sim-256gb-8gb-ram-5g-pantone-poinciana-pb310045ro/pd/DC9QHCYBM/,https://s13emagst.akamaized.net/products/76080/76079941/images/res_bd02216a6fec9a222efdcf81783cf7c5.jpg?width=720&height=720&hash=1395A340EF0AC2E5CB458488D5CE035D,6.4 inch,446 PPI,2670 x 1220,P-OLED,4310 mAh,Nu,Li-Po,8 GB,256 GB,
"Telefon mobil Xiaomi Redmi 15C, 4GB RAM, 256GB, Moonlight Blue","580,80 Lei",580.80 Lei,3(2),https://www.emag.ro/telefon-mobil-xiaomi-redmi-15c-4gb-ram-256gb-moonlight-blue-mzb0lieeu/pd/DSZ05J3BM/,https://s13emagst.akamaized.net/products/101449/101448646/images/res_68b2142883275d558ede83a21cf19951.jpg?width=720&height=720&hash=7D6CB5D028E9FE91F924F399FAB73D44,6.9 inch,120 Hz,720 x 1600,"LCD
IPS",6000 mAh,Nu,,4 GB,256 GB,MicroSDXC
"Telefon mobil Xiaomi Redmi Note 14 Pro, 8GB RAM, 256GB, Ocean Blue","999,99 Lei",999.99 Lei,4.43(67),https://www.emag.ro/telefon-mobil-xiaomi-redmi-note-14-pro-8gb-ram-256gb-ocean-blue-mzb0iwdeu/pd/DGH3DGYBM/,https://s13emagst.akamaized.net/products/84223/84222410/images/res_1f5ce8adae7806c562a60a00da0e31f1.jpg?width=720&height=720&hash=5962BACFD666899ECAE924D9E3F5243E,6.67 inch,"Rata de refresh 120 Hz
1800 nits (peak)
Sunlight display
Reading mode
Contrast ratio: 5,000,000:1",2400 x 1080,AMOLED,5500 mAh,,,8 GB,256 GB,
"Telefon mobil Realme GT 7T, 12GB RAM, 512GB, 5G, galben","2.070,31 Lei",2070.31 Lei,,https://www.emag.ro/telefon-mobil-realme-gt-7t-12gb-ram-512gb-5g-galben-gt7t-12-512-yellow/pd/D5P0RS3BM/,https://s13emagst.akamaized.net/products/102343/102342093/images/res_6f1c07e699fac6cba0ae17836a8cf85d.jpg?width=720&height=720&hash=E34A48485FB07303A45300B21C6E6D97,6.7 inch,120 Hz,1080 x 2400,AMOLED,6000 mAh,Da,Li-Po,12 GB,512 GB,MicroSD
"Telefon mobil Xiaomi Redmi Note 10 Pro, Dual SIM, 6GB, 128GB, Onyx Gray","3.386,79 Lei",3386.79 Lei,4.08(406),https://www.emag.ro/telefon-mobil-xiaomi-redmi-note-10-pro-dual-sim-6gb-128gb-onyx-gray-redmi-note-10-pro-onyx-grey-6-128/pd/DXVR7KMBM/,https://s13emagst.akamaized.net/products/36191/36190870/images/res_03b27f4cef1f02badb6bd13367462534.jpg?width=720&height=720&hash=D2CC80543E8916C44B0E5B9B94E4E4E5,6.67 inch,"Corning Gorilla Glass 5
395 PPI",2400 x 1080,AMOLED,5020 mAh,,Li-Po,6 GB,128 GB,MicroSD
"Telefon mobil Poco M6 Pro, 8GB RAM, 256GB, Purple","1.098,16 Lei",1098.16 Lei,4.5(26),https://www.emag.ro/telefon-mobil-poco-m6-pro-8gb-ram-256gb-purple-xm-pcom6pro256p/pd/D3CVCKYBM/,https://s13emagst.akamaized.net/products/65261/65260211/images/res_feb23e7127c34a310b9b6288fb277dcd.jpg?width=720&height=720&hash=0EA6D3B14F8E8875AC2E1CC46D912E8B,6.67 inch,"120 Hz
1000 nits (HBM)
1300 nits (peak)",1080 x 2400,AMOLED,5000 mAh,Da,Li-Po,8 GB,256 GB,MicroSDXC
"Telefon mobil Samsung Galaxy F17, 128GB, 4GB RAM, 5G, Neo Black","899,00 Lei",899.00 Lei,,https://www.emag.ro/telefon-mobil-samsung-galaxy-f17-128gb-4gb-ram-5g-neo-black-sm-e176-ds-128-4gb-black/pd/DLRF283BM/,https://s13emagst.akamaized.net/products/111881/111880416/images/res_76fdd9ae4a864cd048e9219e46a21d71.jpg?width=720&height=720&hash=D1077E2E423E1FD17946D8E252B1D187,6.7 inch,Corning Gorilla Glass Victus,1080 x 2340,Super AMOLED,5000 mAh,Nu,Li-Ion,4 GB,128 GB,MicroSDXC
"Telefon mobil Huawei nova 13, Dual SIM, 12GB RAM, 256GB, White","2.243,52 Lei",2243.52 Lei,5(11),https://www.emag.ro/telefon-mobil-huawei-nova-13-dual-sim-12gb-ram-256gb-white-51098cye/pd/D26TY8YBM/,https://s13emagst.akamaized.net/products/83185/83184040/images/res_4824ce7a090015102b5a0beed0afcbce.jpg?width=720&height=720&hash=9D8CDA13F9464F1B560984605519FABC,6.7 inch,"Rata de raspuns la atingere 300 Hz
Rata de refresh 120 Hz",2412 x 1084,OLED,5000 mAh,,,12 GB,256 GB,
"Telefon mobil Motorola razr 60 ultra, Dual SIM, 512GB, 16GB RAM, 5G, Pantone Scarab","4.999,99 Lei",4999.99 Lei,3(6),https://www.emag.ro/telefon-mobil-motorola-razr-60-ultra-dual-sim-512gb-16gb-ram-5g-pantone-scarab-pb8r0006pl/pd/DG9PPN3BM/,https://s13emagst.akamaized.net/products/94569/94568629/images/res_f6e1f07bfc0a3f084bb55fb7f02c373b.jpg?width=720&height=720&hash=D7232CE893A055E52C22908436C35055,"7 inch
4 inch","Dolby Vision
HDR10+
Rata de raspuns la atingere 300 Hz
Rata de reimprospatare de 165 Hz
4500 nits (peak)
464 ppi
Rata de raspuns la atingere 130 Hz",1224 x 2912,OLED,4700 mAh,Nu,Li-Ion,16 GB,512 GB,
"Telefon mobil Nokia 225 (2024), Dual SIM, 4G, Roz","269,00 Lei",269.00 Lei,4(8),https://www.emag.ro/telefon-mobil-nokia-225-2024-dual-sim-4g-roz-1gf025fpc2l04/pd/D26CJFYBM/,https://s13emagst.akamaized.net/products/71608/71607834/images/res_c193d76e4a3902403da27be7db1c9d94.jpg?width=720&height=720&hash=16FAD012EBC45989337A17750B3702DD,2.4 inch,,,"LCD
TFT",1450 mAh,,Li-Ion,64 MB,128 MB,MicroSD
"Telefon mobil Unihertz Tank 3 Pro, 5G, Proiector video 100 Lumeni, 32GB RAM (16GB + 16GB extensibili), 512GB ROM, 6.79"" FHD+ 120Hz, Camera 200mpx, Night Vision, Android 14, Dimensity 8200, 23800mAh","3.499,99 Lei",3499.99 Lei,3.5(6),https://www.emag.ro/telefon-mobil-unihertz-tank-3-pro-5g-proiector-video-100-lumeni-32gb-ram-16gb-16gb-extensibili-512gb-rom-6-79-fhd-120hz-camera-200mpx-night-vision-android-14-dimensity-8200-23800mah-6972378150455/pd/DNDBMXYBM/,https://s13emagst.akamaized.net/products/69295/69294061/images/res_75d027a7d7f43ec738795a642bff0cee.png?width=720&height=720&hash=FACB4A80E14BA5BC22D2689267D9B585,6.79 inch,,,,,,,16 GB,512 GB,
"Telefon mobil Xiaomi Redmi Note 14, 8GB RAM, 256GB, 5G, Midnight Black","979,20 Lei",979.20 Lei,4.27(11),https://www.emag.ro/telefon-mobil-xiaomi-redmi-note-14-8gb-ram-256gb-5g-midnight-black-xa-rdnt14mdbk2565g/pd/DHN19GYBM/,https://s13emagst.akamaized.net/products/84480/84479878/images/res_7266f9862505d9e48e41c93be643ea90.jpg?width=720&height=720&hash=6C2455864903AA8B6DCC20668997F416,6.67 inch,"120 Hz
2100 nits (peak)",2400 x 1080,AMOLED,5110 mAh,Nu,Li-Ion,8 GB,256 GB,MicroSDHC
"Telefon mobil Samsung Galaxy S25 Ultra, Dual SIM, 12GB RAM, 256GB, 5G, Titanium WhiteSilver","5.449,00 Lei",5449.00 Lei,4.66(500),https://www.emag.ro/telefon-mobil-samsung-galaxy-s25-ultra-dual-sim-12gb-ram-256gb-5g-titanium-whitesilver-sm-s938bzsdeue/pd/D2RVXGYBM/,https://s13emagst.akamaized.net/products/84446/84445771/images/res_010a3c7e38f9c9c9cb33871e8d34cd69.jpg?width=720&height=720&hash=1ACE6D6FE697885F52BC387443DAF6BE,6.9 inch,"Rata de refresh 120 Hz
2600nits
qHD+",3120 x 1440,Dynamic AMOLED,5000 mAh,,,12 GB,256 GB,
"Telefon mobil Motorola ThinkPhone 25 by motorola, Dual SIM, 256GB, 8GB RAM, 5G, Carbon Black","1.729,72 Lei",1729.72 Lei,5(1),https://www.emag.ro/telefon-mobil-motorola-thinkphone-25-by-motorola-dual-sim-256gb-8gb-ram-5g-carbon-black-pb5w0002pl/pd/DF8JV23BM/,https://s13emagst.akamaized.net/products/90135/90134034/images/res_6d4b1f20acb64a633a2096de32a7ef2e.jpg?width=720&height=720&hash=36AEB017C270B0E98080F2245974B4DC,6.36 inch,"HDR10+
DCI-P3
120 Hz
Rata de raspuns la atingere 300 Hz
3000 nits (varf)
Gama cromatica 100%
Tehnologie de 10 biti",2670 x 1220,OLED,4310 mAh,Da,,8 GB,256 GB,
"Telefon mobil Samsung Galaxy A35, Dual SIM, 6GB, 128GB, 5G, Awesome Lemon","1.499,99 Lei",1499.99 Lei,4.67(244),https://www.emag.ro/telefon-mobil-samsung-galaxy-a35-dual-sim-6gb-128gb-5g-awesome-lemon-sm-a356bzybeue/pd/D4Y2YPYBM/,https://s13emagst.akamaized.net/products/68405/68404061/images/res_c06282ad4517168893af9d3103d2dc04.jpg?width=720&height=720&hash=2499D70B1C1B16D9AF2F7EBAB8ADD8DB,6.6 inch,"16M adancime de culoare
Refresh rate 120Hz",1080 x 2340,Super AMOLED,5000 mAh,,,6 GB,128 GB,MicroSD
"Telefon mobil Motorola Edge 50 Neo, Dual SIM, 256GB, 8GB RAM, 5G, Mocha Mousse","1.875,50 Lei",1875.50 Lei,4.44(163),https://www.emag.ro/telefon-mobil-motorola-edge-50-neo-dual-sim-256gb-8gb-ram-5g-mocha-mousse-pb310066ro/pd/D6F678YBM/,https://s13emagst.akamaized.net/products/83293/83292284/images/res_7deec0089686b5d4574ba751d94dce38.jpg?width=720&height=720&hash=5230ECFF6D82A9D07EE2164F898F2D51,6.4 inch,446 PPI,2670 x 1220,P-OLED,4310 mAh,Nu,Li-Po,8 GB,256 GB,
"Telefon mobil Samsung Galaxy A05, 64GB, 4GB RAM, 4G, Light Green","459,99 Lei",459.99 Lei,4.5(22),https://www.emag.ro/telefon-mobil-samsung-galaxy-a05-64gb-4gb-ram-4g-light-green-sm-a055flgd/pd/DT9VCKYBM/,https://s13emagst.akamaized.net/products/62395/62394599/images/res_81a5958cb6beabda011f1b64d2396b73.jpg?width=720&height=720&hash=EC29F0EE7B2D6C88A8132874593D49FD,6.7 inch,,720 x 1600,PLS,5000 mAh,Nu,Li-Po,4 GB,64 GB,MicroSDXC
"Telefon mobil OPPO Reno7 Lite, Dual SIM, 128GB, 8GB RAM, 5G, Cosmic Black","999,00 Lei",999.00 Lei,4.55(124),https://www.emag.ro/telefon-mobil-oppo-reno7-lite-dual-sim-128gb-8gb-ram-5g-cosmic-black-6041272/pd/D2BN7SMBM/,https://s13emagst.akamaized.net/products/44487/44486616/images/res_ba35092318009719a8f86225292ed55c.jpg?width=720&height=720&hash=DA1E7EAA3F6F70A997572068C8824CC1,6.43 inch,"409 ppi
600 niti",1080 x 2400,AMOLED,4500 mAh,,Li-Po,8 GB,128 GB,
"Telefon mobil Samsung Galaxy M16, Dual SIM, 6GB RAM, 128GB, 5G, Blush Pink","958,80 Lei",958.80 Lei,,https://www.emag.ro/telefon-mobil-samsung-galaxy-m16-dual-sim-6gb-ram-128gb-5g-blush-pink-sm-m166-6-128-pnk/pd/DKJ6K83BM/,https://s13emagst.akamaized.net/products/112011/112010820/images/res_30af30cbd59e3b65f2834cb732f4939b.jpg?width=720&height=720&hash=3C6E846F1D2840391AD21A64E0A09A15,6.7 inch,,1080 x 2340,Super AMOLED,,,,6 GB,128 GB,
"Telefon mobil Nokia 150 (2023), Dual SIM, Black","281,54 Lei",281.54 Lei,4.01(105),https://www.emag.ro/telefon-mobil-nokia-150-2023-dual-sim-black-286836994/pd/D9XGWMYBM/,https://s13emagst.akamaized.net/products/59104/59103839/images/res_351d8e3a4628b2d9b115fcce21523d65.jpg?width=720&height=720&hash=0ABFD7A11D9970FE396BFAB6BCAB0A4D,2.4 inch,,,,,,,4 MB,4 MB,
"Telefon mobil Poco F8 Pro, 12GB RAM, 256GB, 5G, Titanium Silver","5.616,69 Lei",5616.69 Lei,,https://www.emag.ro/telefon-mobil-poco-f8-pro-12gb-ram-256gb-5g-titanium-silver-pc-f8pro256ts/pd/DPRJK83BM/,https://s13emagst.akamaized.net/products/112001/112000532/images/res_698fbf0c396a4f7ce72bec7270113b1d.jpg?width=720&height=720&hash=C1A49559892DD2ED4076C1EF12A3B59C,6.59 inch,"Dolby Vision
HDR10+
120 Hz
68B colors
2000 nits (HBM)
3500 nits peak",1156 x 2510,AMOLED,6210 mAh,Nu,,12 GB,256 GB,
"Telefon mobil Samsung Galaxy Z Flip5, 8GB RAM, 256GB, 5G, Lavender","4.029,00 Lei",4029.00 Lei,4.07(94),https://www.emag.ro/telefon-mobil-samsung-galaxy-z-flip5-8gb-ram-256gb-5g-lavender-sm-f731bligeue/pd/DP9MFMYBM/,https://s13emagst.akamaized.net/products/58631/58630095/images/res_5356c3d5e56ddd8c59117185d428c6dd.jpg?width=720&height=720&hash=0A8082776506E5FDC2D8AAA41A1B196A,6.7 inch,"FHD+
Infinity Flex Display
Adaptiv 120 Hz (1-120 Hz)",2640 x 1080,Dynamic AMOLED,3700 mAh,,,8 GB,256 GB,
"Telefon mobil Google Pixel 9 Pro, 128GB, 16GB RAM, 5G, Rose Quartz","4.969,99 Lei",4969.99 Lei,4.52(81),https://www.emag.ro/telefon-mobil-google-pixel-9-pro-128gb-16gb-ram-5g-rose-quartz-ga05941-gb/pd/D3ZKQVYBM/,https://s13emagst.akamaized.net/products/74606/74605033/images/res_3d117387430e2bbd69e3cd3cf10fdb5c.jpg?width=720&height=720&hash=6CB616EA5EA1B9094860FA591F4C96CA,6.32 inch,"HDR10+
Refresh rate 120Hz
3000 nits (varf)
495 PPI",1280 x 2856,P-OLED,4700 mAh,Nu,Li-Ion,16 GB,128 GB,
Telefon mobil Smartphone Redmagic 10 Pro 5G 16/512GB (Dusk),"5.346,00 Lei",5346.00 Lei,4.4(5),https://www.emag.ro/telefon-mobil-smartphone-redmagic-10-pro-5g-16-512gb-dusk-nx789j-16-512-dusk/pd/D4VFNWYBM/,https://s13emagst.akamaized.net/products/85248/85247043/images/res_20105217e58133dc2d0b4ca839aec1bf.png?width=720&height=720&hash=71B09C01946EE65344D2C22868FBFE2B,,,,,,,,16 GB,512 GB,
"Telefon mobil Samsung Galaxy XCover7 Pro Enterprise Edition, 8GB RAM, 256GB, 5G, Black","2.714,16 Lei",2714.16 Lei,,https://www.emag.ro/telefon-mobil-samsung-galaxy-xcover7-pro-enterprise-edition-8gb-ram-256gb-5g-black-sm-g766bzkfeee/pd/DD4CLC3BM/,https://s13emagst.akamaized.net/products/94739/94738539/images/res_b2343cd7c9773741a06f43e1543d8585.jpg?width=720&height=720&hash=D6140BD900FE5716DFF3F7B340C8D8A9,6.6 inch,120 Hz,1080 x 2408,"LCD
IPS",4350 mAh,Nu,Li-Po,8 GB,256 GB,MicroSDXC
"Telefon mobil FOSSiBOT F105, 6.74 inchi HD+, 12GB RAM (4GB + 8GB ext), 64GB, 10300mAh, Dual SIM, Octa-Core, Rezistent IP68/IP69K, 20MP + 8MP, Android 14, Potrivit pentru sporturi in aer liber, Gri/Albastru","629,68 Lei",629.68 Lei,5(2),https://www.emag.ro/telefon-mobil-fossibot-f105-6-74-inchi-hd-12gb-ram-4gb-8gb-ext-64gb-10300mah-dual-sim-octa-core-rezistent-ip68-ip69k-20mp-8mp-android-14-potrivit-pentru-sporturi-in-aer-liber-gri-albastru-f105grey/pd/DSRM25YBM/,https://s13emagst.akamaized.net/products/81391/81390765/images/res_9c0da4130b6ef5f4b83c7e01cd0663ee.jpg?width=720&height=720&hash=8C2550A92CA1C5B5BA5D06A657161ED6,6.75 inch,,720 x 1600,,10300 mAh,Da,Li-Ion,12 GB,64 GB,
"Telefon mobil Poco M6 Pro, 8GB RAM, 256GB, Black","750,01 Lei",750.01 Lei,4.5(26),https://www.emag.ro/telefon-mobil-poco-m6-pro-8gb-ram-256gb-black-poco-m6pbk-8-256/pd/D2CVCKYBM/,https://s13emagst.akamaized.net/products/65261/65260212/images/res_8f9035d28f25a2fd08d704a550c97eb0.jpg?width=720&height=720&hash=1AC1DCE0E313A091F0E856DEA94D67EC,6.67 inch,"120 Hz
1000 nits (HBM)
1300 nits (peak)",1080 x 2400,AMOLED,5000 mAh,Da,Li-Po,8 GB,256 GB,MicroSDXC
"Telefon mobil Poco M7, 8GB RAM, 256GB, Silver","799,00 Lei",799.00 Lei,,https://www.emag.ro/telefon-mobil-poco-m7-8gb-ram-256gb-silver-pc-m7slv4g256/pd/D0105J3BM/,https://s13emagst.akamaized.net/products/101449/101448680/images/res_46be8c807ff6c93bbfa63d1959f7c3c1.jpg?width=720&height=720&hash=E969FC199B09ED3182A2501CEFDB9B09,6.9 inch,"144 Hz
700 nits (typ)
850 nits (HBM)",1080 x 2340,"LCD
IPS",7000 mAh,Nu,Li-Ion,8 GB,256 GB,MicroSDXC
"Telefon mobil Xiaomi 14T, 12GB RAM, 256GB, 5G, Lemon Green","2.200,00 Lei",2200.00 Lei,4.49(179),https://www.emag.ro/telefon-mobil-xiaomi-14t-12gb-ram-256gb-5g-lemon-green-mzb0hu1eu/pd/DB4GQLYBM/,https://s13emagst.akamaized.net/products/77396/77395690/images/res_160b9ea8f13fcaf56b072edfdad83e6d.jpg?width=720&height=720&hash=7D70DA9F0F9AC449C5C35BE74E27703F,6.67 inch,"Dolby Vision
HDR10+
144 Hz
446 PPI
Luminozitate maxima: 4000 nits
Intensitate culoare: 12-bit",2712 x 1220,AMOLED,5000 mAh,Nu,,12 GB,256 GB,
"Telefon mobil Doogee S200 Ultra, 5G, Dual SIM, Octa-Core Dimensity 7400, 12GB RAM, 1TB, Dual Display 6.72' 120Hz IPS + 1.32' AMOLED, 11000mAh, NFC, IP68/IP69K, Android 15, Yellow","2.399,99 Lei",2399.99 Lei,,https://www.emag.ro/telefon-mobil-doogee-s200-ultra-5g-dual-sim-octa-core-dimensity-7400-12gb-ram-1tb-dual-display-6-72-120hz-ips-1-32-amoled-11000mah-nfc-ip68-ip69k-android-15-yellow-00003165/pd/D2JN683BM/,https://s13emagst.akamaized.net/products/112560/112559547/images/res_c5b929c6ad20e500db37675fc57c4ebc.png?width=720&height=720&hash=1264973A295FE7B77BFEDA7249549BB5,6.72 inch,"120 Hz
Touch screen",2400 x 1080,IPS,11000 mAh,Da,Li-Po,12 GB,1 TB,MicroSD
"Telefon mobil Poco M7, 8GB RAM, 256GB, Black","820,00 Lei",820.00 Lei,,https://www.emag.ro/telefon-mobil-poco-m7-8gb-ram-256gb-black-pc-m7blk4g256/pd/DK105J3BM/,https://s13emagst.akamaized.net/products/101449/101448674/images/res_79be7db6e00ad6037dae70345fc7bb51.jpg?width=720&height=720&hash=DE3E099184DC83A8B87DFFF14537CC61,6.9 inch,"144 Hz
700 nits (typ)
850 nits (HBM)",1080 x 2340,"LCD
IPS",7000 mAh,Nu,Li-Ion,8 GB,256 GB,MicroSDXC
"Telefon mobil Motorola Edge 50 fusion, 12GB RAM, 512GB, 5G, Marshmallow Blue","1.711,99 Lei",1711.99 Lei,4.65(251),https://www.emag.ro/telefon-mobil-motorola-edge-50-fusion-12gb-ram-512gb-5g-marshmallow-blue-pb3t0008pl/pd/DZDSD9YBM/,https://s13emagst.akamaized.net/products/70383/70382887/images/res_4fbda60306932515633f4eec529afd4e.jpg?width=720&height=720&hash=66A257488D7FA49B931F23EDE0A68AC6,6.7 inch,"395 PPI
Rata de reimprospatare de 144 Hz",2400 x 1080,OLED,5000 mAh,,,12 GB,512 GB,
"Telefon mobil Poco F7 Ultra, 12GB RAM, 256GB, 5G, Yellow","3.905,50 Lei",3905.50 Lei,5(5),https://www.emag.ro/telefon-mobil-poco-f7-ultra-12gb-ram-256gb-5g-yellow-pc-f7ultylw256/pd/DZVQ4K3BM/,https://s13emagst.akamaized.net/products/93866/93865294/images/res_4199e43bd66c15a6edab1b75a019ec59.jpg?width=720&height=720&hash=54FCF52B1208F332F2880E57C23E6122,6.67 inch,"Dolby Vision
HDR10+
120 Hz
68B colors
1800 nits (HBM)
3200 nits (peak)",1440 x 3200,AMOLED,5300 mAh,Nu,,12 GB,256 GB,
"Telefon mobil Motorola Moto g55, Dual SIM, 256GB, 8GB RAM, 5G, Forest Grey","879,97 Lei",879.97 Lei,4.56(16),https://www.emag.ro/telefon-mobil-motorola-moto-g55-dual-sim-256gb-8gb-ram-5g-forest-grey-pb5u0006pl/pd/DNXRRLYBM/,https://s13emagst.akamaized.net/products/77422/77421455/images/res_81fa41463409abcd64837d5545e747b3.jpg?width=720&height=720&hash=10838695E742A16B1E9059FF988846DA,6.5 inch,"405 PPI
Rata de reimprospatare de 120 Hz",1080 x 2400,LCD,5000 mAh,,,8 GB,256 GB,
"Telefon mobil Xiaomi Redmi Note 14 Pro+, 8GB RAM, 256GB ROM, 5G, Frost Blue + Xiaomi High-capacity pen","2.291,01 Lei",2291.01 Lei,5(1),https://www.emag.ro/telefon-mobil-xiaomi-redmi-note-14-pro-8gb-ram-256gb-rom-5g-frost-blue-xiaomi-high-capacity-pen-bndlpro-5gblue/pd/DTSD1J3BM/,https://s13emagst.akamaized.net/products/101356/101355282/images/res_8f3a55c83a2d8ee12b2a14df849df70b.jpg?width=720&height=720&hash=6AB0F1DC9DC9BD0592E8856BBF0664CF,6.67 inch,"Rata de refresh 120 Hz
3000 nits (varf)
Reading mode
Contrast ratio: 5,000,000:1
Touch sampling rate: Up to 480Hz",2712 x 1220,AMOLED,5110 mAh,Nu,,8 GB,256 GB,
"Telefon mobil FOSSiBOT F107 Pro, 6.95-inch, Baterie 28000mAh, 5G, Android 15, 30GB RAM(12GB+extindere pana la 18 GB)+512GB ROM, 200MP+32MP, Rezistent la praf/Impermeabil/Rezistent la caderi, Pentru camping, calatorii, Negru","2.698,97 Lei",2698.97 Lei,,https://www.emag.ro/telefon-mobil-fossibot-f107-pro-6-95-inch-baterie-28000mah-5g-android-15-30gb-ram-12gb-extindere-pana-la-18-gb-512gb-rom-200mp-32mp-rezistent-la-praf-impermeabil-rezistent-la-caderi-pentru-camping-cal/pd/DTTV983BM/,https://s13emagst.akamaized.net/products/112181/112180637/images/res_132bbdc7ff295fa2fbb3244d9d1a5d29.jpg?width=720&height=720&hash=EDE847D09D7A443916FAACF38DEDDFAF,6.95 inch,,1080 x 2460,,28000 mAh,Da,Li-Ion,18 GB,512 GB,
"Telefon mobil Motorola moto g15, Dual SIM, 128GB, 4GB RAM, 5200 mAh, Iguana Green","497,15 Lei",497.15 Lei,4.4(25),https://www.emag.ro/telefon-mobil-motorola-moto-g15-dual-sim-128gb-4gb-ram-5200-mah-iguana-green-pb6e0008pl/pd/D88JV23BM/,https://s13emagst.akamaized.net/products/90135/90134047/images/res_7e9f601228feecf118871af5d7403e8d.jpg?width=720&height=720&hash=07DF1A32B5801DF510E3E33BC3C31CB1,6.72 inch,"391 PPI
FHD+
60 Hz",2400 x 1080,LCD,5200 mAh,Nu,,4 GB,128 GB,
"Telefon ASUS ROG Phone 9 Fun Edition, Dual SIM, 256GB, 16GB RAM, 5G, Black","4.299,99 Lei",4299.99 Lei,,https://www.emag.ro/telefon-asus-rog-phone-9-fun-edition-dual-sim-256gb-16gb-ram-5g-black-ai2401-7b110id/pd/DQTV983BM/,https://s13emagst.akamaized.net/products/112181/112180650/images/res_9d41f53171fa805e2f46349415601a09.jpg?width=720&height=720&hash=BB74A423C6CDDAED2FE0B485F7D63AAD,6.78 inch,"HDR10
FHD+
Always On
1600 nits (HBM)
2500 nits peak
Corning Gorilla Glass Victus 2
Rata refresh 185Hz
185 Hz",2400 x 1080,AMOLED,5500 mAh,Da,Li-Po,16 GB,256 GB,
"Smartphone HONOR Magic V5, 16GB, 512GB, Black","17.369,39 Lei",17369.39 Lei,,https://www.emag.ro/smartphone-honor-magic-v5-16gb-512gb-black-kxg0276108/pd/D6H0B13BM/,https://s13emagst.akamaized.net/products/107139/107138414/images/res_d5b1a2255d5edbbbe836ece489d6ebe8.jpg?width=720&height=720&hash=96D7C617A90B91462E7C5EEF0EE6FDC0,7.95 inch,,2172 x 2352,AMOLED,5820 mAh,,Li-Po,16 GB,512 GB,
"Telefon mobil Honor Magic 5 Pro, Dual SIM, 12GB RAM, 512GB, 5G, Meadow Green","5.311,07 Lei",5311.07 Lei,4.44(62),https://www.emag.ro/telefon-mobil-honor-magic-5-pro-dual-sim-12gb-ram-512gb-5g-meadow-green-5109arfa/pd/DFY8Z6MBM/,https://s13emagst.akamaized.net/products/54247/54246605/images/res_87f9ff16f0317f114798f55f947239b9.jpg?width=720&height=720&hash=69E381E39A36ED68243F06B9B76B1CC6,6.81 inch,"Rata de reimprospatare de 120 Hz
1.07 miliarde de culori
1800 nit2",2848 x 1312,OLED,5100 mAh,,Li-Po,12 GB,512 GB,
"Telefon mobil Motorola Moto g34, Dual SIM, 128GB, 8GB RAM, 5G, Ice Blue","937,75 Lei",937.75 Lei,4.3(30),https://www.emag.ro/telefon-mobil-motorola-moto-g34-dual-sim-128gb-8gb-ram-5g-ice-blue-pb0j0030pl/pd/DYKX1KYBM/,https://s13emagst.akamaized.net/products/65345/65344406/images/res_67189b29764b6280a917201536e71da1.jpg?width=720&height=720&hash=14180E543290E58AC054ADFDDB408945,6.53 inch,"Aspect Ratio: 20:9
FHD+
269 PPI
Rata de refresh 120 Hz",1600 x 720,IPS,5000 mAh,,Li-Po,8 GB,128 GB,
"Telefon mobil Oppo Find X8, 16GB RAM, 512GB, 5G, Space Black","4.690,00 Lei",4690.00 Lei,,https://www.emag.ro/telefon-mobil-oppo-find-x8-16gb-ram-512gb-5g-space-black-op-ofndx8spbk/pd/DY7D0D3BM/,https://s13emagst.akamaized.net/products/91733/91732412/images/res_fb0175209cf1d5a9aa37b19b12213dd2.jpg?width=720&height=720&hash=AB99063747F97332E83303F7D2ACD287,6.59 inch,"Dolby Vision
HDR10+
120 Hz
1B colors
1600 nits (HBM)
800 nits (typ)
4500 nits (peak)",1256 x 2760,AMOLED,5630 mAh,Nu,,16 GB,512 GB,
"Telefon mobil Xiaomi Redmi 13, 6GB RAM, 128GB, Ocean Blue","1.172,44 Lei",1172.44 Lei,4.45(179),https://www.emag.ro/telefon-mobil-xiaomi-redmi-13-6gb-ram-128gb-ocean-blue-mzb0h5teu/pd/D019SJYBM/,https://s13emagst.akamaized.net/products/72556/72555262/images/res_90608b552f9a57dea25f602e5da8094e.jpg?width=720&height=720&hash=7E3A9EB185ABE25450556D208863809A,6.79 inch,"90 Hz
550 niti",1080 x 2460,"LCD
IPS",5030 mAh,,,6 GB,128 GB,MicroSDXC
Telefon seniori cu clapeta myPhone 2G soclu incarcare butoane mari doua ecrane 2.4 si 1.4 incht retele 2G dual sim USB-C meniu RO cu info RO Alert,"297,79 Lei",297.79 Lei,,https://www.emag.ro/telefon-seniori-cu-clapeta-myphone-2g-soclu-incarcare-butoane-mari-doua-ecrane-2-4-si-1-4-incht-retele-2g-dual-sim-usb-c-meniu-ro-cu-info-ro-alert-tel000558/pd/DLJTJV3BM/,https://s13emagst.akamaized.net/products/102995/102994731/images/res_4fa3085d728f9ad1747775e372c23a38.jpg?width=720&height=720&hash=6BD25DE272066CC71CEB0A051304F7AB,2.4 inch,Always-on display,720 x 1640,LCD,800 mAh,Da,Li-Ion,128 MB,16 GB,MicroSD
"Telefon mobil Xiaomi 12 Lite, Dual SIM, 8GB RAM, 128GB, 5G, Green","799,00 Lei",799.00 Lei,4.65(40),https://www.emag.ro/telefon-mobil-xiaomi-12-lite-dual-sim-8gb-ram-128gb-5g-green-xiaomi12lite-8gb-green/pd/D4JL6CMBM/,https://s13emagst.akamaized.net/products/48546/48545569/images/res_3f3a6b559fb7f8816e1facd5d8c443de.png?width=720&height=720&hash=A1C221F0BF909F0703326701085BB283,6.55 inch,,1080 x 2400,AMOLED,4300 mAh,Da,Li-Po,8 GB,128 GB,NM
"Telefon mobil ASUS ROG Phone 8 Pro, Dual SIM, 512GB, 16GB RAM, 5G, Black","5.499,97 Lei",5499.97 Lei,4.54(13),https://www.emag.ro/telefon-mobil-asus-rog-phone-8-pro-dual-sim-512gb-16gb-ram-5g-black-ai2401-16g512gp-bk-eu/pd/DN9DNKYBM/,https://s13emagst.akamaized.net/products/64921/64920798/images/res_8985be784253da3c7f7fc05f06186c02.png?width=720&height=720&hash=B53083B98A28D1D2CCE377B8E2B1A3EA,6.78 inch,"FHD+
Rata de reimprospatare de 165 Hz
2500 nits peak",1080 x 2400,AMOLED,5500 mAh,,,16 GB,512 GB,
"Telefon mobil Samsung Galaxy Z Flip6, 12GB RAM, 512GB, 5G, Mint","4.088,99 Lei",4088.99 Lei,4.07(58),https://www.emag.ro/telefon-mobil-samsung-galaxy-z-flip6-12gb-ram-512gb-5g-mint-sm-f741blgheue/pd/D3KC8SYBM/,https://s13emagst.akamaized.net/products/73523/73522668/images/res_5c5ebb8d5504cf39d1bae993bbc55b01.jpg?width=720&height=720&hash=9233D4173A99BC259E9AAE78BC9FB5FE,6.7 inch,"FHD+
60 Hz
120Hz
1600nits","2640 x 1080
748 x 720","Super AMOLED
Dynamic AMOLED",4000 mAh,,,12 GB,512 GB,
"Telefon mobil Xiaomi 14T Pro, 12GB RAM, 1TB, 5G, Titan Gray","3.766,40 Lei",3766.40 Lei,4.64(160),https://www.emag.ro/telefon-mobil-xiaomi-14t-pro-12gb-ram-1tb-5g-titan-gray-xm-14tpro1tbgy/pd/D6HGLQYBM/,https://s13emagst.akamaized.net/products/80077/80076654/images/res_40e91aa92e4829c6aa66497a4313d4c4.jpg?width=720&height=720&hash=A25719F8E8F46AC1C139B37AD637E1B5,6.67 inch,"Dolby Vision
144 Hz
68B colors
1600 nits (HBM)
4000 nits (peak)
HDR 10+",1220 x 2712,AMOLED,5000 mAh,Da,Li-Po,12 GB,1 TB,
"Telefon mobil Poco M6 Pro, 8GB RAM, 256GB, Blue","749,99 Lei",749.99 Lei,4.5(26),https://www.emag.ro/telefon-mobil-poco-m6-pro-8gb-ram-256gb-blue-xm-pcem6pre256e/pd/D7CVCKYBM/,https://s13emagst.akamaized.net/products/65261/65260213/images/res_ccda1553bfa0d953353bf6b9b406c939.jpg?width=720&height=720&hash=3760E87BB1E78E386E6066DC4020E93F,6.67 inch,"120 Hz
1000 nits (HBM)
1300 nits (peak)",1080 x 2400,AMOLED,5000 mAh,Da,Li-Po,8 GB,256 GB,MicroSDXC
"Telefon mobil ZTE nubia Flip 2, Dual SIM, 8GB, 256GB, 5G, Black","2.499,99 Lei",2499.99 Lei,,https://www.emag.ro/telefon-mobil-zte-nubia-flip-2-dual-sim-8gb-256gb-5g-black-123447101078/pd/DKBN1P3BM/,https://s13emagst.akamaized.net/products/97664/97663555/images/res_34638f57f6614a002c08712ed29a4827.jpg?width=720&height=720&hash=465A6D533327D3392C86EF2144B22094,6.9 inch,"Rata de refresh 120 Hz
1200 nits (peak)",1188 x 2790,OLED,4325 mAh,,,8 GB,256 GB,
"Telefon mobil Apple iPhone 16 Plus, 512GB, 5G, Ultramarine","5.950,01 Lei",5950.01 Lei,4.83(64),https://www.emag.ro/telefon-mobil-apple-iphone-16-plus-512gb-5g-ultramarine-my2d3zd-a/pd/DT367LYBM/,https://s13emagst.akamaized.net/products/76828/76827237/images/res_59ce8ce78a3ae56b4fe3d9feee1840fd.jpg?width=720&height=720&hash=5FBFE0A1D79A5843D7A332183280D7C0,6.7 inch,"True tone
Haptic touch
HDR display
Wide color (P3)
Dynamic Island
1000 nit luminozitate maxima (tipic); 1600 nit luminozitate maxima (HDR); 2000 nit luminozitate maxima (in aer liber)
Fingerprint-resistant",2796 x 1290,OLED,,Nu,Li-Ion,8 GB,512 GB,
"Telefon Mobil ZTE Nubia Z70 Ultra, 5G, Dual SIM, Procesor Snapdragon 8 Elite Octa-Core, Ecran AMOLED 6.85"", 16GB RAM, 512GB Flash, Camera Tripla, Wi-Fi, Android, Negru","5.299,00 Lei",5299.00 Lei,,https://www.emag.ro/telefon-mobil-zte-nubia-z70-ultra-5g-dual-sim-procesor-snapdragon-8-elite-octa-core-ecran-amoled-6-85-16gb-ram-512gb-flash-camera-tripla-wi-fi-android-negru-nx733j-bk/pd/DPM728YBM/,https://s13emagst.akamaized.net/products/83241/83240902/images/res_71a567861d71e57e86981ebb744b3b8e.png?width=720&height=720&hash=4A8B5AEEF614DE015765972DECAB9423,6.85 inch,,1216 x 2688,IPS,,,,16 GB,512 GB,
"Telefon mobil HONOR Magic V5, Dual SIM, 16GB RAM, 512GB, 5G, Reddish Brown","8.650,00 Lei",8650.00 Lei,,https://www.emag.ro/telefon-mobil-honor-magic-v5-dual-sim-16gb-ram-512gb-5g-reddish-brown-62575737/pd/D6YXRL3BM/,https://s13emagst.akamaized.net/products/106039/106038751/images/res_a389de4ee5b3cfdf6f0abbd5230cf428.jpg?width=720&height=720&hash=E5A3713892E92045A17F1A5F137AECB3,7.95 inch,,2172 x 2352,AMOLED,5820 mAh,Nu,,16 GB,512 GB,
"Telefon mobil Nokia 110 4G (2024), Dual SIM, Midnight Blue","210,00 Lei",210.00 Lei,4.67(3),https://www.emag.ro/telefon-mobil-nokia-110-4g-2024-dual-sim-midnight-blue-1gf032bpe1l01/pd/DMK4J6YBM/,https://s13emagst.akamaized.net/products/82689/82688533/images/res_d9e25a4ec12a246d83bba9d2fe4e425e.jpg?width=720&height=720&hash=EC69DE64012B9B59C789BDD46B6B48F1,1.77 inch,,,,1450 mAh,,Li-Ion,48 MB,128 MB,
"Telefon mobil Nothing Phone (2a), 256GB, 12GB RAM, 5G, Black","2.058,99 Lei",2058.99 Lei,4.77(79),https://www.emag.ro/telefon-mobil-nothing-phone-2a-256gb-12gb-ram-5g-black-a10400046/pd/DQSF0HYBM/,https://s13emagst.akamaized.net/products/67730/67729909/images/res_ef041852604cc9fc01226ac33422769e.jpg?width=720&height=720&hash=AC5971F7CF8751472E4D78807552C363,6.7 inch,"394 PPI
Rata de raspuns la atingere 240 Hz",1084 x 2412,AMOLED,5000 mAh,Nu,,12 GB,256 GB,
"Telefon mobil Google Pixel Fold, 12GB RAM, 256GB, 5G, Porcelain","5.250,01 Lei",5250.01 Lei,5(3),https://www.emag.ro/telefon-mobil-google-pixel-fold-12gb-ram-256gb-5g-porcelain-go-pxfld256pc/pd/DH8PHXYBM/,https://s13emagst.akamaized.net/products/69605/69604187/images/res_9d8b6ba04de9bd63c0cc90df80d3adc1.jpg?width=720&height=720&hash=96DF3BEDE91E97D61423D25E21DCD75B,"7.6 inch
5.8 inch","HDR10+
120 Hz
1450 nits peak
1000 nits (HBM)",1840 x 2208,OLED,4821 mAh,,Li-Po,12 GB,256 GB,
"Telefon mobil Samsung Galaxy Z Flip6, 12GB RAM, 256GB, 5G, Yellow","5.331,13 Lei",5331.13 Lei,4.07(58),https://www.emag.ro/telefon-mobil-samsung-galaxy-z-flip6-12gb-ram-256gb-5g-yellow-sm-f741bzygeue/pd/DMXGVSYBM/,https://s13emagst.akamaized.net/products/73523/73522670/images/res_674c6ccedec7248a3d2eed11ce1fca5f.jpg?width=720&height=720&hash=ACEBE4BE73F657C2F47F9523A828516A,6.7 inch,"FHD+
60 Hz
120Hz
1600nits","2640 x 1080
748 x 720","Super AMOLED
Dynamic AMOLED",4000 mAh,,,12 GB,256 GB,
"Telefon mobil Oppo Reno12 F, 8GB RAM, 256GB, 5G, Olive Green","1.327,33 Lei",1327.33 Lei,4.67(15),https://www.emag.ro/telefon-mobil-oppo-reno12-f-8gb-ram-256gb-5g-olive-green-11077/pd/D24Y5VYBM/,https://s13emagst.akamaized.net/products/74659/74658761/images/res_8729670fe4ea8ee612b451808ef3e7fd.jpg?width=720&height=720&hash=EC51B4CB0FEC6AC0656D4DDAC5BAA3A6,6.67 inch,"120 Hz
1B colors
600 nits (typ)
2100 nits (peak)
1200 nits (HMB)",1080 x 2400,AMOLED,5000 mAh,Da,,8 GB,256 GB,MicroSDXC
"Telefon mobil Poco X7, 8GB RAM, 256GB, 5G, Green","1.124,40 Lei",1124.40 Lei,4.33(9),https://www.emag.ro/telefon-mobil-poco-x7-8gb-ram-256gb-5g-green-mzb0irieu/pd/DWT19GYBM/,https://s13emagst.akamaized.net/products/84480/84479835/images/res_2025b52c7144d3016a8fdfa2659867b0.jpg?width=720&height=720&hash=7C35C2633DC1D34367A851BA94770AAB,6.67 inch,"Dolby Vision
HDR10+
120 Hz
68B colors
1200 nits (HBM)
3000 nits (peak)",2712 x 1220,AMOLED,5110 mAh,,Li-Ion,8 GB,256 GB,
"Telefon mobil Motorola Moto g85, 12GB RAM, 256GB, 5G, Cobalt Blue","1.179,99 Lei",1179.99 Lei,5(4),https://www.emag.ro/telefon-mobil-motorola-moto-g85-12gb-ram-256gb-5g-cobalt-blue-s0458441/pd/D8N8Q4YBM/,https://s13emagst.akamaized.net/products/75548/75547400/images/res_79e6706096e14e55e04c1b8b05783547.jpg?width=720&height=720&hash=480EADEA5B60BC06D57C16FBB56B1FF2,6.67 inch,"120 Hz
1B colors
1600 nits peak",1080 x 2400,P-OLED,5000 mAh,Da,,12 GB,256 GB,MicroSDXC
"Telefon mobil Realme GT 7T, 12GB RAM, 512GB, 5G, negru","2.070,31 Lei",2070.31 Lei,,https://www.emag.ro/telefon-mobil-realme-gt-7t-12gb-ram-512gb-5g-negru-gt7t-12-512-black/pd/DHX0RS3BM/,https://s13emagst.akamaized.net/products/102343/102342109/images/res_b2358de3f17ced483c27fd6ca92ff97e.jpg?width=720&height=720&hash=BB26E03DA903333069BD8C16C893DE0F,6.7 inch,120 Hz,1080 x 2400,AMOLED,6000 mAh,Da,Li-Po,12 GB,256 GB,MicroSD
"Telefon mobil FOSSiBOT F101 Pro, 4G, Android 13, Dual SIM, 8GB RAM+7GB RAM virtual, 128GB ROM, 5.45'' HD, 20MP, baterie 10,600mAh, Face ID, IP68/IP69K, GPS, NFC, Wi-Fi, Rezistent la praf/Impermeabil/Rezistent la caderi, Pentru sporturi in aer liber, Negru","757,57 Lei",757.57 Lei,,https://www.emag.ro/telefon-mobil-fossibot-f101-pro-4g-android-13-dual-sim-8gb-ram-7gb-ram-virtual-128gb-rom-5-45-hd-20mp-baterie-10-600mah-face-id-ip68-ip69k-gps-nfc-wi-fi-rezistent-la-praf-impermeabil-rezistent-la-cade/pd/DX5M25YBM/,https://s13emagst.akamaized.net/products/81391/81390792/images/res_1973e5be9953f9fb45486fdaba23e801.jpg?width=720&height=720&hash=17A507FF973FCEAE22015513EE482023,5.45 inch,,720 x 1440,,10600 mAh,Da,Li-Ion,8 GB,128 GB,
"Telefon mobil Cat S75, Dual SIM, 6GB RAM, 128GB, 6GB RAM, 5G, Black","1.693,49 Lei",1693.49 Lei,4.13(15),https://www.emag.ro/telefon-mobil-cat-s75-dual-sim-6gb-ram-128gb-6gb-ram-5g-black-cs75-dab-roe-nn/pd/DPSNM6MBM/,https://s13emagst.akamaized.net/products/53604/53603197/images/res_505bf153f858474a841d6d13fd01c085.jpg?width=720&height=720&hash=AF00F1EC222CA75252DF67A728BBFAAA,6.58 inch,"120 Hz
FHD+
Corning® Gorilla® Glass Victus®",,,5000 mAh,,,6 GB,128 GB,
"Telefon mobil Allview A20 LITE, 1GB RAM, 32GB, 3G, Albastru","235,99 Lei",235.99 Lei,2.75(68),https://www.emag.ro/telefon-mobil-allview-a20-lite-1gb-ram-32gb-3g-albastru-a20lite/pd/DJT2V3MBM/,https://s13emagst.akamaized.net/products/31941/31940029/images/res_d7cba0c87250e1b0f7ac05f17e7b1b54.jpg?width=720&height=720&hash=FB27F9ECB540D6D923A954F996AA8A7A,5.7 inch,,690 x 480,TFT,2400 mAh,Da,Li-Ion,1 GB,32 GB,MicroSD
"Telefon mobil Samsung Galaxy A05s, 128GB, 6GB RAM, 4G, Black","749,00 Lei",749.00 Lei,4.44(194),https://www.emag.ro/telefon-mobil-samsung-galaxy-a05s-128gb-6gb-ram-4g-black-sm-gaxa05s128bk/pd/DW9DZ83BM/,https://s13emagst.akamaized.net/products/64893/64892619/images/res_abb9911d4a4ad1e3c7c48eac85cebf31.jpg?width=720&height=720&hash=6710C955EA803398B681D3291EDB349F,6.7 inch,90 Hz,1080 x 2400,"LCD
PLS",5000 mAh,,Li-Po,6 GB,128 GB,MicroSDXC
"Telefon mobil Apple iPhone SE 3, 128GB, 5G, Red","3.263,94 Lei",3263.94 Lei,4.13(76),https://www.emag.ro/telefon-mobil-apple-iphone-se-3-128gb-5g-red-mmxl3rm-a/pd/DMPRWJMBM/,https://s13emagst.akamaized.net/products/44324/44323613/images/res_afde22df83b74a185d4ea15877a81415.jpg?width=720&height=720&hash=B89D3EAE1E30E8A38AE0A324CEECBB5E,4.7 inch,"326 PPI
True tone
625 niti luminozitate maxima",1334 x 750,"LCD
IPS",,Nu,Li-Ion,4 GB,128 GB,
"Telefon mobil Samsung Galaxy S25 Edge, 12GB RAM, 512GB, 5G, Titanium Icyblue","4.250,00 Lei",4250.00 Lei,3.79(14),https://www.emag.ro/telefon-mobil-samsung-galaxy-s25-edge-12gb-ram-512gb-5g-titanium-icyblue-sm-s937blbgeub/pd/DRNXK03BM/,https://s13emagst.akamaized.net/products/95374/95373776/images/res_c158ae91104b6475d8764146122773f3.jpg?width=720&height=720&hash=82A3F93CA033A05E47CF27738FCF7AD3,6.7 inch,"HDR10+
120 Hz",1440 x 3120,"AMOLED
LTPO",3900 mAh,Nu,,12 GB,512 GB,
"Telefon mobil FOSSiBOT S2, 6.72"" FHD, Baterie 5000mAh, 50MP+16MP, Octa-core, 20GB RAM(8GB+12GB extensibil RAM)+256GB ROM, Dual SIM, Face ID/GPS, NFC, Pentru camping, calatorii, Gri","998,99 Lei",998.99 Lei,,https://www.emag.ro/telefon-mobil-fossibot-s2-6-72-fhd-baterie-5000mah-50mp-16mp-octa-core-20gb-ram-8gb-12gb-extensibil-ram-256gb-rom-dual-sim-face-id-gps-nfc-pentru-camping-calatorii-gri-s2-gri/pd/D6JS983BM/,https://s13emagst.akamaized.net/products/112180/112179975/images/res_54d2db9fe7887a7516c329274aa2ae1a.jpg?width=720&height=720&hash=249931AA1C84E6ADBA6C6020B740762B,6.72 inch,,1080 x 2400,,5000 mAh,Da,Li-Ion,8 GB,256 GB,
"Telefon mobil TCL 50 NXTPaper PRO, 8GB RAM, 512GB, 5G, Blue","1.626,44 Lei",1626.44 Lei,4.7(10),https://www.emag.ro/telefon-mobil-tcl-50-nxtpaper-pro-8gb-ram-512gb-5g-blue-t803d-2clca112/pd/D4PVTZYBM/,https://s13emagst.akamaized.net/products/77802/77801989/images/res_f3aac737921da26ec39efd35b693273e.jpg?width=720&height=720&hash=F135D58C17540A8DCB7551541F88A494,6.8 inch,"120 Hz
FHD+",1080 x 2460,,5010 mAh,,,8 GB,512 GB,
"Telefon mobil Samsung Galaxy M55, 8GB RAM, 128GB, 5G, Light Green","1.395,99 Lei",1395.99 Lei,4.8(5),https://www.emag.ro/telefon-mobil-samsung-galaxy-m55-8gb-ram-128gb-5g-light-green-10904/pd/D771RXYBM/,https://s13emagst.akamaized.net/products/70032/70031113/images/res_cf12f781b6c7141389ad78b89392a8d5.jpg?width=720&height=720&hash=3CC337691093A08350C52ADA9599BB92,6.7 inch,"120 Hz
1000 niti hbm",1080 x 2400,Super AMOLED Plus,5000 mAh,Da,,8 GB,128 GB,MicroSDXC
"Telefon Mobil pentru Seniori cu Taste Mari, 4G, Meniu in Limba Romana, Volum Puternic Reglabil, Buton SOS, One Sim, Ecran LCD Generos, Color, Autonomie 7 Zile, Usor de Folosit pentru Varstnici, Pensionari si Bunici, Lanterna, Radio, Bluetooth, Albastru","328,99 Lei",328.99 Lei,4.68(40),https://www.emag.ro/telefon-mobil-pentru-seniori-cu-taste-mari-4g-meniu-in-limba-romana-volum-puternic-reglabil-buton-sos-one-sim-ecran-lcd-generos-color-autonomie-7-zile-usor-de-folosit-pentru-varstnici-pensionari-si-bu/pd/DDVZT8YBM/,https://s13emagst.akamaized.net/products/83348/83347133/images/res_f4546a5a3e32acdcaea2dcbe387baace.jpg?width=720&height=720&hash=3591708CA6B79D31294C5FF0542B17BA,1.77 inch,,128 x 160,LCD,1000 mAh,,Li-Ion,48 MB,128 GB,SD
"Telefon mobil Motorola Razr 50 ultra, Dual SIM, 12GB RAM, 512GB, 5G, Peach Fuzz","7.657,24 Lei",7657.24 Lei,4.33(30),https://www.emag.ro/telefon-mobil-motorola-razr-50-ultra-dual-sim-12gb-ram-512gb-5g-peach-fuzz-pb1t0056pl/pd/D7NJTSYBM/,https://s13emagst.akamaized.net/products/73183/73182356/images/res_bec6754d88e96d591fc52a5e3e6d9165.jpg?width=720&height=720&hash=6C6AD1E9784613FFE22905D0EFFD49C3,6.9 inch,,1080 x 2640,AMOLED,4000 mAh,,,12 GB,512 GB,
"Telefon mobil Ulefone Armor Mini 4, Dual SIM, 4G - LTE, 2.8 inch LCD, Camera Foto 2MP, USB-C, 2100mAh, IP68/IP69K, Black","295,99 Lei",295.99 Lei,5(2),https://www.emag.ro/telefon-mobil-ulefone-armor-mini-4-dual-sim-4g-lte-2-8-inch-lcd-camera-foto-2mp-usb-c-2100mah-ip68-ip69k-black-00002912/pd/DZSJQL3BM/,https://s13emagst.akamaized.net/products/106013/106012303/images/res_242c5311443b53c86486700b5b642bee.png?width=720&height=720&hash=257989E45A2A67FFF177703C92CE477A,2.8 inch,,320 x 240,LCD,2100 mAh,Da,Li-Po,64 MB,128 MB,MicroSD
"Telefon mobil Samsung Galaxy A07, Dual SIM, 64GB, 4GB RAM, 4G, Black","464,64 Lei",464.64 Lei,,https://www.emag.ro/telefon-mobil-samsung-galaxy-a07-dual-sim-64gb-4gb-ram-4g-black-sm-a075fzkdm/pd/DN2C5S3BM/,https://s13emagst.akamaized.net/products/102382/102381229/images/res_a896cf4c4e0962150a30fc02a7869bdf.jpg?width=720&height=720&hash=61C9104E5FF5E020D13BD12B08361F23,6.7 inch,,720 x 1600,PLS,5000 mAh,Nu,,4 GB,64 GB,MicroSDXC
"Telefon mobil Apple iPhone 15 Plus, 128GB, 5G, Green","4.500,00 Lei",4500.00 Lei,4.82(153),https://www.emag.ro/telefon-mobil-apple-iphone-15-plus-128gb-5g-green-mu173rx-a/pd/D0CH93YBM/,https://s13emagst.akamaized.net/products/60458/60457140/images/res_e64f9be59abde215d48172fef661bfab.jpg?width=720&height=720&hash=10821D0D7EF2CEBF1B2F205DC2FD932F,6.7 inch,"True tone
Haptic touch
2,000,000:1 contrast ratio
HDR display
Wide color (P3)
Dynamic Island",2796 x 1290,Super Retina XDR,,Nu,Li-Ion,6 GB,128 GB,
"Telefon mobil Realme 14 Pro+, 8GB RAM, 256GB, 5G, Suede Grey","1.618,40 Lei",1618.40 Lei,5(1),https://www.emag.ro/telefon-mobil-realme-14-pro-8gb-ram-256gb-5g-suede-grey-rm-r14propssg256/pd/D34PH33BM/,https://s13emagst.akamaized.net/products/87455/87454189/images/res_1c451012ba489d1ed396518440cb428c.jpg?width=720&height=720&hash=5D40012C1FE0140CEBE89E6CAC6FB7C7,6.83 inch,"120 Hz
1B colors
1200 nits (HBM)
1500 nits (peak)",1272 x 2800,OLED,6000 mAh,,,8 GB,256 GB,
"Telefon mobil Samsung Galaxy S24 Ultra Enterprise Edition, 12GB RAM, 256GB, 5G, Titanium Black","5.631,95 Lei",5631.95 Lei,,https://www.emag.ro/telefon-mobil-samsung-galaxy-s24-ultra-enterprise-edition-12gb-ram-256gb-5g-titanium-black-sm-s24gxutee256bl/pd/DX0Z2PYBM/,https://s13emagst.akamaized.net/products/68482/68481179/images/res_c110aeeee9ed384156b9a500fb6437b3.jpg?width=720&height=720&hash=B67F628F8E7F353D169BECED5E268A74,6.8 inch,"HDR10+
120 Hz
2600 nits (peak)",1440 x 3120,Dynamic AMOLED,5000 mAh,Da,Li-Ion,12 GB,256 GB,
"Pachet promo: Telefon mobil Blackview Pilot 3, 5G, 36GB Ram(12GB + 24GB / 2T), 256GB, 8 nuclee, 6.78'' HD+, Android 15, 7500mAh, 120Hz, 1080*2460, 50MP Camera Octa Core, Fingerprint/3.5mm Jack/GPS, Portocaliu + Casti Wireless Blackview Negru AirBuds 60, Negru","1.541,98 Lei",1541.98 Lei,,https://www.emag.ro/telefon-mobil-blackview-pilot-3-5g-36gb-ram-12gb-24gb-2t-256gb-8-nuclee-6-78-hd-android-15-7500mah-120hz-1080-2460-50mp-camera-octa-core-fingerprint-3-5mm-jack-gps-portocaliu-pilot3-12-256-portocaliu-/pd/DKRC393BM/,https://s13emagst.akamaized.net/layout/ro/static-upload/promo-pack-icon-06052025.svg,6.78 inch,120 Hz,1080 x 2460,IPS,7000 mAh,Nu,Li-Ion,12 GB,256 GB,MicroSD
"Telefon mobil Samsung Galaxy Z Flip5, 8GB RAM, 512GB, 5G, Graphite","3.749,99 Lei",3749.99 Lei,4.07(94),https://www.emag.ro/telefon-mobil-samsung-galaxy-z-flip5-8gb-ram-512gb-5g-graphite-sm-f731bzaheue/pd/DX9MFMYBM/,https://s13emagst.akamaized.net/products/58631/58630093/images/res_6a019cf8271ff633f9037bf8db5b61c8.jpg?width=720&height=720&hash=B4D42A0A87CD43714AF5D6FEACA2C84D,6.7 inch,"FHD+
Infinity Flex Display
Adaptiv 120 Hz (1-120 Hz)",2640 x 1080,Dynamic AMOLED,3700 mAh,,,8 GB,512 GB,
"Telefon mobil Xiaomi Redmi Note 10 Pro, Dual SIM, 64GB, 6GB RAM, 4G, Glacier Blue","3.091,55 Lei",3091.55 Lei,4.08(406),https://www.emag.ro/telefon-mobil-xiaomi-redmi-note-10-pro-dual-sim-64gb-6gb-ram-4g-glacier-blue-redmi-note-10-pro-64-6-blue/pd/DV4V1KMBM/,https://s13emagst.akamaized.net/products/36191/36190869/images/res_5f4eff2b3cb99a417fe8832316f4e580.jpg?width=720&height=720&hash=B7318303BCBB5F2673746D4E79F073D0,6.67 inch,"Corning Gorilla Glass 5
395 PPI",2400 x 1080,AMOLED,5020 mAh,,Li-Po,6 GB,64 GB,MicroSD
SOYES XS18 Pro telefon inteligent 2GB RAM 16GB ROM 3.0 Inch 3G cu 2 autocolante Albastru,"251,15 Lei",251.15 Lei,2(1),https://www.emag.ro/soyes-xs18-pro-telefon-inteligent-2gb-ram-16gb-rom-3-0-inch-3g-cu-2-autocolante-albastru-xs18pronou-blue/pd/DZX5YN3BM/,https://s13emagst.akamaized.net/products/94285/94284135/images/res_caafb1f7fc2a9bae7e1255981ea651fb.jpg?width=720&height=720&hash=0821C93476D37EC2B436999273937231,3 inch,Multi-touch,854 x 480,IPS,900 mAh,Nu,Li-Po,2 GB,16 GB,MicroSD
"Telefon mobil Fairphone 6, 8GB RAM, 256GB, 5G, Cloud White","3.239,99 Lei",3239.99 Lei,5(3),https://www.emag.ro/telefon-mobil-fairphone-6-8gb-ram-256gb-5g-cloud-white-f6fphn-2wh-eu1/pd/D118T93BM/,https://s13emagst.akamaized.net/products/99053/99052928/images/res_0ec5f8a12f572548c4ddb816ed6a4036.jpg?width=720&height=720&hash=15966463AB6F39979BC6383D86F70EED,6.31 inch,"120 Hz
1B colors
1400 nits (peak)
880 nits typ",1116 x 2484,"OLED
LTPO",4415 mAh,Nu,Li-Ion,8 GB,256 GB,MicroSDXC
"Telefon mobil Google Pixel 7, 256GB, 8GB RAM, 5G, Lemongrass, Verde","3.494,70 Lei",3494.70 Lei,4.32(79),https://www.emag.ro/telefon-mobil-google-pixel-7-256gb-8gb-ram-5g-lemongrass-verde-ggl-pxl7gn-5g-8-256/pd/D96SDRMBM/,https://s13emagst.akamaized.net/products/51914/51913110/images/res_d725a94e721dd5b75ee2321b8e92c0f1.jpg?width=720&height=720&hash=C3E551807C38306307833613118E2690,6.3 inch,"Always-on display
90 Hz
Corning Gorilla Glass Victus",1080 x 2400,AMOLED,4360 mAh,,Li-Ion,8 GB,256 GB,
"Telefon mobil Samsung Galaxy A17, Dual SIM, 6GB RAM, 128GB, 5G, Gray","1.599,00 Lei",1599.00 Lei,4.86(14),https://www.emag.ro/telefon-mobil-samsung-galaxy-a17-dual-sim-6gb-ram-128gb-5g-gray-sm-gxa17gy5g6gb/pd/DJ3BP53BM/,https://s13emagst.akamaized.net/products/110257/110256594/images/res_cec40536696ca92c39c813b0bd1fbaba.jpg?width=720&height=720&hash=5AC09FC668C5714D6CA7221C433A1B01,6.7 inch,"90 Hz
800 nits (HBM)",1080 x 2340,Super AMOLED,5000 mAh,Nu,,6 GB,128 GB,MicroSDXC
"Telefon mobil OPPO A6 Pro, Mediatek Dimensity 6300, 5G, Dual Sim, 256GB/8GB, Stellar Blue","1.235,00 Lei",1235.00 Lei,,https://www.emag.ro/telefon-mobil-oppo-a6-pro-mediatek-dimensity-6300-5g-dual-sim-256gb-8gb-stellar-blue-110010349340/pd/DVG0N13BM/,https://s13emagst.akamaized.net/products/107408/107407082/images/res_bd1ff13c4c0a33a7a249519b3f306330.jpg?width=720&height=720&hash=E32E430AE5FEA335B550C6B7082C56EB,6.5 inch,,,AMOLED,,Nu,,8 GB,256 GB,
"Telefon mobil Panasonic GSM KX-TU400EXG, Single SIM, Tehnologie 2 G, memorie Ram 1 Gb, Buton SOS, Gri ideal pentru seniori","266,20 Lei",266.20 Lei,4.5(6),https://www.emag.ro/telefon-mobil-panasonic-gsm-kx-tu400exg-single-sim-tehnologie-2-g-memorie-ram-1-gb-buton-sos-gri-ideal-pentru-seniori-kxg0217474/pd/DXR59KMBM/,https://s13emagst.akamaized.net/products/36461/36460167/images/res_7701f1e98db3312a7ba7364159546e1b.jpg?width=720&height=720&hash=49A365743F9F333E75FEFC6BB15EA512,2.4 inch,,320 x 240,LCD,800 mAh,Da,Li-Ion,1 GB,1 GB,MicroSD
"Telefon mobil Honor 70, Dual SIM, 8GB RAM, 128GB, 5G, Crystal Silver","2.745,37 Lei",2745.37 Lei,4.4(82),https://www.emag.ro/telefon-mobil-honor-70-dual-sim-8gb-ram-128gb-5g-crystal-silver-5109ajcy/pd/DLF1GCMBM/,https://s13emagst.akamaized.net/products/47876/47875742/images/res_afe4c441bdca91b5681d87c32a92fcd3.jpg?width=720&height=720&hash=7770074823E08FBC58E34F9FD0420B40,6.67 inch,"DCI-P3
Rata de reimprospatare de 120 Hz
1.07 miliarde de culori",2400 x 1080,OLED,4800 mAh,,Li-Po,8 GB,128 GB,
"Telefon mobil Xiaomi 15, 12GB RAM, 512GB, 5G, Green + Xiaomi 10W Wireless Power Bank 10000mah","5.490,75 Lei",5490.75 Lei,4.59(34),https://www.emag.ro/telefon-mobil-xiaomi-15-12gb-ram-512gb-5g-green-xiaomi-10w-wireless-power-bank-10000mah-bndl15gr/pd/DFKB0M3BM/,https://s13emagst.akamaized.net/products/87110/87109147/images/res_892c6911cceb72dd28e49db86e7017aa.jpg?width=720&height=720&hash=E9C18F1E501916BC3276D35F8332605E,6.36 inch,"460 PPI
Rata de reimprospatare de 120 Hz",2670 x 1200,AMOLED,5240 mAh,,,12 GB,512 GB,
"Telefon Mobil Oppo Find N5, pliabil, 512GB, 16GB RAM, 5G, Dual Sim, Alb","8.500,01 Lei",8500.01 Lei,,https://www.emag.ro/telefon-mobil-oppo-find-n5-pliabil-512gb-16gb-ram-5g-dual-sim-alb-m0806543/pd/DGY0JX3BM/,https://s13emagst.akamaized.net/products/98380/98379583/images/res_0fad566598ff07fc294b4626a9fa1163.png?width=720&height=720&hash=0C1A9CA926CC24388709D649E7B96037,"6.62 inch
8.12 inch",,"1140 x 2616
2248 x 2480",LTPO,,Nu,,16 GB,512 GB,
"Telefon mobil Motorola g86 Power, Dual SIM, 256GB, 12GB RAM, 5G, PANTONE Spellbound (dark blue)","1.299,99 Lei",1299.99 Lei,4(4),https://www.emag.ro/telefon-mobil-motorola-g86-power-dual-sim-256gb-12gb-ram-5g-pantone-spellbound-dark-blue-pb8x0032pl/pd/DN23WL3BM/,https://s13emagst.akamaized.net/products/106179/106178140/images/res_f3b0fb18de8320eb4d16cda39ceac645.jpg?width=720&height=720&hash=3CE533893C66E339E73B2612E2F2B178,6.67 inch,"446 PPI
Rata de reimprospatare de 120 Hz",2712 x 1220,POLED,6720 mAh,Nu,,12 GB,256 GB,
"Telefon mobil FOSSiBOT F112 Pro, 6.88-inch, Baterie 7150mAh, 5G, Android 14, 50MP+16MP, Dual SIM, Face ID/GPS, NFC, 8GB RAM+256GB ROM(1TB extensibil ROM), Pentru camping, calatorii, Negru","1.498,98 Lei",1498.98 Lei,,https://www.emag.ro/telefon-mobil-fossibot-f112-pro-6-88-inch-baterie-7150mah-5g-android-14-50mp-16mp-dual-sim-face-id-gps-nfc-8gb-ram-256gb-rom-1tb-extensibil-rom-pentru-camping-calatorii-negru-f112pro-negru/pd/DHJS983BM/,https://s13emagst.akamaized.net/products/112180/112179959/images/res_32f57366e44506d73c26bf455b54c18c.jpg?width=720&height=720&hash=B2FA5136C5ADCE3383D017DBE20ADD9F,6.88 inch,,720 x 1640,,7150 mAh,Da,Li-Ion,8 GB,256 GB,
Cartela Orange Prepay,"27,79 Lei",27.79 Lei,4.61(72),https://www.emag.ro/cartela-orange-prepay-5949023215907-fc/pd/D5LR1MBBM/,https://s13emagst.akamaized.net/products/1634/1633416/images/res_62a8ce39d0a0360c55e36dfa488c9321.jpg?width=720&height=720&hash=5E09EA31134ECB68063FB079303C7A4E,,,,,,,,,,
"Telefon mobil Motorola Edge 50 Fusion, Dual SIM, 256GB, 8GB, 5G, Forest Green","1.070,00 Lei",1070.00 Lei,,https://www.emag.ro/telefon-mobil-motorola-edge-50-fusion-dual-sim-256gb-8gb-5g-forest-green-pb3t0083rs/pd/DWJ73C3BM/,https://s13emagst.akamaized.net/products/104453/104452577/images/res_d278f4c3212567f0d7f1c931271cd779.jpg?width=720&height=720&hash=75C84E558E086EC3926CDCBA3D298036,,,,,,,,,,
"Telefon mobil Nokia 215, Dual SIM, 4G, Negru","179,00 Lei",179.00 Lei,3.38(21),https://www.emag.ro/telefon-mobil-nokia-215-dual-sim-4g-negru-nokia-215ds/pd/DN659KMBM/,https://s13emagst.akamaized.net/products/36461/36460225/images/res_a274b47d049931cb58e235208bca3f8c.jpg?width=720&height=720&hash=6446A0161E3F72B6E1314D4915F484E2,,,,,,,,,,
"Telefon Mobil pentru Seniori cu Taste Mari, 4G, Meniu in Limba Romana, Volum Puternic Reglabil, Buton SOS, One Sim, Ecran LCD Generos, Color, Autonomie 7 Zile, Usor de Folosit pentru Varstnici, Pensionari si Bunici, Lanterna, Radio, Bluetooth","328,99 Lei",328.99 Lei,4.68(40),https://www.emag.ro/telefon-mobil-pentru-seniori-cu-taste-mari-4g-meniu-in-limba-romana-volum-puternic-reglabil-buton-sos-one-sim-ecran-lcd-generos-color-autonomie-7-zile-usor-de-folosit-pentru-varstnici-pensionari-si-bu/pd/DZR5T5YBM/,https://s13emagst.akamaized.net/products/81505/81504168/images/res_2bfbbcdfd5448b197d9be1534f98ba86.png?width=720&height=720&hash=0314DC87B3519CFF3FB81CE789A0CAB5,,,,,,,,,,
"Telefon mobil ZTE Blade A35e, Dual SIM, 2GB, 64GB, 4G, Verde","341,91 Lei",341.91 Lei,5(1),https://www.emag.ro/telefon-mobil-zte-blade-a35e-dual-sim-2gb-64gb-4g-verde-123446701132/pd/DNBN1P3BM/,https://s13emagst.akamaized.net/products/97664/97663556/images/res_6b0b43032566b159b4971ea36a2a6f0f.jpg?width=720&height=720&hash=B1A6F83BBFF1558374B8100D158DA348,,,,,,,,,,
"Telefon Mobil Cubot J10. Dual SIM, 32GB, 1GB RAM, 3G, Albastru","208,95 Lei",208.95 Lei,3(7),https://www.emag.ro/telefon-mobil-cubot-j10-dual-sim-32gb-1gb-ram-3g-albastru-6924136716496/pd/D6CBNFMBM/,https://s13emagst.akamaized.net/products/42751/42750732/images/res_7431fdc73acc157ce7b615c76bdb74e1.jpg?width=720&height=720&hash=E9DF267920CF30200C4DB0FF1A5D178A,,,,,,,,,,
"Telefon mobil Google Pixel 8Pro, 128GB, 12GB RAM, 5G, Obsidian","2.618,00 Lei",2618.00 Lei,4.24(21),https://www.emag.ro/telefon-mobil-google-pixel-8pro-128gb-12gb-ram-5g-obsidian-ga04798-gb/pd/DJRGP1YBM/,https://s13emagst.akamaized.net/products/78886/78885437/images/res_30aabd5a7edc3a113e772c0cccb40fb3.jpg?width=720&height=720&hash=3BD5707D866A2C60E62AA2630CCD956D,,,,,,,,,,
"Telefon Mobil Realme 12x, Procesor Mediatek Dimensity 6100+ Octa-Core, IPS LCD 6.67"", 8GB RAM, 256GB Flash, Camera Duala 50 + 2 MP, Wi-Fi, 5G, Dual SIM, Android Negru","796,47 Lei",796.47 Lei,5(3),https://www.emag.ro/telefon-mobil-realme-12x-procesor-mediatek-dimensity-6100-octa-core-ips-lcd-6-67-8gb-ram-256gb-flash-camera-duala-50-2-mp-wi-fi-5g-dual-sim-android-negru-6941764434387/pd/DTYH4ZYBM/,https://s13emagst.akamaized.net/products/78153/78152433/images/res_a02fc70e8713ad7df3d7dc97dea22f6c.png?width=720&height=720&hash=9F35020905A26933FDC70C88157DDB0F,,,,,,,,,,
"Telefon mobil Oukitel C1 (2025), 4G, Dual SIM, Octa-Core, 6.56-inch IPS 90Hz, 16GB RAM, 128GB, Amprenta, 5150mAh, Android 15, Black","549,99 Lei",549.99 Lei,,https://www.emag.ro/telefon-mobil-oukitel-c1-2025-4g-dual-sim-octa-core-6-56-inch-ips-90hz-16gb-ram-128gb-amprenta-5150mah-android-15-black-00003134/pd/DZSHK83BM/,https://s13emagst.akamaized.net/products/111996/111995489/images/res_ecff88258971f0e3afce1e6278b26f5d.png?width=720&height=720&hash=5A3224B030C2D3E2652BA489FB30E38A,,,,,,,,,,
"Telefon mobil Nokia 3210 (2024), Dual SIM, 4G, Gold","267,81 Lei",267.81 Lei,3.65(26),https://www.emag.ro/telefon-mobil-nokia-3210-2024-dual-sim-4g-gold-1gf025cpd4l08/pd/D85CJFYBM/,https://s13emagst.akamaized.net/products/71608/71607827/images/res_7577ad7bf2ab8299947e8c49b0120b22.jpg?width=720&height=720&hash=3812E8B42845E01D9856CF31F11D1926,,,,,,,,,,
"Telefon mobil Motorola Moto g15, 8GB RAM, 256GB, Sea Blue","629,99 Lei",629.99 Lei,4.4(25),https://www.emag.ro/telefon-mobil-motorola-moto-g15-8gb-ram-256gb-sea-blue-840023291197/pd/DTR8VJ3BM/,https://s13emagst.akamaized.net/products/101228/101227712/images/res_731b7aad80c6d2bd011f0997a007e281.jpg?width=720&height=720&hash=C3D62F5A523415A0E9BCB212D1F70A17,,,,,,,,,,
"Telefon mobil Xiaomi 15T Pro, 12GB RAM, 1TB, 5G, Black","3.900,00 Lei",3900.00 Lei,,https://www.emag.ro/telefon-mobil-xiaomi-15t-pro-12gb-ram-1tb-5g-black-xm-x15tproblk1tb/pd/D6L2RL3BM/,https://s13emagst.akamaized.net/products/106031/106030691/images/res_38df45e9d7bc91d4856f9a04ffc0af68.jpg?width=720&height=720&hash=8192049D6C6A1A3E945DE75765B192DA,,,,,,,,,,
"Telefon mobil Samsung Galaxy S25 Edge, 12GB RAM, 256GB, 5G, Titanium Silver","3.808,00 Lei",3808.00 Lei,3.79(14),https://www.emag.ro/telefon-mobil-samsung-galaxy-s25-edge-12gb-ram-256gb-5g-titanium-silver-8806097326205/pd/DJNXK03BM/,https://s13emagst.akamaized.net/products/95374/95373779/images/res_45df1da1a96d5c520e39330319dd8482.jpg?width=720&height=720&hash=5A9ECEFE64B8B4E8100B91689F1BA867,,,,,,,,,,
"Telefon seniori Trevi SICURO 10 cu butoane mari iluminate difuzor, lanterna, agenda 200, 5 numere cu functie SOS, iesire casti, ceas, alarma negru","129,78 Lei",129.78 Lei,5(1),https://www.emag.ro/telefon-seniori-trevi-sicuro-10-cu-butoane-mari-iluminate-difuzor-lanterna-agenda-200-5-numere-cu-functie-sos-iesire-casti-ceas-alarma-negru-sic1000/pd/DQDH5DYBM/,https://s13emagst.akamaized.net/products/63585/63584775/images/res_9a6456a8abe254d6690f7aa9903f83b3.jpg?width=720&height=720&hash=217A7D37BC3CD9C1B666F7039FBBB5C4,,,,,,,,,,
"Telefon mobil Motorola g86 Power, Dual SIM, 256GB, 12GB RAM, 5G, PANTONE Golden Cypress (green)","1.432,45 Lei",1432.45 Lei,4(4),https://www.emag.ro/telefon-mobil-motorola-g86-power-dual-sim-256gb-12gb-ram-5g-pantone-golden-cypress-green-pb8x0034pl/pd/DT23WL3BM/,https://s13emagst.akamaized.net/products/106179/106178138/images/res_197dd064f4c9678d7ac68ea54a3a0e1f.jpg?width=720&height=720&hash=867DC7A5C82911135FA6F183931F3BB2,,,,,,,,,,
"Telefon mobil Samsung Galaxy A16, Dual SIM, 4GB RAM, 128GB, 5G, Light Gray","989,74 Lei",989.74 Lei,4.56(106),https://www.emag.ro/telefon-mobil-samsung-galaxy-a16-dual-sim-4gb-ram-128gb-5g-light-gray-sm-a166bzadeue/pd/DQJ1YZYBM/,https://s13emagst.akamaized.net/products/77658/77657969/images/res_874b1e794274e079108b1e4188c0c705.jpg?width=720&height=720&hash=F27616BCD7200A63A627D370F4D33BA9,,,,,,,,,,
"Telefon mobil Samsung Galaxy Z Fold5, 12GB RAM, 512GB, 5G, Phantom Black","6.275,00 Lei",6275.00 Lei,4.49(47),https://www.emag.ro/telefon-mobil-samsung-galaxy-z-fold5-12gb-ram-512gb-5g-phantom-black-sm-f946bzkceue/pd/DV9MFMYBM/,https://s13emagst.akamaized.net/products/58631/58630099/images/res_aabad0ddea04065df0015805b557361e.jpg?width=720&height=720&hash=E5697E3D72EB8749A53FF7C9D1690216,,,,,,,,,,
"Telefon mobil Xiaomi Redmi Note 13 Pro+, 8GB RAM, 256GB, 5G, Black","1.699,00 Lei",1699.00 Lei,4.44(378),https://www.emag.ro/telefon-mobil-xiaomi-redmi-note-13-pro-8gb-ram-256gb-5g-black-mzb0ffzeu/pd/D0TLJKYBM/,https://s13emagst.akamaized.net/products/65144/65143541/images/res_d787a05648b66a348eb32f1e64851c0a.jpg?width=720&height=720&hash=87FB790AE761DF07F8CED64ED021C978,,,,,,,,,,
"Telefon mobil Poco X6, 256GB, 8GB RAM, 5G, Black","1.348,98 Lei",1348.98 Lei,4.73(30),https://www.emag.ro/telefon-mobil-poco-x6-256gb-8gb-ram-5g-black-mzb0fs7eu/pd/DS9VCKYBM/,https://s13emagst.akamaized.net/products/65261/65260032/images/res_d0cd61893b74187afb60ced0177be6d6.jpg?width=720&height=720&hash=55FD201CB708B4A0B728C10026D90B16,,,,,,,,,,
"Telefon mobil Nokia 5310 (2020), Dual SIM, Black/Red","324,57 Lei",324.57 Lei,4.1(98),https://www.emag.ro/telefon-mobil-nokia-5310-2020-dual-sim-black-red-16pisx01a05/pd/DCV7HMMBM/,https://s13emagst.akamaized.net/products/29886/29885756/images/res_1dcf3d9a29b28c2e2a9f2e4714f243e2.jpg?width=720&height=720&hash=62414989F5372F297B64945BDAF1D996,,,,,,,,,,
"Telefon mobil Samsung Galaxy A06, 128GB, 4GB RAM, 5G, Light Gray","586,85 Lei",586.85 Lei,4(1),https://www.emag.ro/telefon-mobil-samsung-galaxy-a06-128gb-4gb-ram-5g-light-gray-sm-a066-ds-128-4gb-gray/pd/DWS4F43BM/,https://s13emagst.akamaized.net/products/100981/100980828/images/res_eb3dea817bca58dd3a062eca316b417a.jpg?width=720&height=720&hash=23A8A1DCF43DA0D6CDFF1913B7ED3CEE,,,,,,,,,,
"Telefon mobil Google Pixel 8, 256GB, 8GB RAM, 5G, Hazel","3.201,99 Lei",3201.99 Lei,3.86(21),https://www.emag.ro/telefon-mobil-google-pixel-8-256gb-8gb-ram-5g-hazel-gl-pe8hzl256/pd/DZ6QNDYBM/,https://s13emagst.akamaized.net/products/63092/63091467/images/res_3ba5a9e7a6a596e04efaa154adceea5c.jpg?width=720&height=720&hash=F84D183AA3008C580ED1C2E8C08B8E73,,,,,,,,,,
"Telefon Mobil Seniori cu Taste Mari CZAY®, Meniu in Limba Romana, Autonomie 7 Zile, Volum Puternic Reglabil, Buton SOS, 2G, Dual Sim, Ecran LCD Generos, Color, Usor de Folosit pentru Varstnici, Pensionari si Bunici, Lanterna, Radio, Bluetooth, Albastru","225,99 Lei",225.99 Lei,4.68(40),https://www.emag.ro/telefon-mobil-seniori-cu-taste-mari-czayr-meniu-in-limba-romana-autonomie-7-zile-volum-puternic-reglabil-buton-sos-2g-dual-sim-ecran-lcd-generos-color-usor-de-folosit-pentru-varstnici-pensionari-si-bu/pd/D2VZT8YBM/,https://s13emagst.akamaized.net/products/83348/83347131/images/res_8b763f126b0a2e0b2f09d9b0d0729702.jpg?width=720&height=720&hash=B51A8BC3BA789B3AC733FC3EB0CA03AC,,,,,,,,,,
"Telefon Mobil ZTE nubia Z80 Ultra, 5G, Dual SIM, Procesor Snapdragon 8 Elite, Ecran AMOLED 6.85"", 16GB RAM, 512GB Flash, Negru","5.849,00 Lei",5849.00 Lei,,https://www.emag.ro/telefon-mobil-zte-nubia-z80-ultra-5g-dual-sim-procesor-snapdragon-8-elite-ecran-amoled-6-85-16gb-ram-512gb-flash-negru-nx741j-bk/pd/DWGXJ53BM/,https://s13emagst.akamaized.net/products/110390/110389077/images/res_9aabbff7340475f1d626a12a4af7d1ca.png?width=720&height=720&hash=74119D68ADCA412D5C9FF2E1DD3BD065,,,,,,,,,,
"Telefon mobil Huawei Nova 10 SE, 8GB RAM, 128GB, 4G, Starry Silver","1.799,97 Lei",1799.97 Lei,4.13(47),https://www.emag.ro/telefon-mobil-huawei-nova-10-se-8gb-ram-128gb-4g-starry-silver-51097gac/pd/D4ZNSZMBM/,https://s13emagst.akamaized.net/products/49463/49462410/images/res_5e32dceb8c9bc543cbbfbf734278d4e0.jpg?width=720&height=720&hash=49571A623877DEE17752A4688A4A4173,,,,,,,,,,
"Telefon mobil Blackview BV4800 SE, 4G, Rezistent la praf/anti-picatura/impermeabil, 12GB Ram(4GB + 8GB extensibili), 128GB, Android 15, 5100mAh, NFC, Negru","595,99 Lei",595.99 Lei,5(1),https://www.emag.ro/telefon-mobil-blackview-bv4800-se-4g-rezistent-la-praf-anti-picatura-impermeabil-12gb-ram-4gb-8gb-extensibili-128gb-android-15-5100mah-nfc-negru-bv4800se-4-64-negru-01/pd/DVX4T33BM/,https://s13emagst.akamaized.net/products/88886/88885233/images/res_c14ef5ad211a13d3c286472593f8a78e.jpg?width=720&height=720&hash=890337C46C981B7AFA428992F766C72F,,,,,,,,,,
"Telefon mobil Xiaomi Redmi 15C, 4GB RAM, 256GB, Mint Green","605,00 Lei",605.00 Lei,3(2),https://www.emag.ro/telefon-mobil-xiaomi-redmi-15c-4gb-ram-256gb-mint-green-1892529/pd/DRZ05J3BM/,https://s13emagst.akamaized.net/products/101449/101448660/images/res_0f8d2eb64a7680c61052b7ab0b85bfba.jpg?width=720&height=720&hash=ED8FA9FAB1E0BADE1829AE6063762B94,,,,,,,,,,
"Telefon mobil Xiaomi Redmi Note 12, 8GB RAM, 256GB, 4G, Ice Blue","1.470,61 Lei",1470.61 Lei,3.85(88),https://www.emag.ro/telefon-mobil-xiaomi-redmi-note-12-8gb-ram-256gb-4g-ice-blue-mzb0eu9eu/pd/DRGGQYYBM/,https://s13emagst.akamaized.net/products/54195/54194128/images/res_d589154314672bb7b8d9aaef5c1e65ae.jpg?width=720&height=720&hash=47EDC047BC41DC81F6528FCC2E5A7540,,,,,,,,,,
"Telefon mobil OnePlus 12, 12GB RAM, 256GB, 5G, Silky Black","3.303,30 Lei",3303.30 Lei,4.62(102),https://www.emag.ro/telefon-mobil-oneplus-12-12gb-ram-256gb-5g-silky-black-5011105292/pd/D1KK5NYBM/,https://s13emagst.akamaized.net/products/66353/66352516/images/res_f916b78c4e83af5a78114e7d29dd4dae.jpg?width=720&height=720&hash=9C9040AC3EEC512528F69DFF03D540DD,,,,,,,,,,
"Telefon mobil iHunt Mini Jelly Light, 4G, Dual SIM, 3.0-inch, Helio G99 Octa-Core, 8GB RAM, 256GB, Camera 48MP + 8MP, GPS, NFC, 2000mAh, Incarcare Wireless, Amprenta, Android 13","1.040,24 Lei",1040.24 Lei,3(2),https://www.emag.ro/telefon-mobil-ihunt-mini-jelly-light-4g-dual-sim-3-0-inch-helio-g99-octa-core-8gb-ram-256gb-camera-48mp-8mp-gps-nfc-2000mah-incarcare-wireless-amprenta-android-13-mini-jelly-light/pd/DZ2NPJ3BM/,https://s13emagst.akamaized.net/products/101031/101030076/images/res_3acb43d3dcf8fca48f10f6fc619cfc8e.jpg?width=720&height=720&hash=4A10B0977BDCA7608A5DB186A94946CA,,,,,,,,,,
"Telefon mobil Motorola Moto g84, Dual SIM, 256GB, 8GB RAM, 5G, Viva Magenta","1.307,95 Lei",1307.95 Lei,4.62(244),https://www.emag.ro/telefon-mobil-motorola-moto-g84-dual-sim-256gb-8gb-ram-5g-viva-magenta-paym0042pl/pd/D7T2MZYBM/,https://s13emagst.akamaized.net/products/60454/60453345/images/res_dbc2c91a8f99995b204aa10690d0d522.jpg?width=720&height=720&hash=38FC3CBD1D5161CD1772C2A1032B05E5,,,,,,,,,,
"Telefon mobil Unihertz TANK 4 Pro, 5G, Dual SIM, AMOLED 6.73-inch 3K 120Hz, Proiector Video Laser 720P HD 100 lumens 60Hz, Octa-Core, 32GB RAM (16GB + 16GB ext), 512GB, 11600mAh, 120W, NFC, IP68/IP69, Android 14","3.999,98 Lei",3999.98 Lei,5(2),https://www.emag.ro/telefon-mobil-unihertz-tank-4-pro-5g-dual-sim-amoled-6-73-inch-3k-120hz-proiector-video-laser-720p-hd-100-lumens-60hz-octa-core-32gb-ram-16gb-16gb-ext-512gb-11600mah-120w-nfc-ip68-ip69-android-14-tank/pd/DB7NPJ3BM/,https://s13emagst.akamaized.net/products/101031/101030085/images/res_c6b7c8412a23a7675b18b275b5222478.png?width=720&height=720&hash=640DD7D063913B4E3988295101280739,,,,,,,,,,
"Telefon mobil Samsung Galaxy S24+, Dual SIM, 12GB RAM, 256GB, 5G, Marble Gray","5.427,00 Lei",5427.00 Lei,4.6(208),https://www.emag.ro/telefon-mobil-samsung-galaxy-s24-dual-sim-12gb-ram-256gb-5g-marble-gray-sm-s926bzadeue/pd/DD6L7KYBM/,https://s13emagst.akamaized.net/products/64817/64816449/images/res_ebfa4fd0d965c6c30b70782a2549ae53.jpg?width=720&height=720&hash=9BB6C0D42439BE36B25435E3010066DE,,,,,,,,,,
"Telefon mobil FOSSIBOT F114, 4G, Dual SIM, Octa-Core, 6.75-inch IPS, 12GB RAM, 128GB, GPS, RGB Light, NFC, 5000mAh, IP68/IP69K, Android 15, Black","699,99 Lei",699.99 Lei,,https://www.emag.ro/telefon-mobil-fossibot-f114-4g-dual-sim-octa-core-6-75-inch-ips-12gb-ram-128gb-gps-rgb-light-nfc-5000mah-ip68-ip69k-android-15-black-00003121/pd/DGL0K83BM/,https://s13emagst.akamaized.net/products/111995/111994659/images/res_ed8af1dd2100fe27154511c6ea75530e.png?width=720&height=720&hash=10ADE65F7E513B76BF03E17812CB25A4,,,,,,,,,,
"Telefon mobil Google Pixel 8 Pro, 128GB, 12GB RAM, 5G, Porcelain","2.719,13 Lei",2719.13 Lei,4.78(36),https://www.emag.ro/telefon-mobil-google-pixel-8-pro-128gb-12gb-ram-5g-porcelain-840244705121/pd/D5Q6Z7YBM/,https://s13emagst.akamaized.net/products/62559/62558026/images/res_d3755465001baeeb43010a3d9c4bc2a1.jpg?width=720&height=720&hash=1FF7C9AF1A339CA3241934114CEDCBEC,,,,,,,,,,
"Telefon mobil Motorola Moto g35, Dual SIM, 128GB, 4GB RAM, 5G, Guava Red","549,99 Lei",549.99 Lei,4.54(13),https://www.emag.ro/telefon-mobil-motorola-moto-g35-dual-sim-128gb-4gb-ram-5g-guava-red-pb3k0010pl/pd/DHXRRLYBM/,https://s13emagst.akamaized.net/products/77422/77421457/images/res_78599e56bb210aefeebcc1ff03654cc7.jpg?width=720&height=720&hash=4F42D7BF12F82ABC94CD57760FF6F67B,,,,,,,,,,
"Telefon mobil Gaming Redmagic 9S Pro, 6.8"" FHD+, 120Hz, 12GB RAM, 256GB, camera sub display 16MP, incarcare rapida 80W, negru","3.857,00 Lei",3857.00 Lei,5(1),https://www.emag.ro/telefon-mobil-gaming-redmagic-9s-pro-6-8-fhd-120hz-12gb-ram-256gb-camera-sub-display-16mp-incarcare-rapida-80w-negru-nx769s-12gb/pd/DP2HS8YBM/,https://s13emagst.akamaized.net/products/83635/83634044/images/res_a34120f9312460a72a8211a38e4a80bd.jpg?width=720&height=720&hash=0C38572C1124B4E5BB92F8AF375BB027,,,,,,,,,,
"Telefon mobil Google Pixel 8a, 128GB, 8GB RAM, 5G, Aloe","1.696,94 Lei",1696.94 Lei,4.23(43),https://www.emag.ro/telefon-mobil-google-pixel-8a-128gb-8gb-ram-5g-aloe-ga05595-gb/pd/DLLKQVYBM/,https://s13emagst.akamaized.net/products/74606/74605021/images/res_0f53b57e0aba83946b48c232f3d677b8.jpg?width=720&height=720&hash=DC465D67C5CEB3A236BACBB7EB4DDF0C,,,,,,,,,,
"Telefon mobil Samsung Galaxy S22 Plus, Dual SIM, 128GB, 8GB RAM, 5G, Green","5.521,23 Lei",5521.23 Lei,4.42(57),https://www.emag.ro/telefon-mobil-samsung-galaxy-s22-plus-dual-sim-128gb-8gb-ram-5g-green-sm-s906bzgdeue/pd/D8SH1FMBM/,https://s13emagst.akamaized.net/products/43178/43177471/images/res_51f6784afd2d8c34590a7266e09f6bdf.jpg?width=720&height=720&hash=C015DFA8BF5F13D5A51C716952791409,,,,,,,,,,
"Smartphone Xiaomi Redmi Note 10, 4 RAM 128 ROM, Snapdragon 678, Battery 5000 mAh, Albastru lavanda","671,55 Lei",671.55 Lei,5(1),https://www.emag.ro/smartphone-xiaomi-redmi-note-10-4-ram-128-rom-snapdragon-678-battery-5000-mah-albastru-lavanda-note10-4-128-blue/pd/DH6J643BM/,https://s13emagst.akamaized.net/products/104119/104118838/images/res_edc6ba55d8c6984014e0b2ab2ff0727f.jpg?width=720&height=720&hash=6DAB5AC38B9A7F34A92C430028ED1079,,,,,,,,,,
"Telefon mobil Samsung Galaxy S23 Plus, Dual SIM, 8GB RAM, 512GB, 5G, Cream","7.813,99 Lei",7813.99 Lei,4.69(139),https://www.emag.ro/telefon-mobil-samsung-galaxy-s23-plus-dual-sim-8gb-ram-512gb-5g-cream-sm-s916bzegeue/pd/DS07B5MBM/,https://s13emagst.akamaized.net/products/52576/52575508/images/res_6c1730132473ff96320c357410a667d7.jpg?width=720&height=720&hash=73C48F40C060EFE3C69CCE11313C2836,,,,,,,,,,
"Telefon mobil Ulefone Armor 21 Negru, 4G, 64MP, IPS 6.58"", 16GB RAM (8GB + 8GB extensibili), 256GB ROM, Android 13, NFC, OTG, 9600mAh, Dual SIM","1.199,99 Lei",1199.99 Lei,4.76(17),https://www.emag.ro/telefon-mobil-ulefone-armor-21-negru-4g-64mp-ips-6-58-16gb-ram-8gb-8gb-extensibili-256gb-rom-android-13-nfc-otg-9600mah-dual-sim-ulefone5172/pd/DL7LDYYBM/,https://s13emagst.akamaized.net/products/59305/59304447/images/res_dff4d4387c81e085f5b04951c86a070b.jpg?width=720&height=720&hash=EC5022D51A3409C85B8CD71BD520919C,,,,,,,,,,
"Telefon mobil Nubia Z60 Ultra, 16GB RAM, 512GB, 5G, Black","4.297,52 Lei",4297.52 Lei,4.5(8),https://www.emag.ro/telefon-mobil-nubia-z60-ultra-16gb-ram-512gb-5g-black-10740/pd/DYJZ89YBM/,https://s13emagst.akamaized.net/products/71044/71043384/images/res_e76962096236e86ae652bc574894322d.jpg?width=720&height=720&hash=99CDC43B01850691E4099895A75F7568,,,,,,,,,,
"Telefon mobil Google Pixel 9 Pro, 128GB, 16GB RAM, 5G, Porcelain","4.493,00 Lei",4493.00 Lei,4.52(81),https://www.emag.ro/telefon-mobil-google-pixel-9-pro-128gb-16gb-ram-5g-porcelain-ga05931-gb/pd/DMZKQVYBM/,https://s13emagst.akamaized.net/products/74606/74605035/images/res_fafba46b866924c922bc4abd8baf38cb.jpg?width=720&height=720&hash=AA3B3872E90B334C953F70D420CF035A,,,,,,,,,,
Huawei Y5 II Negru,"26,62 Lei",26.62 Lei,,https://www.emag.ro/huawei-y5-ii-negru-y5-ii-1/pd/DHXV8KBBM/?ref=smart-history-ml_1_1&provider=rec&recid=rec_4_105df1a781511747f45eb2ee44f2cc7c490457193460ebf030b18b1974d31a4d_1767484076&scenario_ID=4,https://s13emagst.akamaized.net/products/8241/8240028/images/res_5cf6f5c9f9a311431ea489078919de30.jpg?width=300&height=300&hash=2D5993A36E77FC10F1F9A5759D0CDF4A,,,,,,,,,,
"Telefon mobil Huawei P20 Lite, Dual SIM, 64GB, 4G, Midnight Black","441,65 Lei",441.65 Lei,4.43(1320),https://www.emag.ro/telefon-mobil-huawei-p20-lite-dual-sim-64gb-4g-midnight-black-p20-lite-anne-l21-black/pd/D5V1PFBBM/?ref=smart-history-ml_1_2&provider=rec&recid=rec_4_105df1a781511747f45eb2ee44f2cc7c490457193460ebf030b18b1974d31a4d_1767484076&scenario_ID=4,https://s13emagst.akamaized.net/products/14233/14232994/images/res_edb73b6e77be1aca39e2878dd2156ef2.jpg?width=300&height=300&hash=3BF5F5EACA4C1043E8163159AA5E4DE7,,,,,,,,,,
"Telefon mobil Huawei P30 Lite, Dual SIM, 128GB, 4G, Peacock Blue","556,60 Lei",556.60 Lei,4.4(1005),https://www.emag.ro/telefon-mobil-huawei-p30-lite-dual-sim-128gb-4g-peacock-blue-51093npp/pd/D47W6ZBBM/?ref=smart-history-ml_1_3&provider=rec&recid=rec_4_105df1a781511747f45eb2ee44f2cc7c490457193460ebf030b18b1974d31a4d_1767484076&scenario_ID=4,https://s13emagst.akamaized.net/products/21151/21150823/images/res_ce71ae4fb31946cb6a3177c20bbc29c5.jpg?width=300&height=300&hash=840BC6A4CC6A9D15BC453B814936CE36,,,,,,,,,,
"Telefon mobil Huawei P30 Pro, Dual SIM, 256GB, 8GB RAM, 4G, Aurora Blue","1.560,00 Lei",1560.00 Lei,4.57(618),https://www.emag.ro/telefon-mobil-huawei-p30-pro-dual-sim-256gb-8gb-ram-4g-aurora-blue-51093nfw/pd/D78ZCZBBM/?ref=smart-history-ml_1_4&provider=rec&recid=rec_4_105df1a781511747f45eb2ee44f2cc7c490457193460ebf030b18b1974d31a4d_1767484076&scenario_ID=4,https://s13emagst.akamaized.net/products/20936/20935294/images/res_ba09711c76ff81bcf7690797cb89a9c6.jpg?width=300&height=300&hash=98D96417D7E8FF37AEC57E10BEC8F272,,,,,,,,,,
"Telefon mobil pentru seniori, dual SIM, color, taste mari, meniu in limba Romana, buton SOS, Bluetooth, lanterna, radio, negru","180,00 Lei",180.00 Lei,4.77(325),https://www.emag.ro/telefon-mobil-pentru-seniori-dual-sim-color-taste-mari-meniu-in-limba-romana-buton-sos-bluetooth-lanterna-radio-negru-telefon-cs181/pd/DXLPBQMBM/?ref=smart-history-ml_1_5&provider=rec&recid=rec_4_105df1a781511747f45eb2ee44f2cc7c490457193460ebf030b18b1974d31a4d_1767484076&scenario_ID=4,https://s13emagst.akamaized.net/products/50806/50805851/images/res_65d5ec35caa79fb4820b8544da0c3a3a.png?width=300&height=300&hash=52A6B5DA9219E5124081D6E6AEB02844,,,,,,,,,,
"Telefon mobil Samsung Galaxy A16, Dual SIM, 128GB, 6GB RAM, 4G, Negru","750,20 Lei",750.20 Lei,4.64(320),https://www.emag.ro/telefon-mobil-samsung-galaxy-a16-dual-sim-128gb-6gb-ram-4g-negru-sm-a165fzkg/pd/DX0N55YBM/?ref=smart-history-ml_1_6&provider=rec&recid=rec_4_105df1a781511747f45eb2ee44f2cc7c490457193460ebf030b18b1974d31a4d_1767484076&scenario_ID=4,https://s13emagst.akamaized.net/products/81504/81503600/images/res_9ab2b60d3b31a60b7daf8848aaf980e6.jpg?width=300&height=300&hash=B870815B905910620C4B8F81E38084E0,,,,,,,,,,
"Telefon mobil INFINIX SMART 9 HD, 4GB, 64GB, 4G, MINT GREEN","449,88 Lei",449.88 Lei,4.75(8),https://www.emag.ro/telefon-mobil-infinix-smart-9-hd-4gb-64gb-4g-mint-green-10066711/pd/DB080GYBM/,https://s13emagst.akamaized.net/products/84366/84365539/images/res_6417ac435cd2f904b48b0ab5e8def652.jpg?width=720&height=720&hash=D2E1A6673A8F782AE6A39A9949E4BCEA,6.7 inch,500 nits,720 x 1600,"LCD
IPS",5000 mAh,,,4 GB,64 GB,MicroSD
"Telefon mobil Samsung Galaxy A16, Dual SIM, 256GB, 8GB RAM, 4G, Light Green","1.029,29 Lei",1029.29 Lei,4.6(78),https://www.emag.ro/telefon-mobil-samsung-galaxy-a16-dual-sim-256gb-8gb-ram-4g-light-green-sm-a165flgceue/pd/D4J1YZYBM/,https://s13emagst.akamaized.net/products/77658/77657961/images/res_6abd801982d1110858a769e6922f610a.jpg?width=720&height=720&hash=734F6A31AADD14C5C0154E42ADA6B420,6.7 inch,FHD,1080 x 2340,Super AMOLED,5000 mAh,,,8 GB,256 GB,MicroSD
"Telefon mobil Xiaomi Redmi A3, 4GB RAM, 128GB, Midnight Black","460,54 Lei",460.54 Lei,4.29(109),https://www.emag.ro/telefon-mobil-xiaomi-redmi-a3-4gb-ram-128gb-midnight-black-mzb0gl9eu/pd/DSG0CPYBM/,https://s13emagst.akamaized.net/products/68175/68174218/images/res_7394c01f6ea71bfda2696867cf8141d4.jpg?width=720&height=720&hash=E5CBBCD2947A6FA4CB1316C5EE49615C,6.71 inch,90 Hz,720 x 1650,"LCD
IPS",5000 mAh,Da,Li-Po,4 GB,128 GB,MicroSDXC
"Telefon mobil Oukitel C1 (2025), 4G, Dual SIM, Octa-Core, 6.56-inch IPS 90Hz, 16GB RAM, 128GB, Amprenta, 5150mAh, Android 15, White","549,99 Lei",549.99 Lei,,https://www.emag.ro/telefon-mobil-oukitel-c1-2025-4g-dual-sim-octa-core-6-56-inch-ips-90hz-16gb-ram-128gb-amprenta-5150mah-android-15-white-00003136/pd/DQSHK83BM/,https://s13emagst.akamaized.net/products/111996/111995491/images/res_2399f969e12ed92090ca1f425f0ff7a8.png?width=720&height=720&hash=359B694A8DA2B4A7339997EEE8DD0CD1,6.56 inch,"90 Hz
Touch screen",576 x 1280,IPS,5150 mAh,Da,Li-Po,16 GB,128 GB,MicroSD
"Telefon mobil Motorola Moto E20, Dual SIM, 32GB, 2GB RAM, 4G, Graphite Grey","457,49 Lei",457.49 Lei,4.04(55),https://www.emag.ro/telefon-mobil-motorola-moto-e20-dual-sim-32gb-2gb-ram-4g-graphite-grey-parx0007pl/pd/DP777XMBM/,https://s13emagst.akamaized.net/products/40789/40788851/images/res_ed38bb9e2113c0783785b689f0e8232c.jpg?width=720&height=720&hash=4EDE950970810B35F84BB9B8EA119FAC,6.5 inch,,1600 x 720,IPS,4000 mAh,,,2 GB,32 GB,MicroSD
"Telefon mobil Samsung Galaxy XCover 7, Enterprise Edition, Dual SIM, 6GB RAM, 128GB, 5G, Black","1.249,99 Lei",1249.99 Lei,4.56(16),https://www.emag.ro/telefon-mobil-samsung-galaxy-xcover-7-enterprise-edition-dual-sim-6gb-ram-128gb-5g-black-sm-g556bzkdeee/pd/D0F06XYBM/,https://s13emagst.akamaized.net/products/70079/70078517/images/res_9980c09c512afa486ab0fa8a009fb4cd.jpg?width=720&height=720&hash=0A40C3E8E695E9AAB2B05CF9460775BF,6.6 inch,FHD+,1080 x 2408,"LCD
PLS",4050 mAh,,,6 GB,128 GB,MicroSD
"Telefon mobil Poco M7 Pro, 12GB RAM, 256GB, 5G, Lavender Frost","1.086,19 Lei",1086.19 Lei,,https://www.emag.ro/telefon-mobil-poco-m7-pro-12gb-ram-256gb-5g-lavender-frost-kxg0219790/pd/D9R2RL3BM/,https://s13emagst.akamaized.net/products/106031/106030802/images/res_1797a522c2cff70f25ad145af1fd3319.jpg?width=720&height=720&hash=C854D3FAEE51F7493AC9BB07C0F4B6B1,6.67 inch,,,,,,,12 GB,256 GB,
"Telefon mobil Samsung Galaxy A15, Dual SIM, 4GB RAM, 128GB, 4G, Blue Black","1.331,00 Lei",1331.00 Lei,4.58(291),https://www.emag.ro/telefon-mobil-samsung-galaxy-a15-dual-sim-4gb-ram-128gb-4g-blue-black-sm-a155fzkdeue/pd/DSLPDTYBM/,https://s13emagst.akamaized.net/products/63914/63913895/images/res_cee54b8fb35a2287d22ff8fbd5db6398.jpg?width=720&height=720&hash=2567D4C2385E320511C55561EFF92A2D,6.5 inch,"FHD+
90 Hz",1080 x 2340,Super AMOLED,5000 mAh,,,4 GB,128 GB,MicroSD
"Telefon mobil Google Pixel 9 Pro XL, 128GB, 16GB RAM, 5G, Porcelain","4.759,51 Lei",4759.51 Lei,4.4(89),https://www.emag.ro/telefon-mobil-google-pixel-9-pro-xl-128gb-16gb-ram-5g-porcelain-ga05980-gb/pd/DPZKQVYBM/,https://s13emagst.akamaized.net/products/74606/74605046/images/res_3d394313132580403be05ff524fd5540.jpg?width=720&height=720&hash=1E4793A877BB238F62653669269AA004,6.75 inch,"Refresh rate 120Hz
3000 nits (varf)
HDR 10+
486 PPI",1344 x 2992,P-OLED,5060 mAh,Nu,Li-Ion,16 GB,128 GB,
"Telefon mobil Huawei Pura 70 Pro, 512GB, 12GB RAM, WHITE","5.499,45 Lei",5499.45 Lei,4.61(28),https://www.emag.ro/telefon-mobil-huawei-pura-70-pro-512gb-12gb-ram-white-51097vxl/pd/DG2TD9YBM/,https://s13emagst.akamaized.net/products/70374/70373222/images/res_7dc2a39b47603822c1ef0fb2d9389ac1.jpg?width=720&height=720&hash=B7CC0A208F0E0B6BAF9757749B34DAAD,6.8 inch,460 PPI,2844 x 1260,OLED,5050 mAh,,,12 GB,512 GB,
"Telefon mobil Honor X5c Plus, 4GB RAM, 128GB, Ocean Cyan","498,75 Lei",498.75 Lei,,https://www.emag.ro/telefon-mobil-honor-x5c-plus-4gb-ram-128gb-ocean-cyan-hn-x5cpsoccy128/pd/DRSC9Q3BM/,https://s13emagst.akamaized.net/products/108489/108488794/images/res_63bc78e556e0bf918071519b7aa6b923.png?width=720&height=720&hash=4DB25081A5AE60139F12EC0B0E63CA1F,6.74 inch,90 Hz,720 x 1600,"LCD
TFT",5260 mAh,Nu,Li-Po,4 GB,128 GB,MicroSDXC
"Telefon mobil Motorola razr 60 ultra, Dual SIM, 512GB, 16GB RAM, 5G, Pantone Cabaret","4.413,99 Lei",4413.99 Lei,3(6),https://www.emag.ro/telefon-mobil-motorola-razr-60-ultra-dual-sim-512gb-16gb-ram-5g-pantone-cabaret-pb8r0061pl/pd/DYFPPN3BM/,https://s13emagst.akamaized.net/products/94569/94568633/images/res_eee7281c753e7439044e8f0077d4dba5.jpg?width=720&height=720&hash=46B3D2A83D7FA0B40644BB6B41274BDB,"7 inch
4 inch","Dolby Vision
HDR10+
Rata de raspuns la atingere 300 Hz
Rata de reimprospatare de 165 Hz
4500 nits (peak)
464 ppi
Rata de raspuns la atingere 130 Hz",1224 x 2912,OLED,4700 mAh,Nu,Li-Ion,16 GB,512 GB,
"Telefon mobil Xiaomi Redmi Note 13 Pro, Dual SIM, 512GB, 12GB RAM, 4G, Lavender Purple","1.449,00 Lei",1449.00 Lei,4.58(50),https://www.emag.ro/telefon-mobil-xiaomi-redmi-note-13-pro-dual-sim-512gb-12gb-ram-4g-lavender-purple-53437/pd/DCVVCKYBM/,https://s13emagst.akamaized.net/products/65261/65260166/images/res_40dbf1ffd6e0949e3eabf41cc4ce6d42.jpg?width=720&height=720&hash=044C0EE606803CC9E74FD8BDBF11C65A,6.67 inch,"120 Hz
1B colors
1000 nits (HBM)
500 nits (typ)
1300 nits peak",2400 x 1080,AMOLED,5000 mAh,Da,Li-Po,12 GB,512 GB,MicroSDHC
"Telefon Motorola Moto g75, 256GB, 8GB RAM, 5G, Aqua Blue","999,99 Lei",999.99 Lei,4.6(10),https://www.emag.ro/telefon-motorola-moto-g75-256gb-8gb-ram-5g-aqua-blue-pb3y0007pl/pd/DGT4J6YBM/,https://s13emagst.akamaized.net/products/82689/82688530/images/res_4b1b941cb491fa6b11f1f53b52debbdf.jpg?width=720&height=720&hash=2B5375223749BB7EC0A482706A215614,6.78 inch,"120 Hz
387 PPI",2388 x 1080,LCD,5000 mAh,,,8 GB,256 GB,MicroSD
"Telefon mobil Nokia 105 (2019), Single SIM, Black","69,54 Lei",69.54 Lei,4.09(108),https://www.emag.ro/telefon-mobil-nokia-105-2019-single-sim-black-1058481499423/pd/DW3KKTMBM/,https://s13emagst.akamaized.net/products/25681/25680918/images/res_ecd782ea778de612d0fc6e0f34a287b6.jpg?width=720&height=720&hash=9C43C87C2C97D70DB8DC55A9EBB6DC21,1.77 inch,,120 x 160,TFT,800 mAh,,Li-Ion,4 MB,4 MB,
"Telefon mobil Xiaomi Redmi 13, 8GB RAM, 256GB, Blue","975,84 Lei",975.84 Lei,4.45(179),https://www.emag.ro/telefon-mobil-xiaomi-redmi-13-8gb-ram-256gb-blue-mzb0h61eu/pd/DP19SJYBM/,https://s13emagst.akamaized.net/products/72556/72555262/images/res_90608b552f9a57dea25f602e5da8094e.jpg?width=720&height=720&hash=7E3A9EB185ABE25450556D208863809A,6.79 inch,"FHD+
450 nits
Rata de Refresh 90Hz
DotDisplay",2460 x 1080,,5030 mAh,,,8 GB,256 GB,MicroSD
"Telefon mobil FOSSIBOT F105, 5G, Dual SIM, Octa-Core, 6.7-inch, 12GB RAM, 64GB, Camera 20MP + 8MP, GPS, NFC, 10300mAh, IP68/IP69K, Android 14, Black","575,99 Lei",575.99 Lei,5(2),https://www.emag.ro/telefon-mobil-fossibot-f105-5g-dual-sim-octa-core-6-7-inch-12gb-ram-64gb-camera-20mp-8mp-gps-nfc-10300mah-ip68-ip69k-android-14-black-f105black/pd/D73NNR3BM/,https://s13emagst.akamaized.net/products/109253/109252344/images/res_93053bfaf18abf2f2b8808ea9786c199.png?width=720&height=720&hash=0595E6515E5182E05BE6704A637DCC30,6.74 inch,"260 PPI
Touch screen",720 x 1600,TFT,10300 mAh,Da,Li-Po,12 GB,64 GB,MicroSD
"Telefon mobil Samsung Galaxy S24 FE, Dual SIM, 8GB RAM, 512GB, 5G, Mint","3.223,99 Lei",3223.99 Lei,4.76(135),https://www.emag.ro/telefon-mobil-samsung-galaxy-s24-fe-dual-sim-8gb-ram-512gb-5g-mint-213961/pd/D8ZDRQYBM/,https://s13emagst.akamaized.net/products/80175/80174057/images/res_ffe703a5f519aa70d61adc4e78b83cf5.jpg?width=720&height=720&hash=9325AA4232959E3D17D00D398E7EBB86,6.7 inch,"HDR10+
120 Hz
1900 niti peak",1080 x 2340,Dynamic AMOLED,,,,8 GB,512 GB,NM
"Telefon mobil Google Pixel 9 Pro XL, 512GB, 16GB RAM, 5G, Porcelain","4.819,50 Lei",4819.50 Lei,4.4(89),https://www.emag.ro/telefon-mobil-google-pixel-9-pro-xl-512gb-16gb-ram-5g-porcelain-ga05987-gb/pd/DVZKQVYBM/,https://s13emagst.akamaized.net/products/74606/74605046/images/res_3d394313132580403be05ff524fd5540.jpg?width=720&height=720&hash=1E4793A877BB238F62653669269AA004,6.75 inch,"Refresh rate 120Hz
3000 nits (varf)
HDR 10+
486 PPI",1344 x 2992,P-OLED,5060 mAh,Nu,Li-Ion,16 GB,512 GB,
"Telefon mobil Motorola Edge 50 Neo, Dual SIM, 256GB, 8GB RAM, 5G, Pantone Latte","1.300,00 Lei",1300.00 Lei,4.44(163),https://www.emag.ro/telefon-mobil-motorola-edge-50-neo-dual-sim-256gb-8gb-ram-5g-pantone-latte-pb310046ro/pd/DL9QHCYBM/,https://s13emagst.akamaized.net/products/76080/76079942/images/res_fc8276dc4c42fb866377c21e29ff2139.jpg?width=720&height=720&hash=081BD6495AC5EE627D2C960366232678,6.4 inch,446 PPI,2670 x 1220,P-OLED,4310 mAh,Nu,Li-Po,8 GB,256 GB,
"Smartphone Redmi 6, 4GB RAM, 64GB ROM, MediaTek Helio P22, Negru","375,10 Lei",375.10 Lei,,https://www.emag.ro/smartphone-redmi-6-4gb-ram-64gb-rom-mediatek-helio-p22-negru-redmi-6-4-64-black/pd/DN6J643BM/,https://s13emagst.akamaized.net/products/104119/104118861/images/res_cfbbbffb3b3002e546079eef5ffcf767.jpg?width=720&height=720&hash=3F313802FB8DE9DFFD3C529AEB825EE5,5.45 inch,,1440 x 720,LCD,3000 mAh,Da,,4 GB,64 GB,
"Telefon mobil Samsung Galaxy A05s, Dual SIM, 4GB RAM, 128GB, 4G, Light Green","701,80 Lei",701.80 Lei,4.44(194),https://www.emag.ro/telefon-mobil-samsung-galaxy-a05s-dual-sim-4gb-ram-128gb-4g-light-green-sm-a057glgveue/pd/DHLPDTYBM/,https://s13emagst.akamaized.net/products/63914/63913888/images/res_0a7c498a7746547414e5af53cf17313b.jpg?width=720&height=720&hash=8C16C70605D848EFD0B26518149885A8,6.7 inch,90 Hz,1080 x 2400,PLS,5000 mAh,,Li-Po,4 GB,128 GB,MicroSD
"Telefon mobil Samsung Galaxy S24+, Dual SIM, 12GB RAM, 256GB, 5G, Amber Yellow","6.038,62 Lei",6038.62 Lei,4.6(208),https://www.emag.ro/telefon-mobil-samsung-galaxy-s24-dual-sim-12gb-ram-256gb-5g-amber-yellow-sm-s926bzydeue/pd/D76L7KYBM/,https://s13emagst.akamaized.net/products/64817/64816448/images/res_3424451b1b0faab97f7f186b3b39feb2.jpg?width=720&height=720&hash=A6FDA9DB21F73FCC9FDB03D68FD6E0F7,6.7 inch,"120 Hz
QHD",3120 x 1440,Dynamic AMOLED,4900 mAh,,,12 GB,256 GB,
"Telefon mobil Nokia C32, Dual SIM, 64GB, 3GB RAM, Charcoal","544,50 Lei",544.50 Lei,4.27(11),https://www.emag.ro/telefon-mobil-nokia-c32-dual-sim-64gb-3gb-ram-charcoal-sp01z01z3055y/pd/DPXGWMYBM/,https://s13emagst.akamaized.net/products/59104/59103837/images/res_b965856bee8d4dabc6558f44969a6185.jpg?width=720&height=720&hash=DEF0941AB8CF973BA27E03E7E07A1D4E,6.5 inch,,720 x 1600,,5000 mAh,,Li-Po,3 GB,64 GB,
"Telefon mobil Poco F6, 8GB RAM, 256GB, 5G, Green","1.524,99 Lei",1524.99 Lei,4.72(25),https://www.emag.ro/telefon-mobil-poco-f6-8gb-ram-256gb-5g-green-poco-f6gn-8-256/pd/D0S33JYBM/,https://s13emagst.akamaized.net/products/72128/72127079/images/res_7758c97168d936fba499fcb0b15f84d5.jpg?width=720&height=720&hash=E8A9344676E3E257C6F10FAC6EC4B986,6.67 inch,"Dolby Vision
HDR10+
120 Hz
500 nits typ
68B colors
1200 niti HBM
2400 nits (peak)",1220 x 2712,AMOLED,5000 mAh,Da,,8 GB,256 GB,
"Telefon mobil Apple iPhone 15 Plus, 512GB, 5G, Yellow","4.849,99 Lei",4849.99 Lei,4.82(153),https://www.emag.ro/telefon-mobil-apple-iphone-15-plus-512gb-5g-yellow-mu1m3rx-a/pd/DVCH93YBM/,https://s13emagst.akamaized.net/products/60458/60457138/images/res_fbbafe4e23f9ffec7d873617211c5892.jpg?width=720&height=720&hash=0751C4ABA0F508469B18AB8C50004A9A,6.7 inch,"True tone
Haptic touch
2,000,000:1 contrast ratio
HDR display
Wide color (P3)
Dynamic Island",2796 x 1290,Super Retina XDR,,Nu,Li-Ion,6 GB,512 GB,
"Telefon mobil Apple iPhone 15 Plus, 256GB, 5G, Yellow","4.749,99 Lei",4749.99 Lei,4.82(153),https://www.emag.ro/telefon-mobil-apple-iphone-15-plus-256gb-5g-yellow-mu1d3rx-a/pd/DXCH93YBM/,https://s13emagst.akamaized.net/products/60458/60457138/images/res_fbbafe4e23f9ffec7d873617211c5892.jpg?width=720&height=720&hash=0751C4ABA0F508469B18AB8C50004A9A,6.7 inch,"True tone
Haptic touch
2,000,000:1 contrast ratio
HDR display
Wide color (P3)
Dynamic Island",2796 x 1290,Super Retina XDR,,Nu,Li-Ion,6 GB,256 GB,
"Telefon mobil HONOR 400, Dual SIM, 8GB RAM, 512GB ROM, Midnight Black + Casti HONOR Choice Earbuds X7e Active","2.983,24 Lei",2983.24 Lei,4(2),https://www.emag.ro/telefon-mobil-honor-400-dual-sim-8gb-ram-512gb-rom-midnight-black-casti-honor-choice-earbuds-x7e-active-5109buut-5504adcy/pd/DXG50J3BM/,https://s13emagst.akamaized.net/products/100988/100987597/images/res_74e22d3df124907e04cb86ca14ebca9b.jpg?width=720&height=720&hash=9A23492027C00E035F5501B8C07D5C39,6.55 inch,,1200 x 2664,AMOLED,5300 mAh,Nu,Li-Ion,8 GB,512 GB,
"Telefon mobil Allview D2 SENIOR MT 6261D, Negru","249,01 Lei",249.01 Lei,3.79(56),https://www.emag.ro/telefon-mobil-allview-d2-senior-mt-6261d-negru-d2senior/pd/DY3MF5BBM/,https://s13emagst.akamaized.net/products/24460/24459467/images/res_771305dc9344c862e36ddf2692bc4d85.jpg?width=720&height=720&hash=A756355877D9453C6BF2E6AD82FA941B,2.31 inch,QVGA,320 x 240,TFT,1400 mAh,Da,Li-Ion,32 MB,32 MB,MicroSD
"Telefon mobil Samsung Galaxy A26 Enterprise Edition, 6GB RAM, 128GB, 5G, Black","999,46 Lei",999.46 Lei,,https://www.emag.ro/telefon-mobil-samsung-galaxy-a26-enterprise-edition-6gb-ram-128gb-5g-black-sm-a266bzkbeee/pd/D2FK5N3BM/,https://s13emagst.akamaized.net/products/94982/94981865/images/res_e161c6117b53b355935e1328234bac0f.jpg?width=720&height=720&hash=81D0733E4367EE69BB23CB8DC10400FA,6.7 inch,120 Hz,1080 x 2340,Super AMOLED,5000 mAh,Nu,,6 GB,128 GB,MicroSDXC
"Telefon mobil OPPO Reno13, Dual SIM, 12GB RAM, 256GB, 5G, Luminous Blue","1.799,99 Lei",1799.99 Lei,4.38(13),https://www.emag.ro/telefon-mobil-oppo-reno13-dual-sim-12gb-ram-256gb-5g-luminous-blue-cph2689lb/pd/DGGVYB3BM/,https://s13emagst.akamaized.net/products/85966/85965261/images/res_76aa557e54415c8fb53b616ed78ef41f.jpg?width=720&height=720&hash=12CDC053BBAB4DBF591EC1DA8642A2DB,6.59 inch,"120 Hz
460 PPI",1256 x 2760,AMOLED,5600 mAh,,,12 GB,256 GB,
"Telefon mobil Poco C85, 8GB RAM, 256GB, Green","613,32 Lei",613.32 Lei,,https://www.emag.ro/telefon-mobil-poco-c85-8gb-ram-256gb-green-62964134/pd/DLVCLC3BM/,https://s13emagst.akamaized.net/products/105004/105003283/images/res_d1abcc1c67ca57304e8bc057ddb402e0.jpg?width=720&height=720&hash=3DD38E0DB0E9330A0FD18D69397EF403,6.9 inch,"120 Hz
660 nits (typ)
810 nits (HBM)",720 x 1600,"LCD
IPS",6000 mAh,Nu,,8 GB,256 GB,MicroSDXC
"Telefon mobil Motorola Moto g35, 5G Dual SIM, 4GB RAM, 256GB, Leaf Green","649,99 Lei",649.99 Lei,,https://www.emag.ro/telefon-mobil-motorola-moto-g35-5g-dual-sim-4gb-ram-256gb-leaf-green-pb3k0025ro/pd/DKDZHK3BM/,https://s13emagst.akamaized.net/products/77422/77421456/images/res_1192dfca9357d480e47b1ab71390396e.jpg?width=720&height=720&hash=32EC841AC4A79AD164125604D79FCF01,6.72 inch,"391 PPI
120 Hz",2400 x 1080,"LCD
IPS",5000 mAh,,,4 GB,256 GB,
"Telefon mobil Huawei Nova 11 Pro, 8GB RAM, 256GB, 4G, Black","3.190,65 Lei",3190.65 Lei,4.21(14),https://www.emag.ro/telefon-mobil-huawei-nova-11-pro-8gb-ram-256gb-4g-black-51097mtl/pd/D9XQ5WMBM/,https://s13emagst.akamaized.net/products/57133/57132828/images/res_bb6c31c6cf321f25953d82258f83888b.jpg?width=720&height=720&hash=9BE34B78AC9AAC4E2A8CB2E4D7C7FF77,6.78 inch,Rata de reimprospatare la 120 Hz,2652 x 1200,OLED,4500 mAh,,,8 GB,256 GB,
"Telefon mobil Oppo Find X3 Neo, Dual SIM, 256GB, 12GB RAM, 5G, Galactic Silver","1.599,00 Lei",1599.00 Lei,4(10),https://www.emag.ro/telefon-mobil-oppo-find-x3-neo-dual-sim-256gb-12gb-ram-5g-galactic-silver-oppo-findx3ns-5g-12-256/pd/D8KV3KMBM/,https://s13emagst.akamaized.net/products/36125/36124266/images/res_086d7292dcec996d4a4b836a67bac975.jpg?width=720&height=720&hash=7A93ACDDED066779B888E40462F38A9A,6.5 inch,"402 ppi
90 Hz",1080 x 2400,AMOLED,4500 mAh,,Li-Po,12 GB,256 GB,
"Smartphone XS16, Rainbuvvy, 3 Inch, Android 10, 16GB, Albastru","406,56 Lei",406.56 Lei,4.33(6),https://www.emag.ro/smartphone-xs16-rainbuvvy-3-inch-android-10-16gb-albastru-xs16-2gb16gb-blue/pd/DH6S0KYBM/,https://s13emagst.akamaized.net/products/64962/64961565/images/res_94e466c780c6a8e75571e00bc64f5fa7.jpg?width=720&height=720&hash=60A361B5C2035C7A89E150579E537062,3 inch,,,IPS,,Da,,2 GB,16 GB,
"Telefon Mobil AIEK M2-C, Ecran 2.8 inch, Dual SIM, 2G, Baterie 1800mAh, Negru, 111x58x19.5mm","220,64 Lei",220.64 Lei,,https://www.emag.ro/telefon-mobil-aiek-m2-c-ecran-2-8-inch-dual-sim-2g-baterie-1800mah-negru-111x58x19-5mm-m2-c-red/pd/DMRK04YBM/,https://s13emagst.akamaized.net/products/75112/75111575/images/res_bb006df4254423948e05f6375a6d9370.jpg?width=720&height=720&hash=75137A8DFFC4F5DBD996AA1DA73462B0,,,,,,,,32 MB,32 MB,
SOYES XS19 telefon mobil 2GB RAM 16GB ROM 3.88 Inch 2000mAh 3G Albastru,"302,50 Lei",302.50 Lei,3(1),https://www.emag.ro/soyes-xs19-telefon-mobil-2gb-ram-16gb-rom-3-88-inch-2000mah-3g-albastru-xs19-blue/pd/DWX5YN3BM/,https://s13emagst.akamaized.net/products/94285/94284143/images/res_3166c4a72a9b3027d7f86494a1737a4c.jpg?width=720&height=720&hash=610EEB2D7C0B206BE1645D3746A8AEDB,3.88 inch,Multi-touch,854 x 480,IPS,2000 mAh,,Li-Po,2 GB,16 GB,MicroSD
"Telefon mobil ASUS ROG Phone 8, Dual SIM, 256GB, 12GB RAM, 5G, Black","4.099,99 Lei",4099.99 Lei,4.11(9),https://www.emag.ro/telefon-mobil-asus-rog-phone-8-dual-sim-256gb-12gb-ram-5g-black-ai2401-12g256g-bk-eu/pd/D09DNKYBM/,https://s13emagst.akamaized.net/products/64921/64920798/images/res_c8a9aff9bf5f37d78e7a243ae97357a6.png?width=720&height=720&hash=827E638FEE59E9E0F9F02533FCA28E6B,6.78 inch,"FHD+
Rata de reimprospatare de 165 Hz
2500 nits peak",1080 x 2400,AMOLED,5500 mAh,,,12 GB,256 GB,
"Telefon mobil Samsung Galaxy S24+, Dual SIM, 12GB RAM, 256GB, 5G, Cobalt Violet","6.038,62 Lei",6038.62 Lei,4.6(208),https://www.emag.ro/telefon-mobil-samsung-galaxy-s24-dual-sim-12gb-ram-256gb-5g-cobalt-violet-sm-s926bzvdeue/pd/D26L7KYBM/,https://s13emagst.akamaized.net/products/64817/64816447/images/res_b6fbb09dcc49e7cc408ab48bc56cb55b.jpg?width=720&height=720&hash=D143B5285B5FF52ADA8172448B8C0E43,6.7 inch,"120 Hz
QHD",3120 x 1440,Dynamic AMOLED,4900 mAh,,,12 GB,256 GB,
"Telefon mobil ZTE nubia Focus PRO, Dual SIM, 256GB, 8GB RAM, 5G, Black","1.386,00 Lei",1386.00 Lei,3.88(8),https://www.emag.ro/telefon-mobil-zte-nubia-focus-pro-dual-sim-256gb-8gb-ram-5g-black-z2351n/pd/DZTP9JYBM/,https://s13emagst.akamaized.net/products/72464/72463483/images/res_1aa4b32987c08eaee87216c3e95e0f87.jpg?width=720&height=720&hash=7F82598925B239E4947AFDCD0F89BF49,6.72 inch,"FHD+
120Hz",1080 x 2400,IPS,5000 mAh,Da,,8 GB,256 GB,
"Telefon mobil Samsung Galaxy S23 Plus, Dual SIM, 8GB RAM, 256GB, 5G, Phantom Black","3.650,00 Lei",3650.00 Lei,4.69(139),https://www.emag.ro/telefon-mobil-samsung-galaxy-s23-plus-dual-sim-8gb-ram-256gb-5g-phantom-black-sm-s916bzkdeue/pd/DB7R8RMBM/,https://s13emagst.akamaized.net/products/52576/52575504/images/res_440d7508b40b2a6e1c5aa38fb99d034b.jpg?width=720&height=720&hash=21F5783607AE20103B219ECFC548877D,6.6 inch,"FHD+
393 PPI
Rata de reimprospatare la 120 Hz
1750 nits (Peak)",2340 x 1080,Dynamic AMOLED,4700 mAh,,,8 GB,256 GB,
"Telefon mobil Blackview Rugged BV9300 PRO, 256GB, 12GB RAM, 4G, Black","1.549,99 Lei",1549.99 Lei,5(3),https://www.emag.ro/telefon-mobil-blackview-rugged-bv9300-pro-256gb-12gb-ram-4g-black-bv9300pro12-bl/pd/DD9BY93BM/,https://s13emagst.akamaized.net/products/98877/98876769/images/res_e091e1930c8fb3fdd9623a7e5e70867d.jpg?width=720&height=720&hash=BEF312A7BF5E307B9CFD11909E0F4ADE,6.7 inch,"Corning Gorilla Glass 5
Rata de reimprospatare de 120 Hz",1080 x 2388,IPS,15080 mAh,Da,,12 GB,256 GB,
"Telefon mobil Xiaomi Redmi 14C, 256GB, 8GB RAM, Green","861,76 Lei",861.76 Lei,4.52(207),https://www.emag.ro/telefon-mobil-xiaomi-redmi-14c-256gb-8gb-ram-green-mzb0hvreu/pd/D52PG1YBM/,https://s13emagst.akamaized.net/products/79027/79026437/images/res_6d49aafe59459cf3456aa39bad865122.jpg?width=720&height=720&hash=97FF04329BEB842BD8295B126763CEA3,6.88 inch,"16 milioane de culori
120 Hz",1640 x 720,"LCD
IPS",5160 mAh,,,8 GB,256 GB,
"Telefon mobil OPPO Reno14, Mediatek Dimensity 8350, Dual SIM, 12GB/512GB, 5G, Opal White","2.685,15 Lei",2685.15 Lei,,https://www.emag.ro/telefon-mobil-oppo-reno14-mediatek-dimensity-8350-dual-sim-12gb-512gb-5g-opal-white-1092640411086/pd/DQBHN13BM/,https://s13emagst.akamaized.net/products/107408/107407150/images/res_a70b860f1a76cd167f27dc6850814519.jpg?width=720&height=720&hash=CE9500CF7C5EE0162920834818A9A029,6.59 inch,,,AMOLED,,Nu,,12 GB,512 GB,
"Telefon mobil Poco X6 Pro, 512GB, 12GB RAM, 5G, Gray","2.298,07 Lei",2298.07 Lei,4.58(80),https://www.emag.ro/telefon-mobil-poco-x6-pro-512gb-12gb-ram-5g-gray-mzb0fveeu/pd/DL9VCKYBM/,https://s13emagst.akamaized.net/products/65261/65260043/images/res_4cfb271c70dd4d42108747e5e4bec99b.jpg?width=720&height=720&hash=9674245C78303BDB0EE8676A6C1B355A,6.67 inch,"Dolby Vision
HDR10+
120 Hz
68B colors",1220 x 2712,AMOLED,5000 mAh,Da,,12 GB,512 GB,
"Telefon mobil Nothing Phone (2a), 128GB, 8GB RAM, 5G, Black","1.551,66 Lei",1551.66 Lei,4.77(79),https://www.emag.ro/telefon-mobil-nothing-phone-2a-128gb-8gb-ram-5g-black-a10400064/pd/DZSF0HYBM/,https://s13emagst.akamaized.net/products/67730/67729909/images/res_ef041852604cc9fc01226ac33422769e.jpg?width=720&height=720&hash=AC5971F7CF8751472E4D78807552C363,6.7 inch,"394 PPI
Rata de raspuns la atingere 240 Hz",1084 x 2412,AMOLED,5000 mAh,Nu,,8 GB,128 GB,
"Telefon mobil ZTE nubia NEO 3, Dual SIM,8GB, 256GB, 5G, Gold","999,99 Lei",999.99 Lei,,https://www.emag.ro/telefon-mobil-zte-nubia-neo-3-dual-sim-8gb-256gb-5g-gold-123449501141/pd/D0BN1P3BM/,https://s13emagst.akamaized.net/products/97664/97663557/images/res_c3b061f2828c2fb09d76b53cef4d2090.jpg?width=720&height=720&hash=24ED80D5B62E450E364BAC80BB19394F,6.8 inch,"16 milioane de culori
FHD",900 x 2030,AMOLED,5200 mAh,,,8 GB,256 GB,
"Telefon mobil Realme 14 Pro+, 12GB RAM, 512GB, 5G, Nebula Purple","2.099,00 Lei",2099.00 Lei,5(1),https://www.emag.ro/telefon-mobil-realme-14-pro-12gb-ram-512gb-5g-nebula-purple-rm-r14propnbp512/pd/D5C2RL3BM/,https://s13emagst.akamaized.net/products/106031/106030658/images/res_f0696258165773181fa4f68fb39df00d.png?width=720&height=720&hash=04F8EAFD9CD502FA3ACC3E5B98A56687,6.83 inch,"120 Hz
1B colors
1200 nits (HBM)
1500 nits (peak)",1272 x 2800,OLED,6000 mAh,Nu,,12 GB,512 GB,
"Pachet: Telefon mobil OPPO Reno7, Dual SIM, 128GB, 8GB RAM, 4G, Cosmic Black + Bratara Fitness OPPO Band, Negru","1.499,99 Lei",1499.99 Lei,4.33(3),https://www.emag.ro/pachet-telefon-mobil-oppo-reno7-dual-sim-128gb-8gb-ram-4g-cosmic-black-bratara-fitness-oppo-band-negru-promo-box-reno-7-4g-black/pd/D82QB6MBM/,https://s13emagst.akamaized.net/products/53588/53587434/images/res_5ea0d5a9c64e55806b4b67f9dd1fd877.jpg?width=720&height=720&hash=701F4E55BC48BC377474FEB79D714B91,6.43 inch,"16.7 milioane culori
409 ppi
Rata de Refresh 90Hz",2400 x 1080,AMOLED,4500 mAh,,Li-Po,8 GB,128 GB,
"Telefon mobil Vivo Y22s, Dual Sim, 128GB, 4G, Starlit Blue","1.199,99 Lei",1199.99 Lei,3(3),https://www.emag.ro/telefon-mobil-vivo-y22s-dual-sim-128gb-4g-starlit-blue-v2206-starlit-blue/pd/D9G5VZMBM/,https://s13emagst.akamaized.net/products/49509/49508750/images/res_431794c904b1352f0263cfbe8cdf0e6e.jpg?width=720&height=720&hash=545EAF2E49AEB6B0606990D76CB742F0,6.55 inch,"269 ppi
HD+",1612 x 720,LCD,5000 mAh,,,6 GB,128 GB,
"Telefon mobil Samsung Galaxy S25 Edge, 12GB RAM, 512GB, 5G, Titanium Silver","4.790,39 Lei",4790.39 Lei,3.79(14),https://www.emag.ro/telefon-mobil-samsung-galaxy-s25-edge-12gb-ram-512gb-5g-titanium-silver-8806097326175/pd/DLNXK03BM/,https://s13emagst.akamaized.net/products/95374/95373779/images/res_45df1da1a96d5c520e39330319dd8482.jpg?width=720&height=720&hash=5A9ECEFE64B8B4E8100B91689F1BA867,6.7 inch,"HDR10+
120 Hz",1440 x 3120,"AMOLED
LTPO",3900 mAh,Nu,,12 GB,512 GB,
"Telefon mobil OPPO A60, 8GB RAM, 256GB, Midnight Purple","929,00 Lei",929.00 Lei,3.8(5),https://www.emag.ro/telefon-mobil-oppo-a60-8gb-ram-256gb-midnight-purple-10880/pd/D7C0LFYBM/,https://s13emagst.akamaized.net/products/71747/71746963/images/res_8ce43acc81428736c5abc14b03f0ffe5.jpg?width=720&height=720&hash=8F84E8FE7CEDC47630766D16482BE9CB,6.67 inch,"90 Hz
950 nits peak",720 x 1604,"LCD
IPS",5000 mAh,Da,,8 GB,256 GB,MicroSDXC
"Telefon mobil Huawei Nova 10, Dual SIM, 8GB RAM, 128GB, 4G, Starry Black","de la 2.542,01 Lei",de la 2542.01 Lei,4.07(42),https://www.emag.ro/telefon-mobil-huawei-nova-10-dual-sim-8gb-ram-128gb-4g-starry-black-51097eun/pd/DB9L1LMBM/,https://s13emagst.akamaized.net/products/48729/48728900/images/res_95570190068cf9442b93937ad093ab36.png?width=720&height=720&hash=8A07DFD461D41EBB6883C3E055078661,6.67 inch,"FHD+
Rata de reimprospatare de 120 Hz
1.07 miliarde de culori",2400 x 1080,OLED,4000 mAh,,,8 GB,128 GB,
"Telefon Motorola Moto g35, Dual SIM, 128GB, 8GB RAM, 5G, Guava Red","699,99 Lei",699.99 Lei,4.54(13),https://www.emag.ro/telefon-motorola-moto-g35-dual-sim-128gb-8gb-ram-5g-guava-red-pb3k0012pl/pd/DBK4J6YBM/,https://s13emagst.akamaized.net/products/77422/77421457/images/res_78599e56bb210aefeebcc1ff03654cc7.jpg?width=720&height=720&hash=4F42D7BF12F82ABC94CD57760FF6F67B,6.72 inch,"391 PPI
120 Hz",2400 x 1080,"LCD
IPS",5000 mAh,,,8 GB,128 GB,
"Telefon mobil Samsung Galaxy A56 Enterprise Edition, 8GB RAM, 128GB, 5G, Awesome Graphite","1.610,49 Lei",1610.49 Lei,,https://www.emag.ro/telefon-mobil-samsung-galaxy-a56-enterprise-edition-8gb-ram-128gb-5g-awesome-graphite-sm-a566bzkaeee/pd/DVVPH33BM/,https://s13emagst.akamaized.net/products/88998/88997825/images/res_6890f681b67ba46e85f1d9e58dc3784e.jpg?width=720&height=720&hash=DB3D63059753876AE0AB104947572C0D,6.7 inch,"HDR10+
120 Hz
1200 nits (HBM)
1900 nits (peak)",1080 x 2340,Super AMOLED,5000 mAh,,,8 GB,128 GB,
"Telefon mobil Nokia 5710 XpressAudio, Dual SIM, 4G, Black","394,46 Lei",394.46 Lei,4.46(35),https://www.emag.ro/telefon-mobil-nokia-5710-xpressaudio-dual-sim-4g-black-16aqub01a05/pd/D7G0CLMBM/,https://s13emagst.akamaized.net/products/48630/48629426/images/res_1e2000b7af97ccd121ef4dd546206614.jpg?width=720&height=720&hash=5D1FD0038F3BB69770700E09B802AC78,2.4 inch,,240 x 320,TFT,1450 mAh,,Li-Ion,48 MB,128 MB,MicroSDHC
"Telefon mobil Oppo Find N5, pliabil, 512GB, 16GB RAM, 5G, Dual SIM, Negru Cosmic","8.500,01 Lei",8500.01 Lei,,https://www.emag.ro/telefon-mobil-oppo-find-n5-pliabil-512gb-16gb-ram-5g-dual-sim-negru-cosmic-cph2671-bk/pd/DBPX393BM/,https://s13emagst.akamaized.net/products/98919/98918985/images/res_419f02040464ba803089db43c325bb66.png?width=720&height=720&hash=0DFCBF1FACA4472E499E82B8CF13CA6D,"6.62 inch
8.12 inch",,"1140 x 2616
2248 x 2480",LTPO,,Nu,,16 GB,512 GB,
"Telefon mobil Ulefone Armor 33, Dual SIM, 4G, IPS 6.95-inch 120Hz 700nits, 24GB RAM / 512GB, Camera 50MP + 64MP + 50MP, RGB Infinite Halo 2.0, Lantera LED 1100 Lumeni, 25500mAh, NFC, IP68/IP69K, Android 15","1.899,99 Lei",1899.99 Lei,,https://www.emag.ro/telefon-mobil-ulefone-armor-33-dual-sim-4g-ips-6-95-inch-120hz-700nits-24gb-ram-512gb-camera-50mp-64mp-50mp-rgb-infinite-halo-2-0-lantera-led-1100-lumeni-25500mah-nfc-ip68-ip69k-android-15-00002905/pd/D56W713BM/,https://s13emagst.akamaized.net/products/107308/107307084/images/res_2f7586b432bc874adc5a90a73a50e1db.png?width=720&height=720&hash=B2753BDDD0B96BB802E8FC2F2CD0FD06,6.95 inch,"Corning Gorilla Glass 5
120 Hz
Touch screen",2460 x 1080,"LCD
IPS",25500 mAh,Da,Li-Po,24 GB,512 GB,MicroSD
Cartela Orange Prepay,"27,79 Lei",27.79 Lei,,https://www.emag.ro/cartela-orange-prepay-5949023215907-fc/pd/D5LR1MBBM/?ref=smart-history-ml_1_1&provider=rec&recid=rec_4_a924012371449ca0e7cdccc42e342dc2814cd156988cafbf271e4d5f23181df0_1767484327&scenario_ID=4,https://s13emagst.akamaized.net/products/1634/1633416/images/res_62a8ce39d0a0360c55e36dfa488c9321.jpg?width=300&height=300&hash=AEEAC0149CAFFD93C77AA33ED39EC057,,,,,,,,,,
"O cartelă SIM, 2GB / 100 minute, neactivată, preplătită","23,62 Lei",23.62 Lei,,https://www.emag.ro/o-cartela-sim-2gb-100-minute-neactivata-preplatita-5999539967524/pd/DYM38X3BM/?ref=smart-history-ml_1_2&provider=rec&recid=rec_4_a924012371449ca0e7cdccc42e342dc2814cd156988cafbf271e4d5f23181df0_1767484327&scenario_ID=4,https://s13emagst.akamaized.net/products/98731/98730290/images/res_9b418ce4f55d854058b7072afac23166.jpg?width=300&height=300&hash=E9B743F46ED8522582C6C406DFC7F6A8,,,,,,,,,,
"Telefon mobil Motorola Moto g04, Dual SIM, 8GB RAM, 128GB, Sunrise Orange","602,11 Lei",602.11 Lei,4.59(144),https://www.emag.ro/telefon-mobil-motorola-moto-g04-dual-sim-8gb-ram-128gb-sunrise-orange-pb130031pl/pd/DMT2MZYBM/?ref=smart-history-ml_1_3&provider=rec&recid=rec_4_a924012371449ca0e7cdccc42e342dc2814cd156988cafbf271e4d5f23181df0_1767484327&scenario_ID=4,https://s13emagst.akamaized.net/products/66422/66421258/images/res_725ce95d251138e71a57044b06b8822e.jpg?width=300&height=300&hash=098CDF5219699AE45EC3C2592FCE5614,,,,,,,,,,
"Telefon mobil Apple iPhone 17 Pro Max, 512GB, 5G, Cosmic Orange","9.500,00 Lei",9500.00 Lei,4.76(136),https://www.emag.ro/telefon-mobil-apple-iphone-17-pro-max-512gb-5g-cosmic-orange-mfyt4zd-a/pd/D199FV3BM/?ref=smart-history-ml_1_4&provider=rec&recid=rec_4_a924012371449ca0e7cdccc42e342dc2814cd156988cafbf271e4d5f23181df0_1767484327&scenario_ID=4,https://s13emagst.akamaized.net/products/102972/102971604/images/res_8b9a44b3730436c3966b37351d4ba1d2.jpg?width=300&height=300&hash=E017813D6DB1D9FDD12EFD803D58FA03,,,,,,,,,,
"Telefon mobil Apple iPhone 17 Pro, 256GB, 5G, Cosmic Orange","6.649,99 Lei",6649.99 Lei,4.71(135),https://www.emag.ro/telefon-mobil-apple-iphone-17-pro-256gb-5g-cosmic-orange-mg8h4zd-a/pd/D099FV3BM/?ref=smart-history-ml_1_5&provider=rec&recid=rec_4_a924012371449ca0e7cdccc42e342dc2814cd156988cafbf271e4d5f23181df0_1767484327&scenario_ID=4,https://s13emagst.akamaized.net/products/102972/102971594/images/res_2dd3ceeb224a4e2141c8a47b02de1c37.jpg?width=300&height=300&hash=8CF601AA4F743999516849202533C833,,,,,,,,,,
"Telefon mobil Alcatel 2057D, Cartela SIM Telekom, Pliabil, Bluetooth, USB, 103x50.4x16.9 mm, Negru","188,45 Lei",188.45 Lei,1(1),https://www.emag.ro/telefon-mobil-alcatel-2057d-cartela-sim-telekom-pliabil-bluetooth-usb-103x50-4x16-9-mm-negru-alcatel-2057d-telekom/pd/D8YNXQMBM/?ref=smart-history-ml_1_6&provider=rec&recid=rec_4_a924012371449ca0e7cdccc42e342dc2814cd156988cafbf271e4d5f23181df0_1767484327&scenario_ID=4,https://s13emagst.akamaized.net/products/51190/51189677/images/res_ce04e63d9ce6aebe9f8b96bb38120bf1.jpg?width=300&height=300&hash=60DBFDB693A5BF56AC18658E7135C1FC,,,,,,,,,,
"Telefon mobil OPPO A78, Dual SIM, 128GB, 4GB RAM, 5G, Glowing Black","1.118,48 Lei",1118.48 Lei,3.5(4),https://www.emag.ro/telefon-mobil-oppo-a78-dual-sim-128gb-4gb-ram-5g-glowing-black-oppo6054397/pd/D5HH8N3BM/,https://s13emagst.akamaized.net/products/52616/52615891/images/res_a4427b5fa255b5a7ba6b37abb7ecde5e.jpg?width=720&height=720&hash=99093BCB1003376F6BC0B16F41666091,6.56 inch,"269 ppi
Panda Glass
Rata de reimprospatare de 90 Hz
Luminozitate: 600 nits",1612 x 720,LCD,5000 mAh,,Li-Po,4 GB,128 GB,
"Telefon mobil Realme 14x, 8GB RAM, 256GB, 5G, Carbon Black","761,60 Lei",761.60 Lei,,https://www.emag.ro/telefon-mobil-realme-14x-8gb-ram-256gb-5g-carbon-black-kxg0225510/pd/D128PB3BM/,https://s13emagst.akamaized.net/products/86272/86271993/images/res_aefaebff531d094dbc08e22430eae4ab.jpg?width=720&height=720&hash=B4F08D9EC34A7750EDA7131B12A49FA2,6.67 inch,"120 Hz
625 nits",720 x 1604,"LCD
IPS",5000 mAh,,,8 GB,256 GB,MicroSDXC
"Smartphone Huawei P40 Lite, 128GB, 8GB RAM, Dual Sim, Roz","703,77 Lei",703.77 Lei,,https://www.emag.ro/smartphone-huawei-p40-lite-128gb-8gb-ram-dual-sim-roz-9327018861173/pd/DWFT3KYBM/,https://s13emagst.akamaized.net/products/64744/64743065/images/res_a7623e8bf77b324a1a2f29c7a42a42ed.jpg?width=720&height=720&hash=6242A0D7B395DFDCE1337AAAFAD81FD6,,,,,,,,8 GB,128 GB,
"Telefon mobil Xiaomi Redmi Note 14S, 8GB RAM, 256GB, AMOLED 6.67"", Negru","925,65 Lei",925.65 Lei,,https://www.emag.ro/telefon-mobil-xiaomi-redmi-note-14s-8gb-ram-256gb-amoled-6-67-negru-64908/pd/DZLC0K3BM/,https://s13emagst.akamaized.net/products/93594/93593377/images/res_3cc0ed211f5a39c185a3e90cd5629bd8.jpg?width=720&height=720&hash=B8A409D041F9BE275F69B4C2E0D90696,6.57 inch,"120 Hz
1B colors
1000 nits (HBM)
500 nits (typ)
1300 nits (peak)",1080 x 2400,AMOLED,5000 mAh,Nu,,8 GB,256 GB,MicroSDXC
"Telefon mobil Xiaomi Redmi Note 14 Pro, 8GB RAM, 256GB, 5G, Midnight Black + Xiaomi High-capacity gel pen","1.999,53 Lei",1999.53 Lei,5(1),https://www.emag.ro/telefon-mobil-xiaomi-redmi-note-14-pro-8gb-ram-256gb-5g-midnight-black-xiaomi-high-capacity-gel-pen-bndlpro5gbl/pd/DCD1CF3BM/,https://s13emagst.akamaized.net/products/100359/100358397/images/res_a4b988c41299d736263e34fce3adaca8.jpg?width=720&height=720&hash=1806EC8D1AEAFDE9B3E1CC59D084FC51,6.67 inch,"Rata de refresh 120 Hz
3000 nits (varf)
Reading mode
Contrast ratio: 5,000,000:1
Touch sampling rate: Up to 480Hz",2712 x 1220,AMOLED,5110 mAh,,,8 GB,256 GB,
"Telefon mobil realme 14pro+, Dual SIM, 8GB RAM, 256GB, 5G","1.510,08 Lei",1510.08 Lei,,https://www.emag.ro/telefon-mobil-realme-14pro-dual-sim-8gb-ram-256gb-5g-14pro-12-512-white/pd/DHP0RS3BM/,https://s13emagst.akamaized.net/products/102343/102342078/images/res_04d2e3f8a8422f694dbb94aac65ea2c5.jpg?width=720&height=720&hash=EA84D77276D675A8A02B67A1A11F3B8D,6.83 inch,120 Hz,2800 x 1272,AMOLED,6000 mAh,Da,Li-Po,8 GB,256 GB,MicroSD
"Telefon mobil Motorola g06, Dual SIM, 256GB, 4GB RAM, Arabesque Orange","499,99 Lei",499.99 Lei,4.5(14),https://www.emag.ro/telefon-mobil-motorola-g06-dual-sim-256gb-4gb-ram-arabesque-orange-pba20013ro/pd/DY23WL3BM/,https://s13emagst.akamaized.net/products/106179/106178133/images/res_9393892415aa7b1a7a4ce01574fee403.jpg?width=720&height=720&hash=6B2984A04799CA6016368E7DDF9CC5AA,6.88 inch,"Rata de refresh 120 Hz
263 ppi",1640 x 720,LCD,5200 mAh,Nu,,4 GB,64 GB,
"Telefon mobil Motorola Moto g85, 12GB RAM, 256GB, 5G, Olive Green","1.363,60 Lei",1363.60 Lei,5(4),https://www.emag.ro/telefon-mobil-motorola-moto-g85-12gb-ram-256gb-5g-olive-green-mt-motg85olge/pd/D6N8Q4YBM/,https://s13emagst.akamaized.net/products/75548/75547399/images/res_c173aa44a11ea0e12f663e86201b8923.jpg?width=720&height=720&hash=2A5A3D6B00D1F3BCE7AC77E7EEE39BD8,6.67 inch,"120 Hz
1B colors
1600 nits peak",1080 x 2400,P-OLED,5000 mAh,,,12 GB,256 GB,MicroSDXC
"Telefon mobil Blackview WAVE 8, 4G, 6.56"" HD+, 12GB RAM(4GB + 8GB extensibili), 256GB Rom, 4G Octa-Core, 13MP + 8MP AI Camera 5000mAh / 10W Telefon mobil, Android 14, 90hz, Deblocare amprenta, Negru","599,99 Lei",599.99 Lei,5(1),https://www.emag.ro/telefon-mobil-blackview-wave-8-4g-6-56-hd-12gb-ram-4gb-8gb-extensibili-256gb-rom-4g-octa-core-13mp-8mp-ai-camera-5000mah-10w-telefon-mobil-android-14-90hz-deblocare-amprenta-negru-wave8-4-256-violet-0/pd/DF02ZT3BM/,https://s13emagst.akamaized.net/products/88906/88905545/images/res_f19eb778ade75a169c7ed2403c2ee879.jpg?width=720&height=720&hash=FEE3981A46453A05F953B4EEC51C6523,6.56 inch,90 Hz,720 x 1612,IPS,5000 mAh,Da,Li-Ion,4 GB,256 GB,MicroSD
"Telefon mobil Xiaomi Redmi 10 (2022), 4GB RAM, 128GB, 4G, Pebble White","599,00 Lei",599.00 Lei,4.25(64),https://www.emag.ro/telefon-mobil-xiaomi-redmi-10-2022-4gb-ram-128gb-4g-pebble-white-xm-mi10wh2022-4-128/pd/DW20QBYBM/,https://s13emagst.akamaized.net/products/56451/56450578/images/res_6a0c3ea02f54485306d400a761b5c622.jpg?width=720&height=720&hash=BCBA94C7CECA6043521C5908431B0EB5,6.5 inch,90 Hz,1080 x 2400,LCD,5000 mAh,,Li-Po,4 GB,128 GB,MicroSDXC
"Telefon mobil Xiaomi Redmi Note 13 Pro Plus 5G 12/512 White Bundle cu Husa Gri Inchis, Ecran de 6.67 inch, Smartphone Deblocat, Baterie de 5000 mAh, Memorie ROM de 512GB, RAM de 12GB, Android 13","3.047,00 Lei",3047.00 Lei,,https://www.emag.ro/telefon-mobil-xiaomi-redmi-note-13-pro-plus-5g-12-512-white-bundle-cu-husa-gri-inchis-ecran-de-6-67-inch-smartphone-deblocat-baterie-de-5000-mah-memorie-rom-de-512gb-ram-de-12gb-android-13-7602/pd/D1YQQZ3BM/,https://s13emagst.akamaized.net/products/106944/106943048/images/res_3b1fef22857996296c1a4ed16bc83b47.jpg?width=720&height=720&hash=383BFFDD929C2223ECB8484359492C0D,6.67 inch,120 Hz,,AMOLED,5000 mAh,"Da, incarcare rapida USB PD",,12 GB,512 GB,
"Telefon Mobil Xiaomi Redmi 13C, Dual SIM, 128GB, 6GB RAM, 4G, Verde","729,99 Lei",729.99 Lei,4.55(387),https://www.emag.ro/telefon-mobil-xiaomi-redmi-13c-dual-sim-128gb-6gb-ram-4g-verde-mzb0flteu/pd/DTL05DYBM/,https://s13emagst.akamaized.net/products/63585/63584262/images/res_fb6f2d34bb54b2738bbd93c6e3e15315.jpg?width=720&height=720&hash=937777FBAE7A17EDE26862A4CA320BED,6.74 inch,"90 Hz
450 nits (typ)
600 niti HBM",720 x 1600,"LCD
IPS",5000 mAh,Da,Li-Po,6 GB,128 GB,MicroSDXC
"Telefon mobil Apple iPhone SE 3, 128GB, 5G, Starlight","3.039,00 Lei",3039.00 Lei,4.13(76),https://www.emag.ro/telefon-mobil-apple-iphone-se-3-128gb-5g-starlight-mmxk3rm-a/pd/D3PRWJMBM/,https://s13emagst.akamaized.net/products/44324/44323614/images/res_e38fd2336268582547fcbbadc8671bb2.jpg?width=720&height=720&hash=E34557BF7A9AB487316EBD357A36D30A,4.7 inch,"326 PPI
True tone
625 niti luminozitate maxima",1334 x 750,"LCD
IPS",,Nu,Li-Ion,4 GB,128 GB,
"Telefon mobil OPPO A40, 6GB RAM, 128GB, Sparkle Black","951,40 Lei",951.40 Lei,5(2),https://www.emag.ro/telefon-mobil-oppo-a40-6gb-ram-128gb-sparkle-black-m0802618/pd/DQJLS1YBM/,https://s13emagst.akamaized.net/products/79027/79026433/images/res_65da59cb88cb8b4d04f38aa435b22e8c.jpg?width=720&height=720&hash=981185F1F301342DED6F3A7D3570F5DD,6.67 inch,,720 x 1604,"LCD
IPS",5100 mAh,Da,,6 GB,128 GB,MicroSDXC
"Telefon mobil Poco M7 Pro, 12GB RAM, 512GB, 5G, Classic Black","1.197,90 Lei",1197.90 Lei,3(1),https://www.emag.ro/telefon-mobil-poco-m7-pro-12gb-ram-512gb-5g-classic-black-pc-m7procsbk512/pd/DR1C5S3BM/,https://s13emagst.akamaized.net/products/102382/102381832/images/res_d685a339a0e0aad2d0e19f9ddb21025d.jpg?width=720&height=720&hash=F3D08090AB101D511739B09CAF4F4887,6.67 inch,"Dolby Vision
HDR10+
120 Hz
2100 nits (peak)",1080 x 2400,AMOLED,5110 mAh,Nu,Li-Po,12 GB,512 GB,MicroSDXC
"Telefon mobil Xiaomi Redmi A3, Dual SIM, 128GB, 4GB RAM, Verde","447,70 Lei",447.70 Lei,4(7),https://www.emag.ro/telefon-mobil-xiaomi-redmi-a3-dual-sim-128gb-4gb-ram-verde-mzb0glbeu/pd/DXX3CHYBM/,https://s13emagst.akamaized.net/products/68017/68016148/images/res_e1908d39f2c49cd6d61ad5519d57ffd7.jpg?width=720&height=720&hash=1B175B8FF7FFBCB62DD3AC147436AAA9,6.71 inch,"500 nits
Raport de contrast 1500:1
Rata de Refresh 90Hz",1650 x 720,,5000 mAh,,,4 GB,128 GB,
"Telefon mobil Samsung Galaxy A17, Dual SIM, 6GB RAM, 128GB, 5G, Black","1.599,00 Lei",1599.00 Lei,4.86(14),https://www.emag.ro/telefon-mobil-samsung-galaxy-a17-dual-sim-6gb-ram-128gb-5g-black-sm-gxa17bk5g6gb/pd/DV3BP53BM/,https://s13emagst.akamaized.net/products/110257/110256592/images/res_2d4581c17cd5363462511702ead1a7d4.jpg?width=720&height=720&hash=DA216D0D0BDA2CA114958C0022438461,6.7 inch,"90 Hz
800 nits (HBM)",1080 x 2340,Super AMOLED,5000 mAh,Nu,,6 GB,128 GB,MicroSDXC
"Telefon mobil ZTE Blade A35, Dual SIM, 2GB RAM, 64GB, 4G, Starry Black","500,00 Lei",500.00 Lei,4(6),https://www.emag.ro/telefon-mobil-zte-blade-a35-dual-sim-2gb-ram-64gb-4g-starry-black-123442501173/pd/DNMTB1YBM/,https://s13emagst.akamaized.net/products/78507/78506052/images/res_b871d92b9f809cc7f429189d72d37566.jpg?width=720&height=720&hash=524C75734C85D1AF78CFB896DF7A55E0,6.75 inch,"HD+
Rata de reimprospatare de 90 Hz",1600 x 750,IPS,5000 mAh,,,2 GB,64 GB,
"Telefon mobil Allview M30 LUNA, 2.8 inch, Dual Sim, 2G, 1.3 MP, microSD, bluetooth, radio, lanterna, buton SOS, USB-C, Gri inchis","111,32 Lei",111.32 Lei,5(1),https://www.emag.ro/telefon-mobil-allview-m30-luna-2-8-inch-dual-sim-2g-1-3-mp-microsd-bluetooth-radio-lanterna-buton-sos-usb-c-gri-inchis-m30luna/pd/DHZ2JV3BM/,https://s13emagst.akamaized.net/products/102993/102992024/images/res_859d00b98c81adf9da4d3ce3355add1b.jpg?width=720&height=720&hash=B2CF91C16AA9F98E72D71AC1A8E96B07,2.8 inch,,,TFT,1400 mAh,Da,,32 MB,32 MB,MicroSDHC
"Telefon mobil HMD Skyline, Dual SIM, 256GB, 12GB RAM, 5G, Blue Topaz","1.499,99 Lei",1499.99 Lei,4.5(2),https://www.emag.ro/telefon-mobil-hmd-skyline-dual-sim-256gb-12gb-ram-5g-blue-topaz-hq5020005ner0/pd/DTK4J6YBM/,https://s13emagst.akamaized.net/products/82689/82688539/images/res_7fb6788f0842c76d520e9991e677f16a.jpg?width=720&height=720&hash=BD2ABAEBF3629C0F691E90BCEF4F6BCB,6.55 inch,144 Hz,1080 x 2400,POLED,4600 mAh,,,12 GB,256 GB,
"Telefon mobil Oppo Reno14 F, Qualcomm SM6450 Snapdragon 6 Gen 1, 5G, Dual SIM, 256GB/8GB, Verde Luminous","1.545,00 Lei",1545.00 Lei,,https://www.emag.ro/telefon-mobil-oppo-reno14-f-qualcomm-sm6450-snapdragon-6-gen-1-5g-dual-sim-256gb-8gb-verde-luminous-63380303/pd/DSG0N13BM/,https://s13emagst.akamaized.net/products/107408/107407081/images/res_266f092046fabd82e5617ba13a73c39b.jpg?width=720&height=720&hash=1A26E388557405E44990563F5DF151B2,6.57 inch,,,,,,,8 GB,256 GB,
"Telefon mobil ZTE Blade A35e, Dual SIM, 2GB, 64GB, 4G, Gri","318,99 Lei",318.99 Lei,5(1),https://www.emag.ro/telefon-mobil-zte-blade-a35e-dual-sim-2gb-64gb-4g-gri-123446701133/pd/DPBN1P3BM/,https://s13emagst.akamaized.net/products/97664/97663559/images/res_046a282522bd4ec4828be0e547c90eb3.jpg?width=720&height=720&hash=A5B985507DCEC65B74BBBC1BFDF9908A,6.52 inch,16 milioane de culori,576 x 1280,IPS,5000 mAh,Nu,,2 GB,64 GB,
"Telefon mobil Honor X8b, Dual SIM, 512GB, 8GB RAM, 4G, Midnight Black","1.320,84 Lei",1320.84 Lei,5(1),https://www.emag.ro/telefon-mobil-honor-x8b-dual-sim-512gb-8gb-ram-4g-midnight-black-lly-lx2black/pd/DSCDRQYBM/,https://s13emagst.akamaized.net/products/80174/80173984/images/res_c6e6860a07b7713750fdae172482e846.jpg?width=720&height=720&hash=CF2C64BFCD8F22CCF54D59B7857A05C2,6.7 inch,90 Hz,1080 x 2412,Super AMOLED,4500 mAh,Da,,8 GB,512 GB,NM
"Telefon mobil Xiaomi 15 Ultra, Qualcomm SM8750-AB Snapdragon 8 Elite, 5G, 512GB/16GB, Negru","6.700,00 Lei",6700.00 Lei,,https://www.emag.ro/telefon-mobil-xiaomi-15-ultra-qualcomm-sm8750-ab-snapdragon-8-elite-5g-512gb-16gb-negru-59037165/pd/D5MHN13BM/,https://s13emagst.akamaized.net/products/107408/107407183/images/res_b5c9942320997f386d91bb80175f0cde.jpg?width=720&height=720&hash=35AE80E731CBB9E2A4620DFF252D2689,6.73 inch,,,,,Nu,,16 GB,512 GB,
"Telefon Mobil Motorola Moto G04, Procesor Unisoc T606 Octa-Core, IPS LCD touchscreen 6.56"", 4GB RAM, 128GB Flash, Camera 16 MP, Wi-Fi, 4G, Dual Sim, Android Negru","450,00 Lei",450.00 Lei,5(1),https://www.emag.ro/telefon-mobil-motorola-moto-g04-procesor-unisoc-t606-octa-core-ips-lcd-touchscreen-6-56-4gb-ram-128gb-flash-camera-16-mp-wi-fi-4g-dual-sim-android-negru-m0802280/pd/DWCTMQYBM/,https://s13emagst.akamaized.net/products/79460/79459974/images/res_3ef29940a695a48ea97acbb55c0b75cd.png?width=720&height=720&hash=6A3CDC02E26E8093F662DF5741BBBB98,6.56 inch,90Hz,720 x 1612,"LCD
IPS",5000 mAh,Da,,4 GB,128 GB,
"Telefon mobil Oppo Reno 6 Pro, Dual SIM, 256GB, 12GB RAM, 5G, Arctic Blue","1.799,00 Lei",1799.00 Lei,4.6(114),https://www.emag.ro/telefon-mobil-oppo-reno-6-pro-dual-sim-256gb-12gb-ram-5g-arctic-blue-oppre6p5g256bleu/pd/D7YSPPMBM/,https://s13emagst.akamaized.net/products/40086/40085299/images/res_f1b8a297e7bfbb7d7b9c9b52230f3b24.jpg?width=720&height=720&hash=3147F299C45FE6341915C0D60D8AEEF7,6.55 inch,"Corning Gorilla Glass 5
HDR10+
90 Hz",1080 x 2400,AMOLED,4500 mAh,,Li-Po,12 GB,256 GB,
"Telefon Mobil HONOR Magic 4 PRO, Dual Sim, 8GB RAM, 256GB, Cyan","5.592,43 Lei",5592.43 Lei,4(29),https://www.emag.ro/telefon-mobil-honor-magic-4-pro-dual-sim-8gb-ram-256gb-cyan-5109afdd/pd/DYS71VMBM/,https://s13emagst.akamaized.net/products/45944/45943056/images/res_fffe3f60a452f5571f3427aba8ca1b37.jpg?width=720&height=720&hash=91EBD1942D361D86E3710C57EAC81345,6.81 inch,"HDR10+
120Hz
1000 niti",1312 x 2848,OLED,4600 mAh,,Li-Po,8 GB,256 GB,
"Telefon Mobil Motorola Edge 60, Procesor Mediatek Dimensity 7300, P-OLED 6.67"", 12GB RAM, 256GB Flash, Camera Tripla 50 + 10 + 50 MP, Wi-Fi, 5G, Dual Sim, Android (Albastru)","1.487,99 Lei",1487.99 Lei,,https://www.emag.ro/telefon-mobil-motorola-edge-60-procesor-mediatek-dimensity-7300-p-oled-6-67-12gb-ram-256gb-flash-camera-tripla-50-10-50-mp-wi-fi-5g-dual-sim-android-albastru-kxg0108805/pd/DZTX9N3BM/,https://s13emagst.akamaized.net/products/94629/94628948/images/res_bdb827cfc32bd4e6aa8d70cf560f44a7.png?width=720&height=720&hash=4127D8B8297451AD1D2427379189DFE7,6.67 inch,,,,,,,12 GB,256 GB,
"Telefon mobil Google Pixel 7a, Dual SIM, 128GB, 8GB RAM, 5G, Gri","2.012,77 Lei",2012.77 Lei,4.23(44),https://www.emag.ro/telefon-mobil-google-pixel-7a-dual-sim-128gb-8gb-ram-5g-gri-ga03694/pd/DY62NWMBM/,https://s13emagst.akamaized.net/products/56608/56607583/images/res_a8c540b9ef7feeb7d6f2b5107cbf6cdd.png?width=720&height=720&hash=7F12BB36ABC3DF028D6BF59FAC99EB1D,6.1 inch,"HDR
90 Hz",1080 x 2400,OLED,4380 mAh,,Li-Po,8 GB,128 GB,
"Telefon mobil Samsung Galaxy A36, Dual SIM, 8GB RAM, 256GB, 5G, Awesome White","1.611,90 Lei",1611.90 Lei,4.65(99),https://www.emag.ro/telefon-mobil-samsung-galaxy-a36-dual-sim-8gb-ram-256gb-5g-awesome-white-sm-a366bzageue/pd/DXZ5X33BM/,https://s13emagst.akamaized.net/products/89071/89070979/images/res_e0f3409ce743fe8cb0e92ccb861e13c1.jpg?width=720&height=720&hash=D5B3555B2483FF3C4AE4CE4906B436C9,6.7 inch,120 Hz,1080 x 2340,Super AMOLED,5000 mAh,,,8 GB,256 GB,
"Telefon mobil Xiaomi 12T, 5G, 256GB, 8GB RAM, Dual-SIM, Negru","1.499,00 Lei",1499.00 Lei,4.61(28),https://www.emag.ro/telefon-mobil-xiaomi-12t-5g-256gb-8gb-ram-dual-sim-negru-xm-12tbk-5g-8-256/pd/DQ144RMBM/,https://s13emagst.akamaized.net/products/52303/52302201/images/res_d5a7f0745e7318f4ed135ce716b83bc2.jpg?width=720&height=720&hash=01CDD32480C63575D847FF8AFCEE4DC8,6.67 inch,,1220 x 2712,AMOLED,5000 mAh,,Li-Po,8 GB,256 GB,
"Telefon mobil OPPO A40, 6GB RAM, 128GB, Starlight White","630,00 Lei",630.00 Lei,5(2),https://www.emag.ro/telefon-mobil-oppo-a40-6gb-ram-128gb-starlight-white-kxg0292037/pd/DVGTMQYBM/,https://s13emagst.akamaized.net/products/79461/79460241/images/res_8c4f333ec92a4a4ef16db19b201d019d.jpg?width=720&height=720&hash=25AA440C1CC5191993E1B8ABAA0A0017,6.67 inch,,720 x 1604,"LCD
IPS",5100 mAh,Da,,6 GB,128 GB,MicroSDXC
"Telefon mobil Huawei Nova 10, Dual SIM, 8GB RAM, 128GB, 4G, Starry Silver","de la 2.542,01 Lei",de la 2542.01 Lei,4.07(42),https://www.emag.ro/telefon-mobil-huawei-nova-10-dual-sim-8gb-ram-128gb-4g-starry-silver-51097eul/pd/DWXL1LMBM/,https://s13emagst.akamaized.net/products/48729/48728899/images/res_f8d251d44406e6c415680ac2ef3b11f8.png?width=720&height=720&hash=35D98058CB6D28A4DF665B2173D666F9,6.67 inch,"FHD+
Rata de reimprospatare de 120 Hz
1.07 miliarde de culori",2400 x 1080,OLED,4000 mAh,,,8 GB,128 GB,
"Telefon mobil OnePlus 11, Dual SIM, 16GB RAM, 256GB, 5G, Eternal Green","3.315,40 Lei",3315.40 Lei,4.49(49),https://www.emag.ro/telefon-mobil-oneplus-11-dual-sim-16gb-ram-256gb-5g-eternal-green-oneplus-11-5g-16-256gb-eternal-green/pd/DP93T5MBM/,https://s13emagst.akamaized.net/products/52853/52852563/images/res_922fd4261b1f84f784821648e9c49483.jpg?width=720&height=720&hash=46BE5189E308250EF08BBA05A6B6F92B,6.7 inch,"500 nits
QHD
Pixeli: 525PPI
Rata de refresh 120 Hz",3216 x 1440,AMOLED,5000 mAh,,Li-Po,16 GB,256 GB,
"Telefon mobil Samsung Galaxy A17, Dual SIM, 6GB RAM, 128GB, 5G, Blue","1.599,00 Lei",1599.00 Lei,4.86(14),https://www.emag.ro/telefon-mobil-samsung-galaxy-a17-dual-sim-6gb-ram-128gb-5g-blue-sm-gxa17bl5g6gb/pd/D43BP53BM/,https://s13emagst.akamaized.net/products/110257/110256595/images/res_65c560064845224ebc61e25b4ad69425.png?width=720&height=720&hash=3FC7BCA60930A48A4A5F9D81BC678AB4,6.7 inch,"90 Hz
800 nits (HBM)",1080 x 2340,Super AMOLED,5000 mAh,Nu,,6 GB,128 GB,MicroSDXC
"Telefon mobil Nokia 2660 DS, Dual SIM, 4G LTE, 2,8"", negru, 18,9x55x108mm","407,68 Lei",407.68 Lei,,https://www.emag.ro/telefon-mobil-nokia-2660-ds-dual-sim-4g-lte-2-8-negru-18-9x55x108mm-mg-no-bs79/pd/D40G9LYBM/,https://s13emagst.akamaized.net/products/77098/77097515/images/res_6c7dff8ec0f857564983c5a66909b0bb.jpg?width=720&height=720&hash=DE489B5D25DA0FB0B122187AD585A6F5,2.8 inch,,,LCD,,Da,,8 MB,128 MB,
"Telefon mobil HONOR Magic V5 5G, 512GB, 16GB RAM, Dual SIM, Ivory White","8.650,00 Lei",8650.00 Lei,,https://www.emag.ro/telefon-mobil-honor-magic-v5-5g-512gb-16gb-ram-dual-sim-ivory-white-5109buhp/pd/DMG7JZ3BM/,https://s13emagst.akamaized.net/products/106688/106687276/images/res_eb0e514a0e80a5cce51220a826e82bc5.jpg?width=720&height=720&hash=38330037EC4C81CF73A8C39A12439E96,,,,,,,,16 GB,512 GB,
"Telefon mobil Poco C85, 8GB RAM, 256GB, Black","759,00 Lei",759.00 Lei,,https://www.emag.ro/telefon-mobil-poco-c85-8gb-ram-256gb-black-pc-c85blk256/pd/DK4CLC3BM/,https://s13emagst.akamaized.net/products/105004/105003282/images/res_3d47e173ae52e8a967ac26a1d9e20bb6.jpg?width=720&height=720&hash=FEFBAECE3948365E52F0D5F9892073AE,6.9 inch,"120 Hz
660 nits (typ)
810 nits (HBM)",720 x 1600,"LCD
IPS",6000 mAh,Nu,,8 GB,256 GB,MicroSDXC
"Telefon mobil Oppo Reno13, Mediatek Dimensity 8350, Dual Sim, 5G, 256GB/12GB, Albastru Luminous","1.790,00 Lei",1790.00 Lei,4(1),https://www.emag.ro/telefon-mobil-oppo-reno13-mediatek-dimensity-8350-dual-sim-5g-256gb-12gb-albastru-luminous-59240321/pd/D3G0N13BM/,https://s13emagst.akamaized.net/products/107408/107407067/images/res_56fead3b5507c3fe0b9d91a93cceb104.jpg?width=720&height=720&hash=22425215D4C0DF7CF67E61CEFD17E574,6.59 inch,,,,5600 mAh,Nu,,12 GB,256 GB,
"Telefon mobil realme 14pro, Dual SIM, 8GB RAM, 256GB, 5G","1.149,50 Lei",1149.50 Lei,,https://www.emag.ro/telefon-mobil-realme-14pro-dual-sim-8gb-ram-256gb-5g-14pro-8-256-black/pd/DNMRNR3BM/,https://s13emagst.akamaized.net/products/109268/109267662/images/res_35e3b768792fb62ab0eba1ffb0d511d4.jpg?width=720&height=720&hash=2B02A12345F8476007E2343F60F73063,6.7 inch,120 Hz,1080 x 2400,AMOLED,6000 mAh,Da,Li-Po,12 GB,512 GB,MicroSD
"Telefon mobil Xiaomi Redmi Note 11 Pro 5G, Dual Sim, 64GB, 6GB RAM, Blue","934,99 Lei",934.99 Lei,3.61(72),https://www.emag.ro/telefon-mobil-xiaomi-redmi-note-11-pro-5g-dual-sim-64gb-6gb-ram-blue-mzb0auzeu/pd/DBC0SSMBM/,https://s13emagst.akamaized.net/products/44846/44845685/images/res_da455b518940795a18ac27d3759751fc.png?width=720&height=720&hash=B30CFA4D99CA01E1F641F8E1EC535D0F,6.67 inch,120 Hz,1080 x 2400,Super AMOLED,5000 mAh,Da,Li-Po,6 GB,64 GB,MicroSDXC
"Telefon mobil Xiaomi Redmi Note 13 Pro+, 8GB RAM, 256GB, 5G, White","1.662,10 Lei",1662.10 Lei,4.44(378),https://www.emag.ro/telefon-mobil-xiaomi-redmi-note-13-pro-8gb-ram-256gb-5g-white-mzb0fedeu/pd/DTTLJKYBM/,https://s13emagst.akamaized.net/products/65144/65143544/images/res_fc288ceba3e86296d3ad9a58148297e0.jpg?width=720&height=720&hash=D311AF004D13BC5FA03D299A07A26B00,6.67 inch,"Dolby Vision
HDR10+
Corning Gorilla Glass Victus
Rata de refresh 120 Hz
1800 nit2",1220 x 2712,AMOLED,5000 mAh,,Li-Po,8 GB,256 GB,
"Telefon mobil Poco C85, 6GB RAM, 128GB, Black","546,06 Lei",546.06 Lei,,https://www.emag.ro/telefon-mobil-poco-c85-6gb-ram-128gb-black-62897340/pd/DCVCLC3BM/,https://s13emagst.akamaized.net/products/105004/105003282/images/res_3d47e173ae52e8a967ac26a1d9e20bb6.jpg?width=720&height=720&hash=FEFBAECE3948365E52F0D5F9892073AE,6.9 inch,"120 Hz
660 nits (typ)
810 nits (HBM)",720 x 1600,"LCD
IPS",6000 mAh,Nu,,6 GB,128 GB,MicroSDXC
"Telefon mobil Xiaomi Redmi Note 15, 6GB RAM, 128GB, 5G, Black","1.510,99 Lei",1510.99 Lei,,https://www.emag.ro/telefon-mobil-xiaomi-redmi-note-15-6gb-ram-128gb-5g-black-xm-rn15blk5g128/pd/D8C1V83BM/,https://s13emagst.akamaized.net/products/112306/112305014/images/res_d45b8b83a3a5ec6e2690363d20d7ca9f.jpg?width=720&height=720&hash=8794D1A3B44709A699ABD8C269495A36,6.77 inch,"HDR10+
120 Hz
68B colors
3200 nits (peak)",1080 x 2392,AMOLED,5520 mAh,Nu,,6 GB,128 GB,MicroSDXC
SOYES XS19 telefon mobil 2GB RAM 16GB ROM 3.88 Inch 2000mAh 3G Negru,"302,50 Lei",302.50 Lei,3(1),https://www.emag.ro/soyes-xs19-telefon-mobil-2gb-ram-16gb-rom-3-88-inch-2000mah-3g-negru-xs19-black/pd/D8X5YN3BM/,https://s13emagst.akamaized.net/products/94285/94284141/images/res_e8dd547a94083cbb079bad31a756954e.jpg?width=720&height=720&hash=6ABB5E24B130D2ACF457222CC27289B0,3.88 inch,Multi-touch,854 x 480,IPS,2000 mAh,,Li-Po,2 GB,16 GB,MicroSD
"Telefon mobil Honor 400 Smart, 5G, Dual SIM, 128GB, 6GB RAM, Silver","825,00 Lei",825.00 Lei,,https://www.emag.ro/telefon-mobil-honor-400-smart-5g-dual-sim-128gb-6gb-ram-silver-400-smart-5g/pd/D887JZ3BM/,https://s13emagst.akamaized.net/products/106688/106687272/images/res_df403d5a0e6cf48bfb2ceb1a829c5d7e.jpg?width=720&height=720&hash=1A0C5F90FFFA48AF1F1707FC4B1343F8,6.77 inch,,,,,,,4 GB,128 GB,
"Telefon mobil Allview Soul X10, 6GB RAM, 128GB, 4G, BLACK","445,17 Lei",445.17 Lei,3.38(8),https://www.emag.ro/telefon-mobil-allview-6gb-ram-128gb-4g-black-soul-x10/pd/D5LH5YYBM/,https://s13emagst.akamaized.net/products/59892/59891158/images/res_de76a3c3822dc79662a4de55697dd8ce.jpg?width=720&height=720&hash=24EDAD3BB59B2C6F4DBA246F2ADE846C,6.52 inch,16 milioane de culori,720 x 1600,IPS,4100 mAh,Da,,6 GB,128 GB,MicroSD
"Telefon mobil Motorola g86 Power, Dual SIM, 256GB, 12GB RAM, 5G, PANTONE Chrysanthemum (pink)","1.422,26 Lei",1422.26 Lei,4(4),https://www.emag.ro/telefon-mobil-motorola-g86-power-dual-sim-256gb-12gb-ram-5g-pantone-chrysanthemum-pink-pb8x0035pl/pd/DD23WL3BM/,https://s13emagst.akamaized.net/products/106179/106178137/images/res_43d17dd8986363d8255ff3308a0645bd.jpg?width=720&height=720&hash=7A2BA65B39949B40CA3E41E33BE40BF8,6.67 inch,"446 PPI
Rata de reimprospatare de 120 Hz",2712 x 1220,POLED,6720 mAh,Nu,,12 GB,256 GB,
"Telefon mobil Motorola Moto g56, 8GB RAM, 256GB, 5G, Gray Mist","899,99 Lei",899.99 Lei,,https://www.emag.ro/telefon-mobil-motorola-moto-g56-8gb-ram-256gb-5g-gray-mist-mt-motg56grms256/pd/DKJVFX3BM/,https://s13emagst.akamaized.net/products/98358/98357893/images/res_b74ef43f0cbfc8d8e13a06d7b0da1dd7.jpg?width=720&height=720&hash=49B4756C5086F65AA9462A97CDFAF851,6.72 inch,120 Hz,1080 x 2400,"LCD
IPS",5200 mAh,Nu,,8 GB,256 GB,MicroSDXC
"Telefon mobil realme GT 7 Pro, 12GB RAM, 256GB, 5G, Mars Orange","4.575,62 Lei",4575.62 Lei,4.81(16),https://www.emag.ro/telefon-mobil-realme-gt-7-pro-12gb-ram-256gb-5g-mars-orange-631002002400/pd/DQ6DX5YBM/,https://s13emagst.akamaized.net/products/81664/81663758/images/res_652704265bbcc022f8ff92cc73194c80.jpg?width=720&height=720&hash=E2005439694DFDBA11D6F842F2F5C702,6.78 inch,"120 Hz
1.07 miliarde de culori",2780 x 1264,"AMOLED
LTPO",6500 mAh,,,12 GB,256 GB,
"Telefon mobil Xiaomi Redmi 14C, 4GB RAM, 128GB, Starry Blue","de la 742,26 Lei",de la 742.26 Lei,4.52(207),https://www.emag.ro/telefon-mobil-xiaomi-redmi-14c-4gb-ram-128gb-starry-blue-mzb0hy3eu/pd/D6JLS1YBM/,https://s13emagst.akamaized.net/products/79027/79026436/images/res_d5c18a0969f5dc68641af162babe3637.jpg?width=720&height=720&hash=DEDCE4E07CE9DCE8515BF54D5B1FB9F0,6.88 inch,"16 milioane de culori
120 Hz",1640 x 720,"LCD
IPS",5160 mAh,,,4 GB,128 GB,
"Telefon mobil Allview M30 LUNA, 2.8 inch, Dual Sim, 2G, 1.3 MP, microSD, bluetooth, radio, lanterna, buton SOS, USB-C, Albastru inchis","111,32 Lei",111.32 Lei,5(1),https://www.emag.ro/telefon-mobil-allview-m30-luna-2-8-inch-dual-sim-2g-1-3-mp-microsd-bluetooth-radio-lanterna-buton-sos-usb-c-albastru-inchis-m30lunadarkblue/pd/D012JV3BM/,https://s13emagst.akamaized.net/products/102993/102992054/images/res_25bb3cf6f9bc13b2986efce7a1d3d9ef.jpg?width=720&height=720&hash=BC386C4C246F50BF23E997C96CD54BF6,2.8 inch,,,,1400 mAh,Da,,32 MB,32 MB,MicroSDHC
"Smartphone Redmi 6 Pro 4 RAM 64 ROM, 4000mAh Baterie, Negru","385,99 Lei",385.99 Lei,,https://www.emag.ro/smartphone-redmi-6-pro-4-ram-64-rom-4000mah-baterie-negru-redmi6pro-4-64gb-black/pd/DR0CYJ3BM/,https://s13emagst.akamaized.net/products/100743/100742926/images/res_00ab9ac8cce5c40e9d41f74cebafcb26.png?width=720&height=720&hash=7D374D1DCFC8466A5F32DD1ED30298F0,,,,,,,,4 GB,64 GB,
"Telefon mobil Motorola Razr 50 ultra, Dual SIM, 12GB RAM, 512GB, 5G, Hot Pink","3.750,01 Lei",3750.01 Lei,4.33(30),https://www.emag.ro/telefon-mobil-motorola-razr-50-ultra-dual-sim-12gb-ram-512gb-5g-hot-pink-pb1t0101pl/pd/DG9QHCYBM/,https://s13emagst.akamaized.net/products/76080/76079950/images/res_623845fcc24ea94d4f43a9cbcff530b6.jpg?width=720&height=720&hash=0F4A09B0E437C3F8811EA0FCBAF4A674,6.9 inch,,1080 x 2640,AMOLED,4000 mAh,,,12 GB,512 GB,
"Telefon mobil Poco M7, 8GB RAM, 256GB, Blue","799,00 Lei",799.00 Lei,,https://www.emag.ro/telefon-mobil-poco-m7-8gb-ram-256gb-blue-s9920557/pd/DL105J3BM/,https://s13emagst.akamaized.net/products/101449/101448681/images/res_7d88ea8194fc95ab67ba5c077123fba3.jpg?width=720&height=720&hash=1E0F223FE038890E3A6A7EF506E0AFE8,6.9 inch,"144 Hz
700 nits (typ)
850 nits (HBM)",1080 x 2340,"LCD
IPS",7000 mAh,Nu,Li-Ion,8 GB,256 GB,MicroSDXC
"Telefon mobil Allview, Dual SIM, L802, Red","65,00 Lei",65.00 Lei,4.6(5),https://www.emag.ro/telefon-mobil-allview-dual-sim-l802-red-l802red/pd/D05PDSYBM/,https://s13emagst.akamaized.net/products/73150/73149253/images/res_a47e208a43ec680d2b3a3beed2d37553.jpg?width=720&height=720&hash=67C75C0224D0AB504BFE321E994D9AF4,1.77 inch,128x160,,TFT,800 mAh,Da,Li-Ion,4 MB,4 MB,MicroSD
"Telefon mobil Samsung Galaxy A06, 64GB, 4GB RAM, 5G, Light Green","469,99 Lei",469.99 Lei,2.67(3),https://www.emag.ro/telefon-mobil-samsung-galaxy-a06-64gb-4gb-ram-5g-light-green-sm-a066-ds-64-4gb-green/pd/D6WTJV3BM/,https://s13emagst.akamaized.net/products/100981/100980830/images/res_7f8d01896c3908519d61e7f6c5d4c2dc.jpg?width=720&height=720&hash=1C15EBB18A1625868532D391B2066E08,6.7 inch,262 ppi,720 x 1600,"LCD
PLS",5000 mAh,Nu,,4 GB,64 GB,MicroSDXC
"Telefon mobil Samsung Galaxy XCover7 Pro, Enterprise Edition, 6GB RAM, 128GB, 5G, Black","2.282,50 Lei",2282.50 Lei,,https://www.emag.ro/telefon-mobil-samsung-galaxy-xcover7-pro-enterprise-edition-6gb-ram-128gb-5g-black-sm-g766bzkdeee/pd/DL01Z43BM/,https://s13emagst.akamaized.net/products/104113/104112188/images/res_8576ab1e996d746a7c620ee91170dc16.jpg?width=720&height=720&hash=F9A00256DE03628A226B76C1A1A3A76C,6.6 inch,16 milioane de culori,1080 x 2408,"LCD
PLS",4350 mAh,Nu,,6 GB,128 GB,MicroSD
"Telefon mobil OPPO A5x, Mediatek Dimensity 6300, Dual Sim, 4GB RAM, 128GB, 4G, Black Blue","531,99 Lei",531.99 Lei,,https://www.emag.ro/telefon-mobil-oppo-a5x-mediatek-dimensity-6300-dual-sim-4gb-ram-128gb-4g-black-blue-8056735030753/pd/DMR0N13BM/,https://s13emagst.akamaized.net/products/107407/107406941/images/res_695ba76ef4c800800de07af68e812f96.jpg?width=720&height=720&hash=682C50399585D85EB75E217A42B7A732,6.67 inch,120 Hz,720 x 1604,IPS,6000 mAh,Nu,,4 GB,128 GB,MicroSDXC
"Telefon mobil Google Pixel 8a, 256GB, 8GB RAM, 5G, Obsidian","2.541,00 Lei",2541.00 Lei,4.23(43),https://www.emag.ro/telefon-mobil-google-pixel-8a-256gb-8gb-ram-5g-obsidian-ga05571-gb/pd/DCLKQVYBM/,https://s13emagst.akamaized.net/products/74606/74605020/images/res_a07e024d7c10f193fe7eac4540d0c772.jpg?width=720&height=720&hash=2E7C7406E83C6EA9B7A7800BD3DFF1C8,6.1 inch,"HDR
120 Hz
2000 nits (peak)",2400 x 1080,OLED,4492 mAh,Nu,Li-Ion,8 GB,256 GB,
"Telefon mobil Motorola g06 Power, Dual SIM, 256GB, 4GB RAM, Laurel Oak","499,99 Lei",499.99 Lei,4.33(3),https://www.emag.ro/telefon-mobil-motorola-g06-power-dual-sim-256gb-4gb-ram-laurel-oak-pba00003ro/pd/D323WL3BM/,https://s13emagst.akamaized.net/products/106179/106178134/images/res_927084e2ca93fbbd8990667b398c5cc0.jpg?width=720&height=720&hash=427E76B06C2984902DFFE39B63A3C3F9,6.88 inch,"Rata de refresh 120 Hz
263 ppi",1640 x 720,LCD,7000 mAh,Nu,,4 GB,256 GB,
"Telefon mobil Oppo Reno 6, Dual SIM, 128GB, 8GB RAM, 5G, Stellar Black","1.337,91 Lei",1337.91 Lei,4.56(134),https://www.emag.ro/telefon-mobil-oppo-reno-6-dual-sim-128gb-8gb-ram-5g-stellar-black-5998330/pd/DKYSPPMBM/,https://s13emagst.akamaized.net/products/40086/40085302/images/res_82eac2c85bced8da4b62b8ae380a0063.jpg?width=720&height=720&hash=FEBC7118B58F21C02F90CFE4EF212863,6.43 inch,"Corning Gorilla Glass 5
90 Hz
410PPI",1080 x 2400,AMOLED,4300 mAh,,Li-Po,8 GB,128 GB,
"Telefon mobil Nokia 2660 DS, Dual SIM, 4G LTE, 2,8"", albastru, 18,9x55x108mm, set cu incarcator si manual","504,88 Lei",504.88 Lei,,https://www.emag.ro/telefon-mobil-nokia-2660-ds-dual-sim-4g-lte-2-8-albastru-18-9x55x108mm-set-cu-incarcator-si-manual-mg-no-bs80/pd/DC0G9LYBM/,https://s13emagst.akamaized.net/products/77098/77097516/images/res_3ef1b12b8e7883f4c66c57380ce84edb.jpg?width=720&height=720&hash=4AA67D7EBA8539B880FCA5A4FED811EF,,,,,,,,8 MB,128 MB,
"Telefon mobil Samsung Galaxy S24, procesor Snapdragon, Dual SIM, 8GB RAM, 256GB, 5G, Negru","3.399,00 Lei",3399.00 Lei,4(1),https://www.emag.ro/telefon-mobil-samsung-galaxy-s24-procesor-snapdragon-dual-sim-8gb-ram-256gb-5g-negru-sm-s921uzkaxaa/pd/DKF0HFYBM/,https://s13emagst.akamaized.net/products/71449/71448901/images/res_4c9b4edd55a8d68628789ca41ab39e9a.jpg?width=720&height=720&hash=7715158624C1C584CC77B0D883982C51,6.2 inch,,2340 x 1080,Dynamic AMOLED,,,,8 GB,256 GB,
"Telefon mobil ZTE Blade A75, Dual SIM, 4GB, 128GB, 4G, Verde","584,96 Lei",584.96 Lei,4.67(21),https://www.emag.ro/telefon-mobil-zte-blade-a75-dual-sim-4gb-128gb-4g-verde-123439601012/pd/D9BN1P3BM/,https://s13emagst.akamaized.net/products/97664/97663561/images/res_103e45504188c910af41deac1e256ebf.jpg?width=720&height=720&hash=9D3562C18F04CEA4303D52D2830A51C3,6.6 inch,"HD+
Rata de reimprospatare de 90 Hz",1612 x 720,IPS,5000 mAh,,,4 GB,128 GB,
"Telefon mobil Realme Note 70T, 4GB RAM, 128GB, Gold","440,30 Lei",440.30 Lei,,https://www.emag.ro/telefon-mobil-realme-note-70t-4gb-ram-128gb-gold-rm-nt70tgld128/pd/DWJF0J3BM/,https://s13emagst.akamaized.net/products/100977/100976640/images/res_476660c2d6c0d2945472b4a49f2b6ee9.jpg?width=720&height=720&hash=68A762A65C377277D9E059218EA82AF1,6.74 inch,90 Hz,720 x 1600,"LCD
IPS",6000 mAh,Nu,,4 GB,128 GB,MicroSDXC
"Smartphone Xiaomi Redmi Note 8 Pro, 8 RAM 128 ROM, MediaTek Helio G90T, Battery 4500 mAh, Alb","677,60 Lei",677.60 Lei,,https://www.emag.ro/smartphone-xiaomi-redmi-note-8-pro-8-ram-128-rom-mediatek-helio-g90t-battery-4500-mah-alb-note-8-pro-8-128-white/pd/D3CWSS3BM/,https://s13emagst.akamaized.net/products/102075/102074388/images/res_9fec25d2b3aba09403f0fa2285a37320.jpg?width=720&height=720&hash=C15F5DDF42C4D05DB6F70CB7F8D17BBF,6.53 inch,HDR10,1080 x 2400,LCD,4500 mAh,Da,Li-Ion,8 GB,128 GB,
"Smartphone Xiaomi Redmi Note 7 Pro, 6 RAM 128 ROM, Snapdragon 675, Battery 4000 mAh, Albastru","543,81 Lei",543.81 Lei,,https://www.emag.ro/smartphone-xiaomi-redmi-note-7-pro-6-ram-128-rom-snapdragon-675-battery-4000-mah-albastru-note-7-pro-6-128-blue/pd/DW5J643BM/,https://s13emagst.akamaized.net/products/104119/104118841/images/res_db5173e40d32e50e8364360ad65f27b1.jpg?width=720&height=720&hash=2FB6FE0C95930410FDE9188A505F24F8,6.3 inch,,2340 x 1080,LCD,4000 mAh,Da,,6 GB,128 GB,
"Telefon mobil Poco F6 Pro, 12GB RAM, 256GB, 5G, Black","1.958,99 Lei",1958.99 Lei,4.47(15),https://www.emag.ro/telefon-mobil-poco-f6-pro-12gb-ram-256gb-5g-black-pco-f6problk256gb/pd/DDD33JYBM/,https://s13emagst.akamaized.net/products/72128/72127081/images/res_093a5e444a63cee2bb5bd739f147d816.jpg?width=720&height=720&hash=01FA3A2B752D59C0F736672935828CC4,6.67 inch,"Dolby Vision
HDR10+
120 Hz
68B colors
1200 niti HBM
700 nits (typ)
4000 nits (peak)",1440 x 3200,AMOLED,5000 mAh,Da,,12 GB,256 GB,
"Telefon mobil Blackview WAVE 8, 4G, 6.56"" HD+, 4G Octa-Core, 13MP+8MP AI Camera 5000mAh/10W Cell Phone, 12GB Ram(4GB + 8GB / 2TB), 128GB Rom, Android 15, 5000mAh, 90hz, GPS/Fingerprint/Face ID, Negru","499,98 Lei",499.98 Lei,5(1),https://www.emag.ro/telefon-mobil-blackview-wave-8-4g-6-56-hd-4g-octa-core-13mp-8mp-ai-camera-5000mah-10w-cell-phone-12gb-ram-4gb-8gb-2tb-128gb-rom-android-15-5000mah-90hz-gps-fingerprint-face-id-negru-wave8-4-128-negru-/pd/DVN4T33BM/,https://s13emagst.akamaized.net/products/88886/88885109/images/res_f1315661e63d6f55c497711423c161f2.jpg?width=720&height=720&hash=E063CA3A648E7F4CF1A1C3CC088B31A7,6.56 inch,90 Hz,720 x 1612,IPS,5000 mAh,Da,Li-Ion,4 GB,128 GB,SD
"Telefon mobil Google Pixel 9 Pro XL, 128GB, 16GB RAM, 5G, Obsidian","4.100,00 Lei",4100.00 Lei,4.4(89),https://www.emag.ro/telefon-mobil-google-pixel-9-pro-xl-128gb-16gb-ram-5g-obsidian-ga05360-gb/pd/DHZKQVYBM/,https://s13emagst.akamaized.net/products/74606/74605045/images/res_25124c1f875fe3cdf3eedf8ba0dfc104.jpg?width=720&height=720&hash=B19B0D74E915947FB17A5F20B3334464,6.75 inch,"Refresh rate 120Hz
3000 nits (varf)
HDR 10+
486 PPI",1344 x 2992,P-OLED,5060 mAh,Nu,Li-Ion,16 GB,128 GB,
"Telefon mobil Xiaomi Redmi 15, 8GB RAM, 256GB, Midnight Black","889,00 Lei",889.00 Lei,,https://www.emag.ro/telefon-mobil-xiaomi-redmi-15-8gb-ram-256gb-midnight-black-xo-rm15mnbc258/pd/D13BP53BM/,https://s13emagst.akamaized.net/products/110257/110256604/images/res_6700ccc858a22c7036a6f4420198dfd0.jpg?width=720&height=720&hash=91170CCDA070565CC4FDB0F08CBE5655,6.9 inch,144 Hz,1080 x 2340,"LCD
IPS",7000 mAh,Nu,Li-Ion,8 GB,256 GB,MicroSDXC
"Telefon mobil motorola razr 40, Dual SIM, 8GB RAM, 256GB, 5G, Summer Liliac","2.799,00 Lei",2799.00 Lei,3.86(76),https://www.emag.ro/telefon-mobil-motorola-razr-40-dual-sim-8gb-ram-256gb-5g-summer-liliac-paya0036pl/pd/DRRQZBYBM/,https://s13emagst.akamaized.net/products/57938/57937568/images/res_a9da6a3348bd9c8c3f71687d806b8a6d.jpg?width=720&height=720&hash=183BF9319BFF6E1E38617522B34D9E44,6.9 inch,Rata de reimprospatare de 144 Hz,2640 x 1080,OLED,4200 mAh,,,8 GB,256 GB,
"Telefon mobil Sonim XP100 ultra-rugged, 64MB RAM, 128MB, 4G, Black","369,99 Lei",369.99 Lei,5(3),https://www.emag.ro/telefon-mobil-sonim-xp100-ultra-rugged-64mb-ram-128mb-4g-black-286984279/pd/DXDLVGYBM/,https://s13emagst.akamaized.net/products/84598/84597029/images/res_4f2e657b5dd67e0dfe9ff3a936ddb4c1.jpg?width=720&height=720&hash=F4BF6A3441C1293B01DB991BB4E4E8E0,2.4 inch,Corning Gorilla Glass,240 x 320,,1800 mAh,Nu,Li-Ion,64 MB,128 MB,MicroSD
"Smartphone Vivo V50, Octa Core, 12 GB RAM, 512 GB, negru, 6.77 inch","4.901,19 Lei",4901.19 Lei,,https://www.emag.ro/smartphone-vivo-v50-octa-core-12-gb-ram-512-gb-negru-6-77-inch-s9917938/pd/DL6KG03BM/,https://s13emagst.akamaized.net/products/95996/95995148/images/res_e9c18946a41cecfeaaee8f65076aa6f8.jpg?width=720&height=720&hash=04AD6F6D230B546C755978E9BBEB03A2,,,,,,,,12 GB,512 GB,
"Telefon mobil Realme GT 7T, 12GB RAM, 256GB, 5G, Blue","3.753,54 Lei",3753.54 Lei,4(3),https://www.emag.ro/telefon-mobil-realme-gt-7t-12gb-ram-256gb-5g-blue-rl-rmgt7tble256/pd/D1TSS03BM/,https://s13emagst.akamaized.net/products/95646/95645687/images/res_cc7d47b3ac4e1a8b2120178214faef61.jpg?width=720&height=720&hash=7FD6AE3B39DD27CCC1EED920F139B502,6.8 inch,"Dolby Vision
HDR10+
120 Hz
1B colors
1000 nits (typ)
6000 nits (peak)
1800 nits (HBM)",1280 x 2800,AMOLED,7000 mAh,Nu,Li-Ion,12 GB,256 GB,
"Telefon Mobil AIEK M3-1, Dual SIM, 1.3MP, 2.8"", 32MB RAM, Aurie, 1800mAh","181,50 Lei",181.50 Lei,4.5(2),https://www.emag.ro/telefon-mobil-aiek-m3-1-dual-sim-1-3mp-2-8-32mb-ram-aurie-1800mah-m3-1-gold/pd/DSQK04YBM/,https://s13emagst.akamaized.net/products/75112/75111560/images/res_27eccb6831b30839a5668c3c4093ba2c.jpg?width=720&height=720&hash=9EE090781148024DC71FDA9BEE480876,,,,,,,,32 MB,32 MB,
"Telefon mobil Poco F6, 12GB RAM, 512GB, 5G, Black","1.800,00 Lei",1800.00 Lei,4.72(25),https://www.emag.ro/telefon-mobil-poco-f6-12gb-ram-512gb-5g-black-56282/pd/DG733JYBM/,https://s13emagst.akamaized.net/products/72128/72127078/images/res_917211cadb6e0094eace0d983ac8172b.jpg?width=720&height=720&hash=13D8E159550921CDE165B50F09385F63,6.67 inch,"Dolby Vision
HDR10+
120 Hz
68B colors
1200 niti HBM
2400 nits (peak)
500 nits (typ)",2712 x 1220,AMOLED,5000 mAh,Da,Li-Ion,12 GB,512 GB,
"Telefon mobil Maxcom MM815 Comfort, Dual SIM, Black","174,99 Lei",174.99 Lei,5(1),https://www.emag.ro/telefon-mobil-maxcom-mm815-comfort-dual-sim-black-mm815-black/pd/D0K4J6YBM/,https://s13emagst.akamaized.net/products/82689/82688542/images/res_6da3570a0d6fb37c8b79ff8a022adc1a.jpg?width=720&height=720&hash=D08B36DD15F7687640946AA266B01410,2.4 inch,,240 x 320,,1000 mAh,,Li-Ion,32 MB,32 MB,
"Telefon mobil OPPO Find N2 Flip, Dual SIM, 256GB, 8GB RAM, 5G, Astral Black","3.152,10 Lei",3152.10 Lei,4(4),https://www.emag.ro/telefon-mobil-oppo-find-n2-flip-dual-sim-256gb-8gb-ram-5g-astral-black-find-n2-flip-5g-black/pd/DD58L5MBM/,https://s13emagst.akamaized.net/products/53295/53294028/images/res_a2cee1f598ca24c064081b9696c7dedf.jpg?width=720&height=720&hash=FE06D9A6DB1EAED587EF8CC6F635DE10,"6.8 inch
3.26 inch","403 ppi
120 Hz
Luminozitate: 1600 niti","2520 x 1080
720 x 382",AMOLED,4300 mAh,,,8 GB,256 GB,
"Telefon mobil Huawei nova 13 Pro, Dual SIM, 12GB RAM, 512GB, Black","de la 3.499,99 Lei",de la 3499.99 Lei,4.75(4),https://www.emag.ro/telefon-mobil-huawei-nova-13-pro-dual-sim-12gb-ram-512gb-black-51098dbu/pd/D36TY8YBM/,https://s13emagst.akamaized.net/products/83185/83184039/images/res_777d02fb1c2b64ddea91df5275edeaff.jpg?width=720&height=720&hash=8C9A731A57A172F9A37EA00BD62427B9,6.76 inch,"1.07 miliarde de culori
Rata de raspuns la atingere 300 Hz
Rata de refresh 120 Hz",2776 x 1224,OLED,5000 mAh,,,12 GB,512 GB,
"Telefon 4G My Phone 7340, Dual SIM, ecran IPS 2.8"", carcasă aluminiu, culoare neagră, 134x55x10mm","387,20 Lei",387.20 Lei,,https://www.emag.ro/telefon-4g-my-phone-7340-dual-sim-ecran-ips-2-8-carcasa-aluminiu-culoare-neagra-134x55x10mm-my734/pd/DPB0683BM/,https://s13emagst.akamaized.net/products/112561/112560020/images/res_fea09994b14499fbada5039ad637b982.jpg?width=720&height=720&hash=9C4B8B2E26E263B19DAD9E3DDB68802A,2.8 inch,,240 x 320,TFT,1400 mAh,,Li-Ion,128 MB,16 GB,MicroSD
"Telefon mobil Realme GT 7T, 12GB RAM, 512GB, 5G, Yellow","2.270,26 Lei",2270.26 Lei,4(3),https://www.emag.ro/telefon-mobil-realme-gt-7t-12gb-ram-512gb-5g-yellow-rl-rmgt7tylw512/pd/DRTSS03BM/,https://s13emagst.akamaized.net/products/95646/95645688/images/res_393f185064224f774cc6d3beec5d0907.jpg?width=720&height=720&hash=4F2D00331BF5AE344DA510A8162B7CDD,6.8 inch,"Dolby Vision
HDR10+
120 Hz
1B colors
1000 nits (typ)
6000 nits (peak)
1800 nits (HBM)",1280 x 2800,AMOLED,7000 mAh,Nu,Li-Ion,12 GB,512 GB,
"Telefon Mobil Google Pixel 7a, Procesor Google Tensor G2 Octa-Core, AMOLED Capacitive Touchscreen 6.1"", 8GB RAM, 128GB Flash, Camera Duala 63+13MP, Wi-Fi, 5G, Android Albastru","1.837,60 Lei",1837.60 Lei,4.23(44),https://www.emag.ro/telefon-mobil-google-pixel-7a-procesor-google-tensor-g2-octa-core-amoled-capacitive-touchscreen-6-1-8gb-ram-128gb-flash-camera-duala-63-13mp-wi-fi-5g-android-albastru-840244702144/pd/DD62NWMBM/,https://s13emagst.akamaized.net/products/56608/56607587/images/res_f42a08cbfc4f85493f42dc085a8439b7.png?width=720&height=720&hash=5231C0E35C8491F4D46A89CF3BC7C0B2,6.1 inch,"HDR
90 Hz",1080 x 2400,OLED,4380 mAh,Da,Li-Po,8 GB,128 GB,
"Telefon mobil HONOR X8c, Dual SIM, 8GB RAM, 256GB, Marrs Green","1.189,55 Lei",1189.55 Lei,,https://www.emag.ro/telefon-mobil-honor-x8c-dual-sim-8gb-ram-256gb-marrs-green-5109bqda/pd/D1B5HB3BM/,https://s13emagst.akamaized.net/products/86241/86240163/images/res_d40bff13f7dc1368c5629c255da3d2b5.jpg?width=720&height=720&hash=20361AA27FD51DFE61FA7F709C16F4C1,6.7 inch,"16.7 milioane culori
394 PPI
2800 nits (peak)",2412 x 1080,AMOLED,5000 mAh,Nu,,8 GB,256 GB,
"Telefon Mobil Google Pixel 8, Procesor Google Tensor G3 Nona-core, OLED Capacitive Touchscreen 6.2"", 8GB RAM, 256GB Flash, Camera Duala 50+12MP, Wi-Fi, 5G, Dual SIM, Android, Negru","4.016,46 Lei",4016.46 Lei,3.86(21),https://www.emag.ro/telefon-mobil-google-pixel-8-procesor-google-tensor-g3-nona-core-oled-capacitive-touchscreen-6-2-8gb-ram-256gb-flash-camera-duala-50-12mp-wi-fi-5g-dual-sim-android-negru-9616/pd/DKX917YBM/,https://s13emagst.akamaized.net/products/62575/62574965/images/res_e03c0ee9850fc6e79f99d8869bd296eb.png?width=720&height=720&hash=7ED091328279960C762DE8A5D4C418D3,6.2 inch,"HDR10+
120 Hz
1400 nits (HBM)
2000 nits (peak)",1080 x 2400,OLED,4575 mAh,Da,Li-Ion,8 GB,256 GB,
"Telefon mobil Xiaomi Redmi Note 14 Pro+, 12GB RAM, 512GB ROM, 5G, Lavender Purple + Xiaomi High-capacity pen","2.335,92 Lei",2335.92 Lei,5(1),https://www.emag.ro/telefon-mobil-xiaomi-redmi-note-14-pro-12gb-ram-512gb-rom-5g-lavender-purple-xiaomi-high-capacity-pen-bndlpro-5gpur512/pd/D0SD1J3BM/,https://s13emagst.akamaized.net/products/101356/101355283/images/res_17348006596157333fd8b5865883458a.jpg?width=720&height=720&hash=01697E379AFA0B066E3572C50975A643,6.67 inch,"Rata de refresh 120 Hz
3000 nits (varf)
Reading mode
Contrast ratio: 5,000,000:1
Touch sampling rate: Up to 480Hz",2712 x 1220,AMOLED,5110 mAh,Nu,,12 GB,512 GB,
"Telefon mobil Xiaomi Redmi Note 14 Pro, 8GB RAM, 256GB, 5G, Lavender Purple + Xiaomi High-capacity gel pen","de la 2.236,96 Lei",de la 2236.96 Lei,5(1),https://www.emag.ro/telefon-mobil-xiaomi-redmi-note-14-pro-8gb-ram-256gb-5g-lavender-purple-xiaomi-high-capacity-gel-pen-bndlpro5gpurp/pd/DZD1CF3BM/,https://s13emagst.akamaized.net/products/100359/100358399/images/res_bf35d4579c29b7f0af7387d46a3d88d6.jpg?width=720&height=720&hash=21F7174E882A43D94153FEDDD7CA1595,6.67 inch,"Rata de refresh 120 Hz
3000 nits (varf)
Reading mode
Contrast ratio: 5,000,000:1
Touch sampling rate: Up to 480Hz",2712 x 1220,AMOLED,5110 mAh,,,8 GB,256 GB,
"Telefon mobil Google Pixel 8 Pro, 256GB, 12GB RAM, 5G, Porcelain","3.180,85 Lei",3180.85 Lei,4.78(36),https://www.emag.ro/telefon-mobil-google-pixel-8-pro-256gb-12gb-ram-5g-porcelain-ge-pe12pcl256pp/pd/D56QNDYBM/,https://s13emagst.akamaized.net/products/62559/62558026/images/res_d3755465001baeeb43010a3d9c4bc2a1.jpg?width=720&height=720&hash=1FF7C9AF1A339CA3241934114CEDCBEC,6.7 inch,"HDR10+
120 Hz
1600 nits (HBM)
2400 nits (peak)",1344 x 2992,"OLED
LTPO",5050 mAh,,Li-Ion,12 GB,256 GB,
"Telefon mobil Xiaomi Redmi Note 15 Pro, 8GB RAM, 256GB, 5G, Titanium","2.162,15 Lei",2162.15 Lei,,https://www.emag.ro/telefon-mobil-xiaomi-redmi-note-15-pro-8gb-ram-256gb-5g-titanium-m0807180/pd/DJXN683BM/,https://s13emagst.akamaized.net/products/112560/112559466/images/res_a314c06bce07bea3f6c831312827c88f.jpg?width=720&height=720&hash=9FD514D663DA2BBA5FF628D172B8684C,6.83 inch,"Dolby Vision
HDR10+
120 Hz
68B colors
3200 nits (peak)",1280 x 2772,AMOLED,6580 mAh,Nu,Li-Ion,8 GB,256 GB,
"Telefon mobil Allview Soul X20, Dual SIM, 8GB RAM, 128GB, 4G, Mint","548,13 Lei",548.13 Lei,4.71(14),https://www.emag.ro/telefon-mobil-allview-soul-x20-dual-sim-8gb-ram-128gb-4g-mint-soul-x20-mint/pd/D5LW9CYBM/,https://s13emagst.akamaized.net/products/76176/76175303/images/res_0aec7a16951348f444525cd2e01424cb.jpg?width=720&height=720&hash=3EA8BD54326BC1F1DC166D61F9C27921,6.78 inch,FHD+,1080 x 2460,LTPS,5000 mAh,"Da, incarcare rapida USB PD",Li-Po,8 GB,128 GB,
"Telefon mobil Google Pixel 9, 256GB, 12GB RAM, 5G, Porcelain","4.389,03 Lei",4389.03 Lei,4.64(56),https://www.emag.ro/telefon-mobil-google-pixel-9-256gb-12gb-ram-5g-porcelain-ga05843-gb/pd/D6LKQVYBM/,https://s13emagst.akamaized.net/products/74606/74605026/images/res_eb0bbe3b3f1f72b06dc3c653bcb868e6.jpg?width=720&height=720&hash=B9B799DDE6A7555CDE200FF2FF91AB09,6.3 inch,"Rata de refresh 120 Hz
422 PPI
HDR 10+
1800 nits (HBM)
2700 nits (peak)",1080 x 2424,P-OLED,4700 mAh,Nu,Li-Ion,12 GB,256 GB,
"Telefon mobil Oukitel WP56, Dual SIM, 5G, Octa-Core Dimensity 7050, 6.8-inch 120Hz IPS, 36GB RAM, 512GB, Lanterna SOS Puternica, NFC, 16000mAh, 45W, IP68/IP69K, Android 15, Red","1.499,99 Lei",1499.99 Lei,,https://www.emag.ro/telefon-mobil-oukitel-wp56-dual-sim-5g-octa-core-dimensity-7050-6-8-inch-120hz-ips-36gb-ram-512gb-lanterna-sos-puternica-nfc-16000mah-45w-ip68-ip69k-android-15-red-00003150/pd/DQFN683BM/,https://s13emagst.akamaized.net/products/112560/112559536/images/res_abeed8c6ed8206d0e347a811d4fc35b3.png?width=720&height=720&hash=983476B4EAF00F9810B854271B04E9EE,6.8 inch,"Corning Gorilla Glass 5
400 ppi
Touch screen",1080 x 2408,IPS,16000 mAh,Da,Li-Po,36 GB,512 GB,MicroSD
"Telefon mobil Realme 14X, 8GB RAM, 256GB, 5G, Dual SIM verde","761,09 Lei",761.09 Lei,,https://www.emag.ro/telefon-mobil-realme-14x-8gb-ram-256gb-5g-dual-sim-verde-14x-8-256-green/pd/DVP0RS3BM/,https://s13emagst.akamaized.net/products/102343/102342085/images/res_52f9db9eb379648968357ad0ffe11b37.jpg?width=720&height=720&hash=77261BB2E55CE5D3119C2DC88535519C,6.7 inch,120 Hz,1604 x 720,AMOLED,5000 mAh,Da,Li-Po,8 GB,256 GB,MicroSD
"Telefon mobil Samsung Galaxy A24, Dual Sim, 128GB, 6GB RAM, 4G, Light Green","1.199,11 Lei",1199.11 Lei,5(4),https://www.emag.ro/telefon-mobil-samsung-galaxy-a24-dual-sim-128gb-6gb-ram-4g-light-green-sm-a245fd-128-6-green/pd/DXWZZWMBM/,https://s13emagst.akamaized.net/products/57013/57012267/images/res_06f9cda339d002f32ee41abf218857b7.jpg?width=720&height=720&hash=D65911989C9BE9D6322339D751961768,6.5 inch,90Hz,1080 x 2340,Super AMOLED,5000 mAh,,Li-Po,6 GB,128 GB,MicroSDXC
"Telefon mobil Ulefone Armor 28 Ultra Thermal, 5G, 6.67"" AMOLED, 32GB RAM (16GB + 16GB extensibili), 1TB ROM, Camera Termica, Night Vision, Android 15, Mediatek Dimensity 9300+, WiFi 7, 10600mAh Dual SIM","5.199,99 Lei",5199.99 Lei,5(1),https://www.emag.ro/telefon-mobil-ulefone-armor-28-ultra-thermal-5g-6-67-amoled-32gb-ram-16gb-16gb-extensibili-1tb-rom-camera-termica-night-vision-android-15-mediatek-dimensity-9300-wifi-7-10600mah-dual-sim-armor-28-ultr/pd/D04LRT3BM/,https://s13emagst.akamaized.net/products/93118/93117655/images/res_e51a8fd9aa46e90b0227234823d9ba07.jpg?width=720&height=720&hash=3780644E14E8D6B63C61D753D01131F4,6.67 inch,,2460 x 1080,,10600 mAh,Da,Li-Po,16 GB,1 TB,MicroSD
"Telefon mobil Xiaomi Redmi Note 15, 6GB RAM, 128GB, 5G, Blue","1.510,99 Lei",1510.99 Lei,,https://www.emag.ro/telefon-mobil-xiaomi-redmi-note-15-6gb-ram-128gb-5g-blue-xm-rn15blu5g128/pd/DTL1V83BM/,https://s13emagst.akamaized.net/products/112306/112305026/images/res_d822e4696bd43fce6beb3b4983c9e41f.jpg?width=720&height=720&hash=BAC82A09E2203927662EEFC3B159B712,6.77 inch,"HDR10+
120 Hz
68B colors
3200 nits (peak)",1080 x 2392,AMOLED,5520 mAh,Nu,,6 GB,128 GB,MicroSDXC
"Telefon mobil HMD Skyline, Dual SIM, 256GB, 12GB RAM, 5G, Twisted Black","1.729,72 Lei",1729.72 Lei,4.67(3),https://www.emag.ro/telefon-mobil-hmd-skyline-dual-sim-256gb-12gb-ram-5g-twisted-black-hq50200045x90/pd/D3N7H4YBM/,https://s13emagst.akamaized.net/products/75138/75137989/images/res_363614f31e4a136b008a47ae2774f8b6.jpg?width=720&height=720&hash=26AD7635AACD2A2D240AD8951D846234,6.55 inch,Rata de reimprospatare de 144 Hz,,P-OLED,4600 mAh,,,12 GB,256 GB,
"Telefon mobil Apple iPhone 14 Plus, 256GB, 5G, Blue","4.000,01 Lei",4000.01 Lei,4.74(163),https://www.emag.ro/telefon-mobil-apple-iphone-14-plus-256gb-5g-blue-mq583rx-a/pd/DV7Y4LMBM/,https://s13emagst.akamaized.net/products/48592/48591211/images/res_88a6ff088bae7ea784b02860157b81d7.jpg?width=720&height=720&hash=F264703DBFE5B97712437B5A3592582B,6.7 inch,"HDR10
Dolby Vision
True tone
Haptic touch
Invelis oleophobic
1200 niti",1284 x 2778,"OLED
Super Retina XDR",,Nu,Li-Ion,6 GB,256 GB,
"Telefon mobil Google Pixel 9, 256GB, 12GB RAM, 5G, Wintergreen","6.282,19 Lei",6282.19 Lei,4.64(56),https://www.emag.ro/telefon-mobil-google-pixel-9-256gb-12gb-ram-5g-wintergreen-ga05844-gb/pd/D8LKQVYBM/,https://s13emagst.akamaized.net/products/74606/74605027/images/res_834997809fd31ce30e243182150399df.jpg?width=720&height=720&hash=6B090A7F82ED08BD190EEC2093A9402F,6.3 inch,"Rata de refresh 120 Hz
422 PPI
HDR 10+
1800 nits (HBM)
2700 nits (peak)",1080 x 2424,P-OLED,4700 mAh,Nu,Li-Ion,12 GB,256 GB,
"Telefon mobil Nokia C32, Dual SIM, 64GB, 3GB RAM, Pink","500,00 Lei",500.00 Lei,4.27(11),https://www.emag.ro/telefon-mobil-nokia-c32-dual-sim-64gb-3gb-ram-pink-sp01z01z3166y/pd/DXXGWMYBM/,https://s13emagst.akamaized.net/products/59104/59103838/images/res_621265e2e0ceee420a66e6bff13a02f4.jpg?width=720&height=720&hash=14775F2BA2D6E2F49FA443D1B249A4E9,6.5 inch,,720 x 1600,,5000 mAh,,Li-Po,3 GB,64 GB,
"Telefon mobil Samsung Galaxy A16, Dual SIM, 4GB RAM, 128GB, 5G, Light Green","965,00 Lei",965.00 Lei,4.56(106),https://www.emag.ro/telefon-mobil-samsung-galaxy-a16-dual-sim-4gb-ram-128gb-5g-light-green-sm-a166blgdeue/pd/DZJ1YZYBM/,https://s13emagst.akamaized.net/products/77658/77657967/images/res_d14f34191a44d6c074da755830f13b7e.jpg?width=720&height=720&hash=021FE17D8509C4159EAAFB2DEA3F4E50,6.7 inch,"FHD+
90 Hz",1080 x 2340,Super AMOLED,5000 mAh,,,4 GB,128 GB,MicroSD
"Telefon mobil Motorola moto g15, Dual SIM, 128GB, 4GB RAM, 5200 mAh, Sunrise Orange","494,08 Lei",494.08 Lei,4.4(25),https://www.emag.ro/telefon-mobil-motorola-moto-g15-dual-sim-128gb-4gb-ram-5200-mah-sunrise-orange-pb6e0011pl/pd/D68JV23BM/,https://s13emagst.akamaized.net/products/90135/90134046/images/res_08e48df9396c1932e327bf0b87561194.jpg?width=720&height=720&hash=0C514DC54B75D996A96483237BA0ACE6,6.72 inch,"391 PPI
FHD+
60 Hz",2400 x 1080,LCD,5200 mAh,Nu,,4 GB,128 GB,
"Telefon mobil Xiaomi 15T Pro, 12GB RAM, 512GB, 5G, Black","4.560,00 Lei",4560.00 Lei,5(1),https://www.emag.ro/telefon-mobil-xiaomi-15t-pro-12gb-ram-512gb-5g-black-xm-x15tproblk512/pd/D9L2RL3BM/,https://s13emagst.akamaized.net/products/106031/106030673/images/res_1b052a3c67601198fa00f8443378444e.jpg?width=720&height=720&hash=40A1B97E99ABB723ED2B2029F0F1684A,6.83 inch,"Dolby Vision
HDR10+
144 Hz
68B colors
3200 nits (peak)
3840Hz PWM",1280 x 2772,AMOLED,5500 mAh,Nu,Li-Ion,12 GB,512 GB,
"Telefon mobil Doogee Note 56, 4G, Dual SIM, Octa-Core, 6.56' 90Hz IPS, 24GB RAM (3GB Base+ 21GB virtuali), 50MP AI, 6150mAh, Android 16, White","449,99 Lei",449.99 Lei,,https://www.emag.ro/telefon-mobil-doogee-note-56-4g-dual-sim-octa-core-6-56-90hz-ips-24gb-ram-3gb-base-21gb-virtuali-50mp-ai-6150mah-android-16-white-00003180/pd/DXVHK83BM/,https://s13emagst.akamaized.net/products/111996/111995511/images/res_1be66840580faf8f17a87e90607feef2.png?width=720&height=720&hash=0ED0DFF77430A1DB6B2E64CB69A4475E,6.56 inch,"90 Hz
Touch screen",720 x 1612,IPS,6150 mAh,Da,Li-Po,24 GB,64 GB,MicroSD
"Telefon seniori Trevi FLX5500 pliabil dublu display, butoane mari camera foto, radio FM, difuzor, lanterna, agenda 250, 5 numere cu functie SOS, bluetooth, iesire casti, reportofon, ceas, alarma","232,76 Lei",232.76 Lei,4.4(5),https://www.emag.ro/telefon-seniori-trevi-pliabil-dublu-display-butoane-mari-camera-foto-radio-fm-difuzor-lanterna-agenda-250-5-numere-cu-functie-sos-bluetooth-iesire-casti-reportofon-ceas-alarma-flx5500/pd/DBTH5DYBM/,https://s13emagst.akamaized.net/products/63585/63584782/images/res_43e474245a320800af7254a3ee0efa15.jpg?width=720&height=720&hash=89A70C13BA27313587E0FFBADF87C0EF,1.77 inch,,,,,Da,,256 MB,256 MB,MicroSD
"Telefon mobil Nokia 215, Dual SIM, 4G, Cyan","192,18 Lei",192.18 Lei,3.38(21),https://www.emag.ro/telefon-mobil-nokia-215-dual-sim-4g-cyan-1072712340605/pd/DLHBJ0MBM/,https://s13emagst.akamaized.net/products/38342/38341379/images/res_2ac13bcfab75a04d791bbeddd2af3562.jpg?width=720&height=720&hash=EE10E249D789776B64022931E455A013,2.4 inch,167 PPI,240 x 320,,1150 mAh,Da,Li-Ion,64 MB,128 MB,MicroSD
"Telefon mobil Xiaomi Redmi Note 14 Pro+, 12GB RAM, 512GB ROM, 5G, Frost Blue + Xiaomi High-capacity pen","2.492,60 Lei",2492.60 Lei,5(1),https://www.emag.ro/telefon-mobil-xiaomi-redmi-note-14-pro-12gb-ram-512gb-rom-5g-frost-blue-xiaomi-high-capacity-pen-bndlpro-5gblue512/pd/D9SD1J3BM/,https://s13emagst.akamaized.net/products/101356/101355282/images/res_8f3a55c83a2d8ee12b2a14df849df70b.jpg?width=720&height=720&hash=6AB0F1DC9DC9BD0592E8856BBF0664CF,6.67 inch,"Rata de refresh 120 Hz
3000 nits (varf)
Reading mode
Contrast ratio: 5,000,000:1
Touch sampling rate: Up to 480Hz",2712 x 1220,AMOLED,5110 mAh,Nu,,12 GB,512 GB,
"Telefon mobil Xiaomi 13T Pro, 12GB RAM, 512GB, 5G, Alpine Blue","3.050,41 Lei",3050.41 Lei,4.45(83),https://www.emag.ro/telefon-mobil-xiaomi-13t-pro-12gb-ram-512gb-5g-alpine-blue-mzb0ejqeu/pd/D4B533YBM/,https://s13emagst.akamaized.net/products/60144/60143243/images/res_6660e75b4b9b243f109569aecdf1d230.jpg?width=720&height=720&hash=3B3DDDBABDE94C6BDA0B289591B8BDB3,6.67 inch,Rata de reimprospatare de 144 Hz,2712 x 1220,,5000 mAh,,,12 GB,512 GB,
"Telefon mobil Xiaomi 11 Lite New Edition, Dual SIM, 6GB RAM, 128GB, 5G, Truffle Black","1.399,00 Lei",1399.00 Lei,4.19(166),https://www.emag.ro/telefon-mobil-xiaomi-11-lite-new-edition-dual-sim-6gb-ram-128gb-5g-truffle-black-xiaomi-11-lite-5g-ne-128-6-black/pd/DY2Z3XMBM/,https://s13emagst.akamaized.net/products/40746/40745565/images/res_02add3db680c0cd4905726bd3a27e34f.jpg?width=720&height=720&hash=10EC2391E8E8B828A1125DF4CC6AE8AA,6.55 inch,"Corning Gorilla Glass 5
402 PPI
Rata de reimprospatare de 90 Hz",2400 x 1080,AMOLED,4250 mAh,,,6 GB,128 GB,MicroSD
"Telefon mobil Huawei Nova 10 Pro, Dual SIM, 8GB RAM, 256GB, 4G, Starry Silver","de la 3.050,41 Lei",de la 3050.41 Lei,4(34),https://www.emag.ro/telefon-mobil-huawei-nova-10-pro-dual-sim-8gb-ram-256gb-4g-starry-silver-51097etv/pd/DD07RLMBM/,https://s13emagst.akamaized.net/products/48773/48772988/images/res_5134fd15040259c1c2d04aa2a0538b12.png?width=720&height=720&hash=DE3E716A046766BE85928C2956AE698C,6.78 inch,"FHD+
Rata de reimprospatare de 120 Hz
1.07 miliarde de culori",2400 x 1080,OLED,4500 mAh,,,8 GB,256 GB,
"Telefon Mobil Cubot KING KONG X, 5G, 6.58 inch FHD+ 120Hz, 32GB RAM (16GB + 16GB extensibili), 256GB ROM, Android 14, Negru","1.299,00 Lei",1299.00 Lei,4.43(7),https://www.emag.ro/telefon-mobil-cubot-king-kong-x-5g-6-58-inch-fhd-120hz-32gb-ram-16gb-16gb-extensibili-256gb-rom-android-14-negru-cubot-kingkongx256gb-bk/pd/DY6G6LYBM/,https://s13emagst.akamaized.net/products/77214/77213343/images/res_267a910fc33673e3e4e65b50e6027071.jpg?width=720&height=720&hash=BCD58C9E7B297D0CBBB0CD8829FF6B57,6.58 inch,120 Hz,1080 x 2408,IPS,10000 mAh,,Li-Po,16 GB,256 GB,MicroSDXC
"Telefon mobil TCL 605, 4GB RAM, 128GB, Negru","549,99 Lei",549.99 Lei,,https://www.emag.ro/telefon-mobil-tcl-605-4gb-ram-128gb-negru-t517d-2alca112/pd/D4CPQL3BM/,https://s13emagst.akamaized.net/products/106009/106008549/images/res_90f471674ba5fee1afdbba03514105d1.jpg?width=720&height=720&hash=405BD0ED7309948E50D09D0E18E99039,6.7 inch,"20:9
Rata de Refresh 90Hz
480 nits",720 x 1600,"LCD
IPS",5200 mAh,,,4 GB,128 GB,
"Telefon mobil Honor X6b, 128GB, 4GB RAM, Dual SIM, Midnight Black","726,00 Lei",726.00 Lei,4.67(3),https://www.emag.ro/telefon-mobil-honor-x6b-128gb-4gb-ram-dual-sim-midnight-black-237365/pd/DJXJPVYBM/,https://s13emagst.akamaized.net/products/74255/74254967/images/res_095f99ebec83c2fa9f361023c97bf3e8.jpg?width=720&height=720&hash=BC557CC05955E31B3A9057418C8C0293,,,,,,,,4 GB,128 GB,
"Telefon Mobil Seniori cu Taste Mari CZAY®, Meniu in Limba Romana, Ecran LCD Generos, Color, Camera Foto, Autonomie 7 Zile, Volum Puternic Reglabil, Buton SOS, 2G, Dual Sim, Usor de Folosit pentru Varstnici, Pensionari si Bunici, Lanterna, Radio, Rezistent","259,98 Lei",259.98 Lei,4.68(40),https://www.emag.ro/telefon-mobil-seniori-cu-taste-mari-czayr-meniu-in-limba-romana-ecran-lcd-generos-color-camera-foto-autonomie-7-zile-volum-puternic-reglabil-buton-sos-2g-dual-sim-usor-de-folosit-pentru-varstnici-pens/pd/DMH00D3BM/,https://s13emagst.akamaized.net/products/91737/91736441/images/res_f7bae0c41f7f8fbcb57d93d93809e798.png?width=720&height=720&hash=ACBE412E039B697130ABDBE72D4CF2F0,2.4 inch,,320 x 240,,1000 mAh,Da,Li-Ion,32 MB,32 MB,MicroSD
"Telefon mobil Poco X7, 8GB RAM, 256GB, 5G, Silver","1.282,00 Lei",1282.00 Lei,4.33(9),https://www.emag.ro/telefon-mobil-poco-x7-8gb-ram-256gb-5g-silver-pc-x7slv256/pd/DBK19GYBM/,https://s13emagst.akamaized.net/products/84480/84479836/images/res_992c35ad592bc3dfd94d5d532362701e.jpg?width=720&height=720&hash=41538BD646CFF994CDC1A6D96F949399,6.67 inch,"Dolby Vision
HDR10+
120 Hz
68B colors
1200 nits (HBM)
3000 nits (peak)",1220 x 2712,AMOLED,5110 mAh,Da,,8 GB,256 GB,
"Telefon mobil HMD 110, 2G, Dual SIM, Negru, Telefon clasic","79,86 Lei",79.86 Lei,,https://www.emag.ro/telefon-mobil-hmd-110-2g-dual-sim-negru-telefon-clasic-am110b2023/pd/D8CL6Z3BM/,https://s13emagst.akamaized.net/products/107031/107030101/images/res_19e55207e37d6b7ff472d5ee1723810c.png?width=720&height=720&hash=0CF4651587D33F9FDF86B4B3FAB3E885,,,,,,,,32 MB,32 MB,
"Telefon mobil Xiaomi 12 PRO, 12 GB RAM, 256 GB ROM, SIM dual, Albastru","2.079,00 Lei",2079.00 Lei,3.31(32),https://www.emag.ro/telefon-mobil-xiaomi-12-pro-12-gb-ram-256-gb-rom-sim-dual-albastru-xiaomi-12-pro-12-256-bl/pd/DLT2NSMBM/,https://s13emagst.akamaized.net/products/44602/44601215/images/res_15d27a844f75b77e22938056a703c673.jpg?width=720&height=720&hash=FEEB6B65FC506A7BE11F5E9BFD754F0E,6.73 inch,"Dolby Vision
HDR10+
Rata de reimprospatare la 120 Hz
Corning® Gorilla® Glass Victus®",1440 x 3200,AMOLED,4600 mAh,,Li-Po,12 GB,256 GB,
"Telefon mobil Doogee Blade GT Ultra, 5G, Dual SIM, Octa-Core Dimensity 7300, 512GB, 16GB RAM, 6.72' 120Hz IPS, RGB Light, NFC, IP68/IP69K, Android 14, Silver","1.999,99 Lei",1999.99 Lei,,https://www.emag.ro/telefon-mobil-doogee-blade-gt-ultra-5g-dual-sim-octa-core-dimensity-7300-512gb-16gb-ram-6-72-120hz-ips-rgb-light-nfc-ip68-ip69k-android-14-silver-00003167/pd/DCJN683BM/,https://s13emagst.akamaized.net/products/112560/112559563/images/res_671fef31e5d42a660e6ddfa88c79950c.png?width=720&height=720&hash=1CDFC86C0989E19CD580E8AFA27966EC,6.72 inch,"120 Hz
Touch screen",2400 x 1080,IPS,5500 mAh,Da,Li-Po,16 GB,512 GB,MicroSD
"Telefon mobil Xiaomi 15 Ultra, Qualcomm SM8750-AB Snapdragon 8 Elite, 5G, 512GB/16GB, Crom Argintiu","6.850,00 Lei",6850.00 Lei,,https://www.emag.ro/telefon-mobil-xiaomi-15-ultra-qualcomm-sm8750-ab-snapdragon-8-elite-5g-512gb-16gb-crom-argintiu-59037954/pd/DSYHN13BM/,https://s13emagst.akamaized.net/products/107408/107407205/images/res_5229dce0e41135e0c29f153d0363061f.jpg?width=720&height=720&hash=2147B1C6A28A564285B843C1F50AFE34,6.73 inch,,1440 x 3200,,5410 mAh,Nu,,12 GB,512 GB,
"Telefon mobil Samsung Galaxy Z Fold5, 12GB RAM, 256GB, 5G, Phantom Black","8.441,75 Lei",8441.75 Lei,4.49(47),https://www.emag.ro/telefon-mobil-samsung-galaxy-z-fold5-12gb-ram-256gb-5g-phantom-black-sm-f946bzkbeue/pd/DJ9MFMYBM/,https://s13emagst.akamaized.net/products/58631/58630099/images/res_aabad0ddea04065df0015805b557361e.jpg?width=720&height=720&hash=E5697E3D72EB8749A53FF7C9D1690216,7.6 inch,"QXGA+
374 ppi
Dynamic AMOLED 2X",2176 x 1812,Dynamic AMOLED,4400 mAh,,,12 GB,256 GB,
"Telefon mobil OPPO A5x, 4GB RAM, 128GB, Laser White","536,74 Lei",536.74 Lei,,https://www.emag.ro/telefon-mobil-oppo-a5x-4gb-ram-128gb-laser-white-op-a5xlsrwht/pd/DCPDJV3BM/,https://s13emagst.akamaized.net/products/102994/102993645/images/res_cafd90e9da042c88f91b0bead9d4ad18.jpg?width=720&height=720&hash=86DEE88A57548F06D6068A00FBDBE871,6.67 inch,"90 Hz
1000 nits (HBM)",720 x 1604,"LCD
IPS",6000 mAh,Nu,,4 GB,128 GB,MicroSDXC
"Telefon mobil Motorola Moto g85, Dual SIM, 8GB RAM, 256GB, 5G, Surf the Web","1.123,49 Lei",1123.49 Lei,4.51(43),https://www.emag.ro/telefon-mobil-motorola-moto-g85-dual-sim-8gb-ram-256gb-5g-surf-the-web-pb2a0037ro/pd/DKB9FSYBM/,https://s13emagst.akamaized.net/products/73419/73418486/images/res_cd0652274ceac242d6096b5c867fc78a.jpg?width=720&height=720&hash=4BCFEC7C92590CADD5FC981FCA86059F,6.67 inch,"395 PPI
120 Hz",1080 x 2400,OLED,5000 mAh,,Li-Po,8 GB,256 GB,
"Telefon Mobil Xiaomi Redmi Note 10, 4GB RAM, 128GB, 6.5 inch, 48MP, 5000mAh, 5G, Negru","671,55 Lei",671.55 Lei,5(1),https://www.emag.ro/telefon-mobil-xiaomi-redmi-note-10-4gb-ram-128gb-6-5-inch-48mp-5000mah-5g-negru-note10-4-128-black/pd/D25MRS3BM/,https://s13emagst.akamaized.net/products/93776/93775529/images/res_d0e40d1240ae626cc14fcf724b38d2b7.jpg?width=720&height=720&hash=5BE53EDD9D82B5A27234F98447434FF5,6.5 inch,120 Hz,2400 x 1080,LCD,5000 mAh,Da,,6 GB,128 GB,
"Telefon mobil Realme Note 70T, 4GB RAM, 256GB, Black","468,86 Lei",468.86 Lei,,https://www.emag.ro/telefon-mobil-realme-note-70t-4gb-ram-256gb-black-rm-nt70tblk256/pd/DGJF0J3BM/,https://s13emagst.akamaized.net/products/100977/100976636/images/res_ceb3c4ca284256b6164e25591772d2b6.jpg?width=720&height=720&hash=B83FF7C8FD523DAE20F99B52EB5B4D22,6.74 inch,90 Hz,720 x 1600,"LCD
IPS",6000 mAh,Nu,,4 GB,256 GB,MicroSDXC
"Telefon mobil RugOne Xever 7 Pro, 6.67"", 5G, 512GB/12GB, 5550 mAh, DS, Negru","2.999,00 Lei",2999.00 Lei,,https://www.emag.ro/telefon-mobil-rugone-xever-7-pro-6-67-5g-512gb-12gb-5550-mah-ds-negru-xever7problack/pd/DKL1L13BM/,https://s13emagst.akamaized.net/products/106944/106943079/images/res_44e5d1e4f2aa82f82c249532ebf34086.jpg?width=720&height=720&hash=D581D4310D1568B0DC7C3FD1FFF1EAA8,,,,,,,,12 GB,512 GB,
"Telefon mobil Motorola Moto g56, 8GB RAM, 256GB, 5G, Dazzling Blue","865,00 Lei",865.00 Lei,,https://www.emag.ro/telefon-mobil-motorola-moto-g56-8gb-ram-256gb-5g-dazzling-blue-mt-motg56dzbl256/pd/DVJVFX3BM/,https://s13emagst.akamaized.net/products/98358/98357903/images/res_ad3cba52856aeedf3687fc45aa75fc1b.jpg?width=720&height=720&hash=561C7C70636C90F375CC1E4FBBDADB57,6.72 inch,120 Hz,1080 x 2400,"LCD
IPS",5200 mAh,Nu,,8 GB,256 GB,MicroSDXC
"Telefon mobil Xiaomi 15, 12GB RAM, 512GB, 5G, Negru","4.139,00 Lei",4139.00 Lei,,https://www.emag.ro/telefon-mobil-xiaomi-15-12gb-ram-512gb-5g-negru-xi-xm15ngr512/pd/DPN3VN3BM/,https://s13emagst.akamaized.net/products/94739/94738554/images/res_d2c9396700ce273ea987eed037d1d4db.jpg?width=720&height=720&hash=EC35D4D1B9B75289F8546F36A9EC6DE3,6.36 inch,"Dolby Vision
HDR10+
120 Hz
68B colors
3200 nits (peak)",1200 x 2670,"AMOLED
LTPO",5240 mAh,Nu,Li-Ion,12 GB,512 GB,
"Telefon mobil HONOR 50, Dual SIM, 6GB RAM, 128GB, 5G, EMERALD GREEN","1.098,99 Lei",1098.99 Lei,4.13(30),https://www.emag.ro/telefon-mobil-honor-50-dual-sim-6gb-ram-128gb-5g-emerald-green-5109aaxy/pd/DK0SDXMBM/,https://s13emagst.akamaized.net/products/40831/40830325/images/res_e6a07b36de32a5980049deccb97a6b32.jpg?width=720&height=720&hash=91671262DFE512A22AE228C5B11855B9,6.57 inch,"120 Hz
Certificare TÜV Rheinland pentru lumina albastra
1.07 miliarde de culori",2340 x 1080,OLED,4300 mAh,,Li-Po,6 GB,128 GB,
"Telefon mobil realme C61, 6GB RAM, 128GB, 4G, Dark Green","499,90 Lei",499.90 Lei,4.6(15),https://www.emag.ro/telefon-mobil-realme-c61-6gb-ram-128gb-4g-dark-green-631011003016/pd/DHD0N1YBM/,https://s13emagst.akamaized.net/products/78778/78777211/images/res_2fd5a5c0593bddaeb061391e759885f3.jpg?width=720&height=720&hash=D7FAE3CAD67FA175AD5F345AF778677A,6.74 inch,"90 Hz
450 nits (typ)
560 nit HBM",1600 x 720,"LCD
IPS",5000 mAh,,,6 GB,128 GB,MicroSD
"Telefon mobil Oukitel WP210, Dual SIM, 5G, Octa-Core Dimensity 8200, 6.7-inch 120Hz AMOLED, 512GB, 8800mAh NFC, IP68/IP69K, Android 15, Red","2.049,99 Lei",2049.99 Lei,,https://www.emag.ro/telefon-mobil-oukitel-wp210-dual-sim-5g-octa-core-dimensity-8200-6-7-inch-120hz-amoled-512gb-8800mah-nfc-ip68-ip69k-android-15-red-00003151/pd/D8FN683BM/,https://s13emagst.akamaized.net/products/112560/112559540/images/res_0f89784837466ff2687f397d96587de1.png?width=720&height=720&hash=186731AD409957C0F99CB4D9E34B8511,6.7 inch,"Corning Gorilla Glass 5
394 PPI
Touch screen",1080 x 2408,AMOLED,8800 mAh,Da,Li-Po,36 GB,512 GB,MicroSD
"Telefon mobil Xiaomi A5, Unisoc T7250, 4G, Dual Sim, 64GB/3GB, Albastru Ocean","375,00 Lei",375.00 Lei,,https://www.emag.ro/telefon-mobil-xiaomi-a5-unisoc-t7250-4g-dual-sim-64gb-3gb-albastru-ocean-59838970/pd/DK50N13BM/,https://s13emagst.akamaized.net/products/107407/107406979/images/res_c2aec32c07017621522d71afa1ebfd3d.jpg?width=720&height=720&hash=92628E2202B6DBA63E8FDCF0A63EFEE3,6.88 inch,,,,,,,3 GB,64 GB,
"Telefon mobil Poco C85, 8GB RAM, 256GB, Purple","613,32 Lei",613.32 Lei,,https://www.emag.ro/telefon-mobil-poco-c85-8gb-ram-256gb-purple-pc-c85prp256/pd/DQVCLC3BM/,https://s13emagst.akamaized.net/products/105004/105003286/images/res_711c569bbdc127398b1cbdec6939dbe1.jpg?width=720&height=720&hash=44078E2266DF119C34DD8A9AECC6D9CF,6.9 inch,"120 Hz
660 nits (typ)
810 nits (HBM)",720 x 1600,"LCD
IPS",6000 mAh,Nu,,8 GB,256 GB,MicroSDXC
"Telefon mobil OPPO A5 Pro, Mediatek Dimensity 6300, Dual SIM, 8GB/256GB, 5G, Maro Mocha","1.000,02 Lei",1000.02 Lei,,https://www.emag.ro/telefon-mobil-oppo-a5-pro-mediatek-dimensity-6300-dual-sim-8gb-256gb-5g-maro-mocha-60340278/pd/DBG7JZ3BM/,https://s13emagst.akamaized.net/products/106688/106687275/images/res_7111370e8c4da91ad15bb5c15f41902e.jpg?width=720&height=720&hash=E3B021CBE1D53978B17DA18E28D4B325,6.67 inch,,,,,,,8 GB,256 GB,
"Telefon cu clapeta pentru seniori display 2.8"" si buoane mari tehnologie 4G VoLTE, dual sim, functie SOS, Bluetooth, difuzor, ceas, baterie 1000 mAh USB-C, meniu RO cu info RO Alert","249,99 Lei",249.99 Lei,1(1),https://www.emag.ro/telefon-cu-clapeta-pentru-seniori-display-2-8-si-buoane-mari-tehnologie-4g-volte-dual-sim-functie-sos-bluetooth-difuzor-ceas-baterie-1000-mah-usb-c-meniu-ro-cu-info-ro-alert-flip-lte/pd/DJLCKH3BM/,https://s13emagst.akamaized.net/products/96305/96304399/images/res_228480134d904916f49cefdff4d013c8.jpg?width=720&height=720&hash=4106E090D836D8E84114F0830DC44DFC,2.8 inch,Always-on display,,LCD,1000 mAh,Da,Li-Ion,128 MB,16 GB,MicroSD
"Telefon mobil Xiaomi A5, Unisoc T7250, 4G, Dual Sim, 64GB/3GB, Auriu Sandy","375,00 Lei",375.00 Lei,,https://www.emag.ro/telefon-mobil-xiaomi-a5-unisoc-t7250-4g-dual-sim-64gb-3gb-auriu-sandy-59838991/pd/DCQ0N13BM/,https://s13emagst.akamaized.net/products/95646/95645881/images/res_bb28d6bc0160823271dfbd0c7f80dae0.jpg?width=720&height=720&hash=71495D0F773178C679B814056A78033D,6.88 inch,,,,,,,3 GB,64 GB,
"Telefon mobil INFINIX SMART 9 HD, 4GB, 64GB, 4G, CORAL GOLD","570,77 Lei",570.77 Lei,4.75(8),https://www.emag.ro/telefon-mobil-infinix-smart-9-hd-4gb-64gb-4g-coral-gold-10066712/pd/DM080GYBM/,https://s13emagst.akamaized.net/products/84366/84365540/images/res_11a78a83483bd2ac3312e56af28ba029.jpg?width=720&height=720&hash=F1747FA2BF44969DD245E74E2CBEFC92,6.7 inch,500 nits,720 x 1600,"LCD
IPS",5000 mAh,,,4 GB,64 GB,MicroSD
Rainbuvvy S23 Pro 4G Network 3.0 Inch Android8.1 Smart phone 2GB RAM 16GB ROM Mobile Phone,"360,58 Lei",360.58 Lei,5(1),https://www.emag.ro/rainbuvvy-s23-pro-4g-network-3-0-inch-android8-1-smart-phone-2gb-ram-16gb-rom-mobile-phone-s23pro-4g-pink/pd/D7HS0LYBM/,https://s13emagst.akamaized.net/products/76967/76966836/images/res_bd029d0b01fa0e340f62899fc76a5ca5.jpg?width=720&height=720&hash=558DC78DD67A224EBACF291212FB3912,3 inch,,,,,Da,,2 GB,16 GB,
"Telefon mobil Xiaomi Redmi Note 14, 6GB RAM, 128GB ROM, Ocean Blue + Xiaomi High-capacity pen","1.299,54 Lei",1299.54 Lei,5(2),https://www.emag.ro/telefon-mobil-xiaomi-redmi-note-14-6gb-ram-128gb-rom-ocean-blue-xiaomi-high-capacity-pen-bndl14bluee/pd/D7SD1J3BM/,https://s13emagst.akamaized.net/products/101356/101355280/images/res_f12bf0c24df30d7e45147978b1b7eed4.jpg?width=720&height=720&hash=F564CA728C3F9AE0507C37A066FE8B1C,6.67 inch,"394 PPI
Rata de refresh 120 Hz
1800 nits (peak)
Sunlight display
Reading mode
Touch sampling rate: 240Hz",2400 x 1080,AMOLED,5500 mAh,Nu,,6 GB,128 GB,
"Telefon mobil Huawei Y6 Prime (2018), Dual Sim, 32GB, Black","549,00 Lei",549.00 Lei,,https://www.emag.ro/telefon-mobil-huawei-y6-prime-2018-dual-sim-32gb-black-y6-prime-2018-32gb/pd/D51H4LBBM/,https://s13emagst.akamaized.net/products/19972/19971280/images/res_cf33cf0e8f9302b9df47182e0e60f952.jpg?width=720&height=720&hash=D608FABA6363AD585FC6CC111F071014,5.7 inch,,1440 x 720,"LCD
IPS",3000 mAh,Da,Li-Ion,3 GB,32 GB,MicroSD
"Telefon mobil Realme GT 7T, 12GB RAM, 512GB, 5G, Blue","3.046,37 Lei",3046.37 Lei,4(3),https://www.emag.ro/telefon-mobil-realme-gt-7t-12gb-ram-512gb-5g-blue-rl-rmgt7tble512/pd/D5TSS03BM/,https://s13emagst.akamaized.net/products/95646/95645687/images/res_cc7d47b3ac4e1a8b2120178214faef61.jpg?width=720&height=720&hash=7FD6AE3B39DD27CCC1EED920F139B502,6.8 inch,"Dolby Vision
HDR10+
120 Hz
1B colors
1000 nits (typ)
6000 nits (peak)
1800 nits (HBM)",1280 x 2800,AMOLED,7000 mAh,Nu,Li-Ion,12 GB,512 GB,
"Telefon mobil OPPO Reno13 FS, Dual SIM, 12GB RAM, 512GB, 5G, Purple","1.635,00 Lei",1635.00 Lei,,https://www.emag.ro/telefon-mobil-oppo-reno13-fs-dual-sim-12gb-ram-512gb-5g-purple-reno13fs-purple512gb/pd/DMW45S3BM/,https://s13emagst.akamaized.net/products/102382/102381066/images/res_bdc18ff412f94d6e11dca1033b73f598.jpg?width=720&height=720&hash=0960A13C58E090DF596854FAE59EF1D6,6.67 inch,"120 Hz
1200 nits (HBM)
600 nits (typ)
2100 nits (peak)",1080 x 2400,AMOLED,5800 mAh,Nu,,12 GB,512 GB,MicroSDXC
"Telefon mobil Motorola Moto e13, Dual SIM, 64GB, 2GB RAM, Cosmic Black","447,08 Lei",447.08 Lei,4.28(98),https://www.emag.ro/telefon-mobil-motorola-moto-e13-dual-sim-64gb-2gb-ram-cosmic-black-paxt0019pl/pd/D0DM95MBM/,https://s13emagst.akamaized.net/products/53059/53058928/images/res_b173d612bda80fef17d89c126ce81dc4.jpg?width=720&height=720&hash=876CCFB59ECC195ACF8B43A8D241851F,6.5 inch,"Aspect Ratio: 20:9
Rata de reimprospatare a ecranului de 60 Hz",1600 x 720,"LCD
IPS",5000 mAh,,,2 GB,64 GB,MicroSD
"Telefon mobil Google Pixel 8, 128GB, 8GB RAM, 5G, Rose","1.701,70 Lei",1701.70 Lei,3.86(21),https://www.emag.ro/telefon-mobil-google-pixel-8-128gb-8gb-ram-5g-rose-840244706982-3805/pd/DC6QNDYBM/,https://s13emagst.akamaized.net/products/63092/63091468/images/res_dec9251a40e8577d46d721a537b144d2.jpg?width=720&height=720&hash=A68C4281EE48F040E0579146C9B9D60A,6.2 inch,"HDR10+
120 Hz
1400 nits (HBM)",2400 x 1080,OLED,4575 mAh,Da,Li-Po,8 GB,128 GB,
"Telefon mobil CMF by Nothing Phone 1, 256GB, 8GB, 5G, Dual Sim, Orange","1.174,80 Lei",1174.80 Lei,,https://www.emag.ro/telefon-mobil-cmf-by-nothing-phone-1-256gb-8gb-5g-dual-sim-orange-a10400115/pd/DWF6K83BM/,https://s13emagst.akamaized.net/products/111697/111696276/images/res_ab519dedc10de125f804e3baeea4b0ae.jpg?width=720&height=720&hash=7EA0618A4FD8E8AC4124D8234EDE7F31,6.67 inch,,1080 x 2400,Super AMOLED,,,,8 GB,256 GB,
"Telefon mobil HMD Pulse+, Dual SIM, 128GB, 4GB RAM, Blue","449,99 Lei",449.99 Lei,4.81(16),https://www.emag.ro/telefon-mobil-hmd-pulse-dual-sim-128gb-4gb-ram-blue-286943893/pd/DNXXT9YBM/,https://s13emagst.akamaized.net/products/70410/70409038/images/res_94eb3b6b4a88ae6e3cff7a85f2461094.jpg?width=720&height=720&hash=DF690D68A35B6F4DAFFC5CF9CE93FBB2,6.56 inch,HD+,1612 x 720,,5000 mAh,,,4 GB,128 GB,MicroSD
"Telefon mobil Samsung Galaxy A06, 64GB, 4GB RAM, 5G, Black","484,00 Lei",484.00 Lei,2.67(3),https://www.emag.ro/telefon-mobil-samsung-galaxy-a06-64gb-4gb-ram-5g-black-sm-a066-ds-64-4gb-black/pd/DX8TJV3BM/,https://s13emagst.akamaized.net/products/100981/100980827/images/res_0410f0ed86c4b917ce314dcb8275b150.jpg?width=720&height=720&hash=BDE64180D105BDA563989C41EB39A481,6.7 inch,262 ppi,720 x 1600,"LCD
PLS",5000 mAh,Nu,,4 GB,64 GB,MicroSDXC
"Telefon mobil Oscal FLAT 2, 5G, 18GB Ram(6GB + 12GB extensibili), 256GB, 8 nuclee, 6.67'' HD+, Android 14, 5000mAh, Rezistent praf/anti-picatura/impermeabil, Deblocare amprenta/Fata ID/NFC, Albastru","719,99 Lei",719.99 Lei,,https://www.emag.ro/telefon-mobil-oscal-flat-2-5g-18gb-ram-6gb-12gb-extensibili-256gb-8-nuclee-6-67-hd-android-14-5000mah-rezistent-praf-anti-picatura-impermeabil-deblocare-amprenta-fata-id-nfc-albastru-flat2-6-256-albas/pd/DG63193BM/,https://s13emagst.akamaized.net/products/99506/99505689/images/res_8828fa7458704da851c5602db36f35e9.jpg?width=720&height=720&hash=06384E2AADD2DE8936F7CFB423BD9993,6.56 inch,90 Hz,720 x 1612,IPS,5000 mAh,Nu,Li-Ion,6 GB,256 GB,MicroSD
"Telefon mobil Oppo Find X3 Lite, Dual SIM, 128GB, 8GB RAM, 5G, Starry Black","1.001,99 Lei",1001.99 Lei,4.4(5),https://www.emag.ro/telefon-mobil-oppo-find-x3-lite-dual-sim-128gb-8gb-ram-5g-starry-black-oppo-findx3lbk-5g-8-128/pd/D7NV3KMBM/,https://s13emagst.akamaized.net/products/36125/36124274/images/res_2180b28c05a7ca1c4ae368b0f354adde.jpg?width=720&height=720&hash=2ABA0C36A49A36AB800303FF40EF48E2,6.43 inch,"90 Hz
410 PPI",1080 x 2400,AMOLED,4300 mAh,,Li-Po,8 GB,128 GB,
"Telefon mobil Nubia Neo 3, Dual Sim, 8GB RAM, 256GB, 5G, Cyber Silver","943,80 Lei",943.80 Lei,,https://www.emag.ro/telefon-mobil-nubia-neo-3-dual-sim-8gb-ram-256gb-5g-cyber-silver-neo3-8-256-slv/pd/DBD7JV3BM/,https://s13emagst.akamaized.net/products/102993/102992478/images/res_448e27b7b5322a869bd4f08998ce7169.jpg?width=720&height=720&hash=8B3A9A5FE002A41AD3140AE136463F09,6.8 inch,,900 x 2030,AMOLED,,Nu,,8 GB,256 GB,
"Telefon mobil Xiaomi Redmi 15, 8GB RAM, 256GB, Sandy Purple","748,99 Lei",748.99 Lei,,https://www.emag.ro/telefon-mobil-xiaomi-redmi-15-8gb-ram-256gb-sandy-purple-xo-rm15sdpe256/pd/DR3BP53BM/,https://s13emagst.akamaized.net/products/110257/110256606/images/res_baef1b0e1ef4138803883c16d8187334.jpg?width=720&height=720&hash=EE9E21E26A69757B2D14652C1895E859,6.9 inch,144 Hz,1080 x 2340,"LCD
IPS",7000 mAh,Nu,Li-Ion,8 GB,256 GB,MicroSDXC
"Telefon mobil OPPO A5, 6GB RAM, 128GB, Misty White","820,02 Lei",820.02 Lei,5(1),https://www.emag.ro/telefon-mobil-oppo-a5-6gb-ram-128gb-misty-white-op-a5mtywte4g128/pd/D8HDJV3BM/,https://s13emagst.akamaized.net/products/102994/102993589/images/res_a065ea0b1536b993cccf3fdc90fe9edb.jpg?width=720&height=720&hash=167C50578E5A282BD890ECA152BB1809,6.67 inch,"90 Hz
1000 nits (HBM)",720 x 1604,"LCD
IPS",6000 mAh,Nu,,6 GB,128 GB,MicroSDXC
"Telefon mobil Xiaomi Redmi 13C, 4GB RAM, 128GB, 5G, Black","629,99 Lei",629.99 Lei,,https://www.emag.ro/telefon-mobil-xiaomi-redmi-13c-4gb-ram-128gb-5g-black-xm-redm13cbk5g/pd/D466FSYBM/,https://s13emagst.akamaized.net/products/73432/73431827/images/res_79ccb694e1f8f034d4fa03ad3b5dee43.jpg?width=720&height=720&hash=12DEB9423D4674231D7545825BAE3C03,6.74 inch,"90 Hz
450 nits (typ)
600 nits (HBM)",720 x 1600,"LCD
IPS",5000 mAh,Da,,4 GB,128 GB,MicroSDXC
"Telefon mobil Realme GT 7T, 12GB RAM, 256GB, 5G, Yellow","2.139,00 Lei",2139.00 Lei,4(3),https://www.emag.ro/telefon-mobil-realme-gt-7t-12gb-ram-256gb-5g-yellow-rl-rmgt7tylw256/pd/DQTSS03BM/,https://s13emagst.akamaized.net/products/95646/95645688/images/res_393f185064224f774cc6d3beec5d0907.jpg?width=720&height=720&hash=4F2D00331BF5AE344DA510A8162B7CDD,6.8 inch,"Dolby Vision
HDR10+
120 Hz
1B colors
1000 nits (typ)
6000 nits (peak)
1800 nits (HBM)",1280 x 2800,AMOLED,7000 mAh,Nu,Li-Ion,12 GB,256 GB,
"Telefon mobil OPPO A40, Dual SIM, 4GB RAM, 128GB, 4G, Starry Purple","508,39 Lei",508.39 Lei,2(1),https://www.emag.ro/telefon-mobil-oppo-a40-dual-sim-4gb-ram-128gb-4g-starry-purple-cph2669sp/pd/DTKKGH3BM/,https://s13emagst.akamaized.net/products/96919/96918066/images/res_67748ee87e762da88c31baa0fbed7caf.jpg?width=720&height=720&hash=1326677A2EE0235A595B29F86ABE9B08,6.67 inch,"264 PPI
16.7 milioane culori
HD+
1000 niti",1604 x 720,LCD,5100 mAh,Nu,,4 GB,128 GB,
"Telefon mobil CUBOT X90, 4G, 6.67"" FHD+, 16GB RAM + 16GB, 256GB, Android 14, Verde","1.299,00 Lei",1299.00 Lei,2(1),https://www.emag.ro/telefon-mobil-cubot-x90-4g-6-67-fhd-16gb-ram-16gb-256gb-android-14-verde-cubot-x90-gn/pd/DHC5XLYBM/,https://s13emagst.akamaized.net/products/77066/77065143/images/res_981f5c163d50447ea135c946265af8e5.jpg?width=720&height=720&hash=BB3BE70990625D9739B31B523063EF39,6.67 inch,120 Hz,1080 x 2400,IPS,5100 mAh,Da,Li-Po,16 GB,256 GB,MicroSDXC
"Telefon mobil Samsung Galaxy M33, Dual SIM, 128GB, 6GB RAM, 5G, Green","1.399,00 Lei",1399.00 Lei,4.45(38),https://www.emag.ro/telefon-mobil-samsung-galaxy-m33-dual-sim-128gb-6gb-ram-5g-green-sm-m336bzggeue/pd/DT6PDCMBM/,https://s13emagst.akamaized.net/products/47291/47290693/images/res_8b9b9ecd2cda3bfe9d6557bb724f3ab3.jpg?width=720&height=720&hash=1A5449EDC9F3AADCC87905EFFEACDD63,6.6 inch,"FHD+
Rata de reimprospatare de 120 Hz",1080 x 2408,"LCD
PLS",5000 mAh,,,6 GB,128 GB,MicroSD
"Telefon mobil Google Pixel 6 Pro, 128GB, 12GB RAM, 5G, Cloudy White","7.807,85 Lei",7807.85 Lei,3.8(44),https://www.emag.ro/telefon-mobil-google-pixel-6-pro-128gb-12gb-ram-5g-cloudy-white-810029931007/pd/D42399MBM/,https://s13emagst.akamaized.net/products/41979/41978545/images/res_67e4a0c462cbe7aa05a6bc4283f2981f.jpg?width=720&height=720&hash=6991974C54273485B227D4C2C99BC9BB,6.7 inch,"HDR10+
120 Hz",1440 x 3120,AMOLED,5000 mAh,,Li-Po,12 GB,128 GB,
"Telefon mobil Poco M7 Pro, 12GB RAM, 256GB, 5G, Lunar Dust","1.048,99 Lei",1048.99 Lei,3(1),https://www.emag.ro/telefon-mobil-poco-m7-pro-12gb-ram-256gb-5g-lunar-dust-pc-m7prolndt12gb/pd/DQXW0K3BM/,https://s13emagst.akamaized.net/products/91733/91732475/images/res_f1256e7f46aad4cd911f7d1bc78e9786.jpg?width=720&height=720&hash=E2627653AD0472C0F588A0013EB7DEAD,6.67 inch,"Dolby Vision
HDR10+
120 Hz
2100 nits (peak)",1080 x 2400,AMOLED,5110 mAh,Nu,Li-Po,12 GB,256 GB,MicroSDXC
"Telefon mobil Xiaomi Redmi 14C, 8GB RAM, 128GB, Dreamy Purple","1.199,00 Lei",1199.00 Lei,4.52(207),https://www.emag.ro/telefon-mobil-xiaomi-redmi-14c-8gb-ram-128gb-dreamy-purple-xm-rd14c-8g-128dp/pd/DW3TJV3BM/,https://s13emagst.akamaized.net/products/80077/80076681/images/res_c66a09e813cfed30f184c9943745ce4c.jpg?width=720&height=720&hash=2F932FF20C92AACA7996DFD36603852D,6.88 inch,"120 Hz
450 nits (typ)
600 nits (HBM)",720 x 1640,"LCD
IPS",5160 mAh,,,8 GB,128 GB,MicroSDXC
"Telefon mobil Xiaomi Redmi 10 (2022), 4GB RAM, 64GB, 4G, SEA BLUE","559,00 Lei",559.00 Lei,4.25(64),https://www.emag.ro/telefon-mobil-xiaomi-redmi-10-2022-4gb-ram-64gb-4g-sea-blue-6934177760679/pd/D2M1WRMBM/,https://s13emagst.akamaized.net/products/52634/52633044/images/res_275322f4e6a5ea9e0e9ba6fe158404ce.jpg?width=720&height=720&hash=7A6B8DCCB7E13EA46A4DE5AC4B978EBF,6.5 inch,"Corning Gorilla Glass 3
Rata de reimprospatare de 90 Hz
DotDisplay",2400 x 1080,,5000 mAh,,,4 GB,64 GB,MicroSD
"Telefon mobil Honor 200 Smart, 4GB RAM, 256GB, 5G, Midnight Black","620,00 Lei",620.00 Lei,3.2(5),https://www.emag.ro/telefon-mobil-honor-200-smart-4gb-ram-256gb-5g-midnight-black-hn-200smmdbk/pd/DMKGLQYBM/,https://s13emagst.akamaized.net/products/80077/80076535/images/res_6267cf66dbb0ea66602fa329f32a0fc6.jpg?width=720&height=720&hash=EAF3AC3E8DF3050FA73E98FCDEEE48DA,6.8 inch,"120 Hz
850 nits peak",1080 x 2412,"LCD
TFT",5200 mAh,Da,Li-Po,4 GB,256 GB,
"Telefon mobil HMD Pulse Pro, Dual SIM, 128GB, 6GB RAM, Black Ocean","499,99 Lei",499.99 Lei,3.4(5),https://www.emag.ro/telefon-mobil-hmd-pulse-pro-dual-sim-128gb-6gb-ram-black-ocean-286947990/pd/DCFBS9YBM/,https://s13emagst.akamaized.net/products/70695/70694528/images/res_6a06ee938cfa8df13291186309a7520b.jpg?width=720&height=720&hash=6D832AC487F877339206BF13218455B7,6.56 inch,Rata de Refresh 90Hz,720 x 1560,,5000 mAh,,Li-Po,6 GB,128 GB,
"Telefon mobil Samsung Galaxy A36 Enterprise Edition, 8GB RAM, 256GB, 5G, Awesome Black","1.640,01 Lei",1640.01 Lei,5(1),https://www.emag.ro/telefon-mobil-samsung-galaxy-a36-enterprise-edition-8gb-ram-256gb-5g-awesome-black-sm-a366bzkgeee/pd/DV5TMN3BM/,https://s13emagst.akamaized.net/products/88998/88997834/images/res_a8825c0160e423d0f193bff1446cd804.jpg?width=720&height=720&hash=24A732EAAE3A2BE1B5861D2DB4A8837F,6.7 inch,"120 Hz
1200 nits (HBM)
1900 nits (peak)",1080 x 2340,Super AMOLED,5000 mAh,,,8 GB,256 GB,
"Telefon mobil Honor Holly 2 Plus, Dual SIM, 16GB, 2GB RAM, 4G, Gray","24,41 Lei",24.41 Lei,,https://www.emag.ro/telefon-mobil-honor-holly-2-plus-dual-sim-16gb-2gb-ram-4g-gray-hrn-hl2psgry/pd/D8S0KMYBM/,https://s13emagst.akamaized.net/products/58431/58430316/images/res_ce67a9ef3511999165b3adb1612b610f.png?width=720&height=720&hash=08B77C74D2B0590D958598D3902FD805,5 inch,,720 x 1280,LCD,4000 mAh,,Li-Po,2 GB,16 GB,MicroSDXC
"Smartphone Xiaomi Redmi Note 8 Pro, 6GB RAM, 128GB, Negru, 4 camere, 6.53 inch","726,00 Lei",726.00 Lei,,https://www.emag.ro/smartphone-xiaomi-redmi-note-8-pro-6gb-ram-128gb-negru-4-camere-6-53-inch-note-8-pro-6-128-black/pd/DGSWSS3BM/,https://s13emagst.akamaized.net/products/93466/93465197/images/res_3c8634671d4e96f3c5615a47b863992a.jpg?width=720&height=720&hash=355BB80D6739D64C5B4DE5AA4282C8E5,6.53 inch,HDR10,1080 x 2400,LCD,4500 mAh,Da,Li-Ion,6 GB,128 GB,
"Telefon mobil Xiaomi 13 Pro, 12GB RAM, 256GB, Ceramic Black","3.932,50 Lei",3932.50 Lei,4.57(14),https://www.emag.ro/telefon-mobil-xiaomi-13-pro-12gb-ram-256gb-ceramic-black-mzb0dbieu/pd/DGLF26MBM/,https://s13emagst.akamaized.net/products/53699/53698477/images/res_fb7813e69007879f0084c7c8fa945994.jpg?width=720&height=720&hash=F18FD657D11E5828E273F1CCE46B254B,6.73 inch,"Dolby Vision
HDR10+
120Hz",3200 x 1440,AMOLED,4820 mAh,,Li-Po,12 GB,256 GB,
"Telefon mobil Nokia G11, Dual SIM, 3GB RAM, 32GB, Charcoal","1.172,33 Lei",1172.33 Lei,4.1(10),https://www.emag.ro/telefon-mobil-nokia-g11-dual-sim-3gb-ram-32gb-charcoal-719901184111/pd/D3KQBSMBM/,https://s13emagst.akamaized.net/products/44353/44352323/images/res_209369b50a9be21e82b134da8bbc2cd7.jpg?width=720&height=720&hash=D3AC792EE85C6A78531B64FD46F5EC87,6.5 inch,Rata de reimprospatare de 90 Hz,1600 x 720,LCD,5050 mAh,,Li-Po,3 GB,32 GB,MicroSD
"Telefon mobil Apple iPhone 15 Plus, 256GB, 5G, Green","5.621,15 Lei",5621.15 Lei,4.82(153),https://www.emag.ro/telefon-mobil-apple-iphone-15-plus-256gb-5g-green-mu1g3rx-a/pd/DFCH93YBM/,https://s13emagst.akamaized.net/products/60458/60457140/images/res_e64f9be59abde215d48172fef661bfab.jpg?width=720&height=720&hash=10821D0D7EF2CEBF1B2F205DC2FD932F,6.7 inch,"True tone
Haptic touch
2,000,000:1 contrast ratio
HDR display
Wide color (P3)
Dynamic Island",2796 x 1290,Super Retina XDR,,Nu,Li-Ion,6 GB,256 GB,
"Telefon mobil Infinix NOTE 40, 8GB RAM, 256GB, 4G, Racing Grey","1.324,95 Lei",1324.95 Lei,4.69(49),https://www.emag.ro/telefon-mobil-infinix-note-40-8gb-ram-256gb-4g-racing-grey-10054553/pd/DF01ZVYBM/,https://s13emagst.akamaized.net/products/74560/74559510/images/res_6b731310e649a0768ac7a011d772c5fe.jpg?width=720&height=720&hash=AEAC11E78257771830DFB09987614A6B,6.78 inch,,1080 x 2436,AMOLED,5000 mAh,,,8 GB,256 GB,
"Telefon mobil Xiaomi Redmi Note 13, 6GB RAM, 128GB, Black","1.078,11 Lei",1078.11 Lei,4.54(78),https://www.emag.ro/telefon-mobil-xiaomi-redmi-note-13-6gb-ram-128gb-black-mzb0fyfeu/pd/DCDLJKYBM/,https://s13emagst.akamaized.net/products/65144/65143513/images/res_30f2a50317349edf9de7eb625b89747c.jpg?width=720&height=720&hash=B4472C143E10E57DF584C8D99873B572,6.67 inch,"FHD+
Rata de refresh 120 Hz",1080 x 2400,AMOLED,5000 mAh,,Li-Po,6 GB,128 GB,MicroSD
"Telefon mobil, myPhone, Rumba 2, 32 MB, Gri","179,99 Lei",179.99 Lei,5(1),https://www.emag.ro/telefon-mobil-myphone-rumba-2-32-mb-gri-kxg0098550/pd/DNN6V7YBM/,https://s13emagst.akamaized.net/products/62439/62438380/images/res_cebaac6a20f000998c08cb460dc3fe66.jpg?width=720&height=720&hash=C1702E197F2A14461F55DCA28BEA8A90,,,,,,,,32 MB,32 MB,
"Telefon mobil Maxcom MM428L, Dual SIM, Black","121,00 Lei",121.00 Lei,5(2),https://www.emag.ro/telefon-mobil-maxcom-mm428l-dual-sim-black-mm428bb-light-black/pd/DFK4J6YBM/,https://s13emagst.akamaized.net/products/82689/82688547/images/res_95b6e8ae9fc1d9500318b834954381f1.jpg?width=720&height=720&hash=FE2257139A27E8A28ED3A1F64566B81A,1.8 inch,,160 x 128,,800 mAh,,Li-Ion,16 MB,8 MB,MicroSD
"Smartphone Motorola moto g06 power, 6.88"", 4GB RAM, 64GB, 7000mAh, Dual SIM, Khaki","825,62 Lei",825.62 Lei,4.33(3),https://www.emag.ro/smartphone-motorola-moto-g06-power-6-88-4gb-ram-64gb-7000mah-dual-sim-khaki-tkomotsza0504/pd/DPTDLL3BM/,https://s13emagst.akamaized.net/products/105914/105913000/images/res_dac89d1ae8d5ce429e5bc21a2310a964.jpg?width=720&height=720&hash=10D64EA5BC485BAB9790B4B58C6B2762,,,,,,,,4 GB,64 GB,
"Telefon mobil INFINIX HOT 50 Pro, 8GB, 256GB, 4G, GLACIER BLUE","899,99 Lei",899.99 Lei,5(2),https://www.emag.ro/telefon-mobil-infinix-hot-50-pro-8gb-256gb-4g-glacier-blue-10063983/pd/DN080GYBM/,https://s13emagst.akamaized.net/products/84366/84365548/images/res_d6bcf568678c2a7798c028824f13f90b.jpg?width=720&height=720&hash=E8FB8936AC466B408CFEAB96BB45B4B9,6.78 inch,,1080 x 2436,AMOLED,5000 mAh,,,8 GB,256 GB,
"Telefon mobil Xiaomi Poco X7, 5G, 12GB RAM, 512GB, verde, dual SIM, rezistent la apa","1.479,99 Lei",1479.99 Lei,,https://www.emag.ro/telefon-mobil-xiaomi-poco-x7-5g-12gb-ram-512gb-verde-dual-sim-rezistent-la-apa-6932554429201/pd/DRNP283BM/,https://s13emagst.akamaized.net/products/111878/111877041/images/res_32f6a6870fe1e556687195be23e9f6a3.jpg?width=720&height=720&hash=9C42875D273FA4AC01B794534DEB2275,,,,,,,,12 GB,512 GB,
"Telefon mobil Samsung Galaxy Z Flip3, 8GB RAM, 128GB, 5G, CREAM","5.071,50 Lei",5071.50 Lei,3.89(104),https://www.emag.ro/telefon-mobil-samsung-galaxy-z-flip3-8gb-ram-128gb-5g-cream-sm-f711bzeaeue/pd/DWD4BPMBM/,https://s13emagst.akamaized.net/products/39730/39729878/images/res_b3c65647b1581efd98676e9faf323bd8.jpg?width=720&height=720&hash=5B8637180591E7B3B106672234A24637,6.7 inch,"FHD+
425 PPI
Pliabil
FHD",2640 x 1080,Dynamic AMOLED,3300 mAh,,,8 GB,128 GB,
"Telefon mobil Xiaomi Redmi Note 11, 4GB RAM, 64GB, Twilight Blue","887,00 Lei",887.00 Lei,4.26(158),https://www.emag.ro/telefon-mobil-xiaomi-redmi-note-11-4gb-ram-64gb-twilight-blue-redmi-note-11-twilight-blue-4-64-gb/pd/D87SBJMBM/,https://s13emagst.akamaized.net/products/43423/43422007/images/res_44a613a5088fe51150d6fd1626fdb937.jpg?width=720&height=720&hash=DD3401419FDAD91F2442E04C30F8895D,6.43 inch,"Corning Gorilla Glass 3
DCI-P3
409 ppi
700 niti (HBM) - 1000 (Maxim)",2400 x 1080,AMOLED,5000 mAh,,Li-Po,4 GB,64 GB,MicroSD
"Telefon mobil Allview M20 LUNA, Rosu","149,00 Lei",149.00 Lei,4.24(50),https://www.emag.ro/telefon-mobil-allview-m20-luna-rosu-m20lunared/pd/DL3TBHYBM/,https://s13emagst.akamaized.net/products/67424/67423874/images/res_e57da6f7cc6090ccf88c1405faae37c1.jpg?width=720&height=720&hash=7C8183290DBF29F90F2064291C1EA337,2.8 inch,,240 x 320,TFT,1750 mAh,Da,Li-Ion,32 MB,32 MB,MicroSD
"Telefon Motorola Moto g75, 256GB, 8GB RAM, 5G, Succulent Green","999,99 Lei",999.99 Lei,4.6(10),https://www.emag.ro/telefon-motorola-moto-g75-256gb-8gb-ram-5g-succulent-green-pb3y0008pl/pd/D5T4J6YBM/,https://s13emagst.akamaized.net/products/82689/82688527/images/res_9be50ca1e0eb86f3b3584568bca7f073.jpg?width=720&height=720&hash=CE5E2D4B5C0D17079FDA0D905F280F94,6.78 inch,"120 Hz
387 PPI",2388 x 1080,LCD,5000 mAh,,,8 GB,256 GB,MicroSD
"Telefon mobil realme GT6, 12GB RAM, 256GB, 5G, Fluid Silver","3.040,24 Lei",3040.24 Lei,4.58(33),https://www.emag.ro/telefon-mobil-realme-gt6-12gb-ram-256gb-5g-fluid-silver-631002001226/pd/D5XNGJYBM/,https://s13emagst.akamaized.net/products/72908/72907654/images/res_7411692be8116c79239f4ccd3a66fc42.jpg?width=720&height=720&hash=414AA80411978D19031AE9DFEC8198A4,6.78 inch,"FHD+
Rata de refresh 120 Hz",2780 x 1264,,5500 mAh,,,12 GB,256 GB,
"Telefon mobil mini cu ecran dublu, butoane mari, lanterna LED, camera foto, 2 x Nano SIM, player muzical, radio, mov","193,60 Lei",193.60 Lei,1(1),https://www.emag.ro/telefon-mobil-mini-cu-ecran-dublu-butoane-mari-lanterna-led-camera-foto-2-x-nano-sim-player-muzical-radio-mov-d5mwtwybm/pd/D5MWTWYBM/,https://s13emagst.akamaized.net/products/85202/85201356/images/res_6953e7cc5ebbc6b83c9dc709b102372a.jpg?width=720&height=720&hash=6A1B770A611120B73365424A0CC45DA5,1.77 inch,,,IPS,3000 mAh,,Li-Ion,32 MB,32 MB,MicroSD
"Telefon mobil Xiaomi 14, 12GB RAM, 256GB, 5G, Black","3.781,37 Lei",3781.37 Lei,4.56(77),https://www.emag.ro/telefon-mobil-xiaomi-14-12gb-ram-256gb-5g-black-xm-x14bk-256/pd/DJH4CPYBM/,https://s13emagst.akamaized.net/products/68955/68954990/images/res_cacef7210905cd4593740917302b0359.jpg?width=720&height=720&hash=2618E7823EBF68E6FE4358C3A4B00441,6.36 inch,"Dolby Vision
HDR10+
120 Hz
68B colors
1000 nits (typ)
3000 nits (peak)",1200 x 2670,"OLED
LTPO",4610 mAh,Da,Li-Po,12 GB,256 GB,
"Telefon mobil HMD 150 Music, Dual SIM, baterie 2500 mAh, Dark Grey","204,99 Lei",204.99 Lei,3.5(2),https://www.emag.ro/telefon-mobil-hmd-150-music-dual-sim-baterie-2500-mah-dark-grey-sp01z07z2205y/pd/DSQWRT3BM/,https://s13emagst.akamaized.net/products/93127/93126466/images/res_02252e1238740f7481f024ec68d08a36.jpg?width=720&height=720&hash=ADBC2F50C25FF16C713C55CB1B0D2864,2.4 inch,QVGA,,,2500 mAh,Nu,,8 MB,8 MB,MicroSD
"Telefon mobil ZTE nubia Music 2, Dual SIM, 4GB, 128GB, 4G, Pop Art","649,99 Lei",649.99 Lei,3(2),https://www.emag.ro/telefon-mobil-zte-nubia-music-2-dual-sim-4gb-128gb-4g-pop-art-z2460pop/pd/DXSX0S3BM/,https://s13emagst.akamaized.net/products/101899/101898253/images/res_17ba37110e03382303f5685ea31f94a4.jpg?width=720&height=720&hash=72C8885AE2357A215A0BD63EC935B251,6.7 inch,,720 x 1612,LCD,5000 mAh,Nu,,4 GB,128 GB,MicroSDXC
"Telefon mobil Ulefone Power Armor 18T Ultra Negru, 5G, 108MP, Camera termica, IPS 6.58"", 24GB RAM (12GB+ 12GB extensibili), 512 GB ROM, Android 13, Dimensity7050, Dual SIM","2.612,47 Lei",2612.47 Lei,4(1),https://www.emag.ro/telefon-mobil-ulefone-power-armor-18t-ultra-negru-5g-108mp-camera-termica-ips-6-58-24gb-ram-12gb-12gb-extensibili-512-gb-rom-android-13-dimensity7050-dual-sim-6937748735748/pd/DYJSCKYBM/,https://s13emagst.akamaized.net/products/58267/58266289/images/res_8c9c33bafe3baa81a1614801118c7613.jpg?width=720&height=720&hash=630FEAA2677FFEAFCFD7A6C02E650801,6.58 inch,Capacitive multi-point touch,2408 x 1080,IPS,,,Li-Po,12 GB,512 GB,MicroSD
"Telefon mobil Samsung Galaxy A03, 64GB, 4GB RAM, 4G, Black","915,12 Lei",915.12 Lei,4.47(127),https://www.emag.ro/telefon-mobil-samsung-galaxy-a03-64gb-4gb-ram-4g-black-sm-a035gzkgeue-798/pd/D0M0RJMBM/,https://s13emagst.akamaized.net/products/44160/44159913/images/res_2c2cdbceb7870f675bd6a7efc1ab00f0.jpg?width=720&height=720&hash=13D0A71E70201F8A8CEC5270263AB980,6.5 inch,16M adancime de culoare,720 x 1600,"LCD
PLS
TFT",5000 mAh,,Li-Po,4 GB,64 GB,MicroSD
"Telefon mobil Doogee Blade GT Ultra, 5G, Dual SIM, Octa-Core Dimensity 7300, 512GB, 16GB RAM, 6.72' 120Hz IPS, RGB Light, NFC, IP68/IP69K, Android 14, Black","1.999,99 Lei",1999.99 Lei,,https://www.emag.ro/telefon-mobil-doogee-blade-gt-ultra-5g-dual-sim-octa-core-dimensity-7300-512gb-16gb-ram-6-72-120hz-ips-rgb-light-nfc-ip68-ip69k-android-14-black-00003166/pd/DJJN683BM/,https://s13emagst.akamaized.net/products/112560/112559559/images/res_f8a708ffb9fccd3de423e1596032ac51.png?width=720&height=720&hash=1ED4AEC9F9058BCA41D20614DAB998F2,6.72 inch,"120 Hz
Touch screen",2400 x 1080,IPS,5500 mAh,Da,Li-Po,16 GB,512 GB,MicroSD
"Telefon ASUS ROG Phone 9 Fun Edition, Dual SIM, 512GB, 12GB RAM, 5G, Black","4.799,99 Lei",4799.99 Lei,,https://www.emag.ro/telefon-asus-rog-phone-9-fun-edition-dual-sim-512gb-12gb-ram-5g-black-ai2401-7b112id/pd/DWTV983BM/,https://s13emagst.akamaized.net/products/112181/112180650/images/res_9d41f53171fa805e2f46349415601a09.jpg?width=720&height=720&hash=BB74A423C6CDDAED2FE0B485F7D63AAD,6.78 inch,"HDR10
FHD+
Always On
1600 nits (HBM)
2500 nits peak
Corning Gorilla Glass Victus 2
Rata refresh 185Hz
185 Hz",2400 x 1080,AMOLED,5500 mAh,Da,Li-Po,12 GB,512 GB,
"Telefon mobil OPPO A5 Pro, Mediatek Dimensity 6300, Dual SIM, 8GB/256GB, 5G, Verde Masliniu","1.000,00 Lei",1000.00 Lei,,https://www.emag.ro/telefon-mobil-oppo-a5-pro-mediatek-dimensity-6300-dual-sim-8gb-256gb-5g-verde-masliniu-6932169366311/pd/D9Q0N13BM/,https://s13emagst.akamaized.net/products/107407/107406923/images/res_3f628210eba4c4501b17809eb999f739.jpg?width=720&height=720&hash=7624757E840B7091B527D076F4E98A7C,6.67 inch,,,,,,,8 GB,256 GB,
"Telefon mobil OnePlus 8 Pro, Dual SIM, 256GB, 12GB RAM, 5G, Glacial Green","5.184,50 Lei",5184.50 Lei,4.38(76),https://www.emag.ro/telefon-mobil-oneplus-8-pro-dual-sim-256gb-12gb-ram-5g-glacial-green-oneplus-8-pro-12-256-green/pd/DPBN7MMBM/,https://s13emagst.akamaized.net/products/29711/29710288/images/res_c9ec2777aeaa072e8bb5432d1f4d8594.jpg?width=720&height=720&hash=0049C8DDFB4D4E019E7BA9DF8FF2FE35,6.78 inch,513 PPI,3168 x 1440,Fluid AMOLED,4510 mAh,,Li-Po,12 GB,256 GB,
"Telefon mobil OnePlus 8T, Dual SIM, 128GB, 8GB RAM, 5G, Lunar Silver","2.927,18 Lei",2927.18 Lei,4.49(170),https://www.emag.ro/telefon-mobil-oneplus-8t-dual-sim-128gb-8gb-ram-5g-lunar-silver-5011101268/pd/DRB0K2MBM/,https://s13emagst.akamaized.net/products/32572/32571198/images/res_e9877d8bdf5f67881f89a520b28e12fa.jpg?width=720&height=720&hash=63A48BDB33739519AFF597F39EAEAC4F,6.55 inch,"402 PPI
120 Hz",2400 x 1080,Fluid AMOLED,4500 mAh,,Li-Po,8 GB,128 GB,
"Telefon mobil Blackview WAVE 8, 4G, 6.56"" HD+, 4G Octa-Core, 13MP+8MP AI Camera 5000mAh/10W Cell Phone, 12GB Ram(4GB + 8GB / 2TB), 256GB Rom, Android 15, 5000mAh, 90hz, GPS/Fingerprint/Face ID, Negru","599,99 Lei",599.99 Lei,5(1),https://www.emag.ro/telefon-mobil-blackview-wave-8-4g-6-56-hd-4g-octa-core-13mp-8mp-ai-camera-5000mah-10w-cell-phone-12gb-ram-4gb-8gb-2tb-256gb-rom-android-15-5000mah-90hz-gps-fingerprint-face-id-negru-wave8-4-256-negru-/pd/DS02ZT3BM/,https://s13emagst.akamaized.net/products/93012/93011673/images/res_2b271b78857e31abeb524afab561133b.jpg?width=720&height=720&hash=6A8B2814E118DBA5D2C7113E1138F468,6.56 inch,90 Hz,720 x 1612,IPS,5000 mAh,Da,Li-Ion,4 GB,256 GB,MicroSD
"Telefon mobil Xiaomi A5, Unisoc T7250, 4G, Dual Sim, 128GB/4GB, Negru","441,65 Lei",441.65 Lei,,https://www.emag.ro/telefon-mobil-xiaomi-a5-unisoc-t7250-4g-dual-sim-128gb-4gb-negru-59696558/pd/DW50N13BM/,https://s13emagst.akamaized.net/products/107408/107407001/images/res_320e832db26dee2f1249cfd5b6bf5d25.jpg?width=720&height=720&hash=730B1B2AAF3F8D3F539D6B1DB6D176E8,6.88 inch,,,,,,,4 GB,128 GB,
"Telefon OnePlus Nord 5 Black Edition, Dual SIM, 12GB RAM, 512GB, 5G, Dry Ice","2.343,77 Lei",2343.77 Lei,5(11),https://www.emag.ro/telefon-oneplus-nord-5-black-edition-dual-sim-12gb-ram-512gb-5g-dry-ice-5011113304blackedition/pd/DDJWJX3BM/,https://s13emagst.akamaized.net/products/98400/98399214/images/res_b41e4f16d0cfe1918699fa49e41486a6.jpg?width=720&height=720&hash=763FB92747A20F86A5EEDE7B0D378CC1,6.83 inch,"FHD+
450 ppi
Rata de reimprospatare de 144 Hz",2800 x 1272,AMOLED,5200 mAh,Nu,Li-Ion,12 GB,512 GB,
"Telefon Mobil Poco M4 5G, Procesor MediaTek MT6833 Dimensity 700, IPS LCD 6.58"", 4GB RAM, 64GB Flash, Camera Duala 13+2MP, Wi-Fi, 5G, Dual Sim, Android, Negru","486,00 Lei",486.00 Lei,3(2),https://www.emag.ro/telefon-mobil-poco-m4-5g-procesor-mediatek-mt6833-dimensity-700-ips-lcd-6-58-4gb-ram-64gb-flash-camera-duala-13-2mp-wi-fi-5g-dual-sim-android-negru-22210189/pd/DZRXTGMBM/,https://s13emagst.akamaized.net/products/55634/55633087/images/res_2c083eb9235c9d391582116363df9450.png?width=720&height=720&hash=8EF6F438E43054A164A376724E982EAC,6.58 inch,,1080 x 2408,"LCD
IPS",5000 mAh,Da,Li-Po,4 GB,64 GB,MicroSDXC
"Telefon mobil Xiaomi Redmi 14C, 8GB RAM, 128GB, Sage Green","1.199,00 Lei",1199.00 Lei,4.52(207),https://www.emag.ro/telefon-mobil-xiaomi-redmi-14c-8gb-ram-128gb-sage-green-xm-rd14c-8g-128sg/pd/DKDTJV3BM/,https://s13emagst.akamaized.net/products/79027/79026437/images/res_e11a21b3a154a0c0b86cdf935b0ec225.jpg?width=720&height=720&hash=4538C63643402F5613DCC40E2E19CE52,6.88 inch,"120 Hz
450 nits (typ)
600 nits (HBM)",720 x 1640,"LCD
IPS",5160 mAh,,,8 GB,128 GB,MicroSDXC
"Telefon mobil Xiaomi Redmi 12, 4GB RAM, 128GB, 4G, Sky Blue","1.035,03 Lei",1035.03 Lei,4.28(262),https://www.emag.ro/telefon-mobil-xiaomi-redmi-12-4gb-ram-128gb-4g-sky-blue-mzb0ecyeu/pd/D866PBYBM/,https://s13emagst.akamaized.net/products/57643/57642606/images/res_932d89e0e0e4a9f700a401a269dfeba8.jpg?width=720&height=720&hash=C8EC2AFC775137C226B22B2B11037375,6.79 inch,"FHD+
DotDisplay",2460 x 1080,,5000 mAh,,,4 GB,128 GB,
"Telefon mobil Xiaomi 15T Pro, 12GB RAM, 256GB, 5G, Black","3.435,99 Lei",3435.99 Lei,,https://www.emag.ro/telefon-mobil-xiaomi-15t-pro-12gb-ram-256gb-5g-black-mzb0kuheu/pd/D4FTYC3BM/,https://s13emagst.akamaized.net/products/104425/104424666/images/res_e7673622a9c14f3e5a08ac7f0ac1948c.png?width=720&height=720&hash=6CAE1D9BB9EC6623D9D8A74A0DFAFEB8,,,,,,,,12 GB,256 GB,
"Telefon mobil Motorola Moto G15 Power, Dual SIM, 512GB, 8GB RAM, Verde Iguana","732,05 Lei",732.05 Lei,,https://www.emag.ro/telefon-mobil-motorola-moto-g15-power-dual-sim-512gb-8gb-ram-verde-iguana-61958204/pd/D4GHK83BM/,https://s13emagst.akamaized.net/products/111996/111995858/images/res_7a7e252f71001695f2e60afc82e3e283.jpg?width=720&height=720&hash=3AF4C8C39181FB20E752785FA38E46F2,6.72 inch,,,,,,,8 GB,512 GB,
"Telefon Mobil Nokia 110 4G, Ecran 1.8 inch, Dual SIM, Memorie 128 MB RAM, 48 MB, Permite card SD, Camera Foto-Video, Bluetooth, Black 2023 Edition","242,00 Lei",242.00 Lei,3.83(6),https://www.emag.ro/telefon-mobil-nokia-110-4g-ecran-1-8-inch-dual-sim-memorie-128-mb-ram-48-mb-permite-card-sd-camera-foto-video-bluetooth-black-2023-edition-idl-nokia110/pd/DK0X7BYBM/,https://s13emagst.akamaized.net/products/57421/57420068/images/res_3af471f999f368206a8063d170879ee4.jpg?width=720&height=720&hash=0D0842A2BA42EFDA315D7BAE6723A657,1.8 inch,,,,,Da,,128 MB,48 MB,
"Telefon mobil Samsung Galaxy A15, Dual SIM, 4GB RAM, 128GB, 4G, Light Blue","1.099,00 Lei",1099.00 Lei,4.61(38),https://www.emag.ro/telefon-mobil-samsung-galaxy-a15-dual-sim-4gb-ram-128gb-4g-light-blue-sm-a155fd-128gb-4gb-light-blue/pd/DS07NKYBM/,https://s13emagst.akamaized.net/products/64920/64919721/images/res_097cf055a0715c926d1fd4ef76377a8c.jpg?width=720&height=720&hash=8C5EE4B534923CBBDCE52B4F9FAF8C51,6.5 inch,90 Hz,1080 x 2340,Super AMOLED,5000 mAh,,Li-Ion,4 GB,128 GB,MicroSDXC
"Telefon mobil Samsung Galaxy A06, Dual SIM, 128GB, 6GB RAM, 5G, 6.7 inch, Light Green","699,00 Lei",699.00 Lei,4.5(4),https://www.emag.ro/telefon-mobil-samsung-galaxy-a06-dual-sim-128gb-6gb-ram-5g-6-7-inch-light-green-sm-a066blgh/pd/D2840J3BM/,https://s13emagst.akamaized.net/products/100981/100980830/images/res_7f8d01896c3908519d61e7f6c5d4c2dc.jpg?width=720&height=720&hash=1C15EBB18A1625868532D391B2066E08,6.7 inch,262 ppi,720 x 1600,"LCD
PLS",5000 mAh,Nu,,6 GB,128 GB,MicroSDXC
"Telefon mobil OnePlus 8 Pro, Dual SIM, 256GB, 12GB RAM, 5G, Ultramarine Blue","5.184,50 Lei",5184.50 Lei,4.38(76),https://www.emag.ro/telefon-mobil-oneplus-8-pro-dual-sim-256gb-12gb-ram-5g-ultramarine-blue-oneplus-8-pro-12-256-blue/pd/DXBN7MMBM/,https://s13emagst.akamaized.net/products/29711/29710287/images/res_b507de50b40a00cbd1bcf013d501fa68.jpg?width=720&height=720&hash=C1E91DEBCE7AFAEECCAA161408FF8426,6.78 inch,513 PPI,3168 x 1440,Fluid AMOLED,4510 mAh,,Li-Po,12 GB,256 GB,
"Telefon mobil Xiaomi Redmi 14C, 8GB RAM, 128GB, Starry Blue","1.199,00 Lei",1199.00 Lei,4.52(207),https://www.emag.ro/telefon-mobil-xiaomi-redmi-14c-8gb-ram-128gb-starry-blue-xm-rd14c-8g-128sb/pd/DS0TJV3BM/,https://s13emagst.akamaized.net/products/79027/79026436/images/res_ff1bc7083ec6f18a9606584b61a6926c.jpg?width=720&height=720&hash=4E1C5836EAC311E1F02AD7A325286141,6.88 inch,"120 Hz
450 nits (typ)
600 nits (HBM)",720 x 1640,"LCD
IPS",5160 mAh,,,8 GB,128 GB,MicroSDXC
"Telefon mobil OPPO Reno8, Dual SIM, 256GB, 8GB RAM, 5G, Shimmer Black","1.388,00 Lei",1388.00 Lei,4.53(15),https://www.emag.ro/telefon-mobil-oppo-reno8-dual-sim-256gb-8gb-ram-5g-shimmer-black-6045942/pd/DGKB3ZMBM/,https://s13emagst.akamaized.net/products/49037/49036263/images/res_099f808a4e3f7e6324be02c5acec0099.jpg?width=720&height=720&hash=346AC0A6760B1A99D5EA47D3E5D9D5DE,6.43 inch,"16.7 milioane culori
409 ppi
Rata de reimprospatare de 90 Hz
800 nits",2400 x 1080,AMOLED,4500 mAh,Da,Li-Po,8 GB,256 GB,
"Telefon Mobil Motorola Moto G04, Procesor Unisoc T606 Octa-Core, IPS LCD touchscreen 6.56"", 4GB RAM, 128GB Flash, Camera 16 MP, Wi-Fi, 4G, Dual Sim, Android Verde","450,00 Lei",450.00 Lei,5(1),https://www.emag.ro/telefon-mobil-motorola-moto-g04-procesor-unisoc-t606-octa-core-ips-lcd-touchscreen-6-56-4gb-ram-128gb-flash-camera-16-mp-wi-fi-4g-dual-sim-android-verde-pb130051pl/pd/DJZTMQYBM/,https://s13emagst.akamaized.net/products/79461/79460022/images/res_65b75a967e1f16e8dd3d23fbab063500.png?width=720&height=720&hash=9A14C06622A698AF22824F99B382D9B6,,,,,5000 mAh,,,4 GB,128 GB,
"Telefon mobil OnePlus Open, 512GB, 16GB RAM, 5G, Voyager Black","7.699,00 Lei",7699.00 Lei,4.8(5),https://www.emag.ro/telefon-mobil-oneplus-open-512gb-16gb-ram-5g-voyager-black-op-on16vygblk/pd/DLK86TYBM/,https://s13emagst.akamaized.net/products/64555/64554483/images/res_2edaa58acc7e907879a306b39636a0e5.jpg?width=720&height=720&hash=F13279615D06AAC33A815BD52F4A9A1B,7.82 inch,"Dolby Vision
120 Hz
1B colors
2800 nits peak",2268 x 2440,Fluid AMOLED,4805 mAh,,Li-Po,16 GB,512 GB,
"Telefon mobil Realme C75, 8GB RAM, 256GB, Lightning Gold","749,70 Lei",749.70 Lei,4.5(2),https://www.emag.ro/telefon-mobil-realme-c75-8gb-ram-256gb-lightning-gold-kxg0219786/pd/DFG328YBM/,https://s13emagst.akamaized.net/products/83240/83239851/images/res_c45d7b266c85bec755ff2a6c2ecbaa9a.jpg?width=720&height=720&hash=22554815473F6ABD7688FBE8FACE831A,6.72 inch,"90 Hz
580 nits (typ)
690 nits (HBM)",1080 x 2400,"LCD
IPS",6000 mAh,,,8 GB,256 GB,MicroSDXC
"Telefon mobil Blackview WAVE 8, 4G, 6.56"" HD+, 4G Octa-Core, 13MP+8MP AI Camera 5000mAh/10W Cell Phone, 12GB Ram(4GB + 8GB / 2TB), 128GB Rom, Android 15, 5000mAh, GPS/Fingerprint/Face ID, Albastru","499,98 Lei",499.98 Lei,5(1),https://www.emag.ro/telefon-mobil-blackview-wave-8-4g-6-56-hd-4g-octa-core-13mp-8mp-ai-camera-5000mah-10w-cell-phone-12gb-ram-4gb-8gb-2tb-128gb-rom-android-15-5000mah-gps-fingerprint-face-id-albastru-wave8-4-128-albastru/pd/DK04T33BM/,https://s13emagst.akamaized.net/products/88886/88885130/images/res_acbe0577471c620b82b556852c3c649b.jpg?width=720&height=720&hash=AF85CF306462E39A00320A948EC95D99,6.56 inch,90 Hz,720 x 1612,IPS,5000 mAh,Nu,Li-Ion,4 GB,128 GB,MicroSD
"Telefon mobil HONOR X7d, Dual SIM, 6GB RAM, 128GB ROM, Meteor Silver - Casti Honor Choice Earbuds X7e Active incluse","799,99 Lei",799.99 Lei,4.75(4),https://www.emag.ro/telefon-mobil-honor-x7d-dual-sim-6gb-ram-128gb-rom-meteor-silver-casti-honor-choice-earbuds-x7e-active-incluse-5109bybb-5504adcy/pd/D56LXS3BM/,https://s13emagst.akamaized.net/products/101996/101995637/images/res_88ade86ec34ee9f5b5cc7bc5d573823d.jpg?width=720&height=720&hash=B6E4D49EE073AB1C113EB42DF2DD931A,6.77 inch,"120 Hz
700 nits",1610 x 720,LCD,6500 mAh,Nu,,6 GB,128 GB,
"Telefon mobil Poco F6, 12GB RAM, 512GB, 5G, Green","1.800,00 Lei",1800.00 Lei,4.72(25),https://www.emag.ro/telefon-mobil-poco-f6-12gb-ram-512gb-5g-green-pco-f6grn512gb/pd/DW733JYBM/,https://s13emagst.akamaized.net/products/72128/72127079/images/res_986b00c53d682f3e4a545b5cccf8e0e0.jpg?width=720&height=720&hash=9DA1321B6131D486B2713540649DF170,6.67 inch,"Dolby Vision
HDR10+
120 Hz
68B colors
1200 niti HBM
2400 nits (peak)
500 nits (typ)",1220 x 2712,AMOLED,5000 mAh,,,12 GB,512 GB,
"Telefon mobil ZTE nubia NEO 3, Dual SIM, 8GB, 256GB, 5G, Shadow Black","1.049,88 Lei",1049.88 Lei,,https://www.emag.ro/telefon-mobil-zte-nubia-neo-3-dual-sim-8gb-256gb-5g-shadow-black-123449501254/pd/DN2WZC3BM/,https://s13emagst.akamaized.net/products/105043/105042238/images/res_dffb197c295bc6b8449389846948a5d5.jpg?width=720&height=720&hash=495F622BA1666555BD898A71093BF132,6.8 inch,"16 milioane de culori
FHD",900 x 2030,AMOLED,5200 mAh,,,8 GB,256 GB,
"Telefon mobil Google Pixel 9 Pro, 512GB, 16GB RAM, 5G, Hazel","6.649,99 Lei",6649.99 Lei,4.52(81),https://www.emag.ro/telefon-mobil-google-pixel-9-pro-512gb-16gb-ram-5g-hazel-ga05972-gb/pd/DNZKQVYBM/,https://s13emagst.akamaized.net/products/74606/74605036/images/res_2013bcd3a5cfbe1e1b5824811da047d2.jpg?width=720&height=720&hash=D62D15E88E77DCFD6DF98727B6AAB94E,6.32 inch,"HDR10+
Refresh rate 120Hz
3000 nits (varf)
495 PPI",1280 x 2856,P-OLED,4700 mAh,Nu,Li-Ion,16 GB,512 GB,
"Telefon mobil Xiaomi Redmi 15, 8GB RAM, 256GB, Titan Gray","810,81 Lei",810.81 Lei,3(2),https://www.emag.ro/telefon-mobil-xiaomi-redmi-15-8gb-ram-256gb-titan-gray-mzb0l15eu/pd/D758VJ3BM/,https://s13emagst.akamaized.net/products/101228/101227727/images/res_8908a01d4d866452a11010adda4fe405.jpg?width=720&height=720&hash=A6F6A473CC2C9F5E3F62E76BE3A416FF,6.9 inch,144 Hz,1080 x 2340,"LCD
IPS",7000 mAh,Nu,,8 GB,256 GB,MicroSDXC
"Telefon mobil INFINIX ZERO 40, 12GB RAM, 512GB, 5G, Titanium","2.402,90 Lei",2402.90 Lei,4.33(3),https://www.emag.ro/telefon-mobil-infinix-zero-40-12gb-ram-512gb-5g-titanium-10062141/pd/DBY4S1YBM/,https://s13emagst.akamaized.net/products/79025/79024053/images/res_4a70a1ae4f0871e6d46aa2653d826911.jpg?width=720&height=720&hash=34535B72D5DA09956644887DD2EBD660,6.78 inch,"HDR
Luminozitate 1300 niti
Rata de reimprospatare de 144 Hz",1080 x 2436,AMOLED,5000 mAh,,,12 GB,512 GB,
"Telefon mobil Samsung Galaxy A06, MediaTek Dimensity 6300, 6.7"", 6GB RAM, 128GB, Dual SIM, 5G, Gri","699,00 Lei",699.00 Lei,4.5(4),https://www.emag.ro/telefon-mobil-samsung-galaxy-a06-mediatek-dimensity-6300-6-7-6gb-ram-128gb-dual-sim-5g-gri-sm-a066blah/pd/DY840J3BM/,https://s13emagst.akamaized.net/products/100981/100980828/images/res_eb3dea817bca58dd3a062eca316b417a.jpg?width=720&height=720&hash=23A8A1DCF43DA0D6CDFF1913B7ED3CEE,6.7 inch,262 ppi,720 x 1600,"LCD
PLS",5000 mAh,Nu,,6 GB,128 GB,MicroSDXC
"Telefon mobil Motorola Moto g15, 4GB RAM, 128GB, Glacier Blue","492,00 Lei",492.00 Lei,4.4(25),https://www.emag.ro/telefon-mobil-motorola-moto-g15-4gb-ram-128gb-glacier-blue-mto-mtglbl4gb/pd/DMR8VJ3BM/,https://s13emagst.akamaized.net/products/101228/101227711/images/res_70f7f60fe5d8b0917e6ffb84e3387f78.jpg?width=720&height=720&hash=4E8A581C1DDCAD4403E6DE070EADBDD3,6.72 inch,,1080 x 2400,"LCD
IPS",5200 mAh,Nu,,4 GB,128 GB,MicroSDXC
"Telefon mobil Nokia C22, Dual SIM, 64GB, 2GB RAM, Charcoal","507,39 Lei",507.39 Lei,3.68(22),https://www.emag.ro/telefon-mobil-nokia-c22-dual-sim-64gb-2gb-ram-charcoal-sp01z01z3268y/pd/DRZKC8MBM/,https://s13emagst.akamaized.net/products/55092/55091954/images/res_4816b64c2e93343f97b62bbc178b9d6a.jpg?width=720&height=720&hash=71B1C486B12650583DBFFF55434D4FE8,6.5 inch,,720 x 1600,,5000 mAh,,,2 GB,64 GB,MicroSDXC
"Telefon mobil Oukitel C6, Dual SIM, 5G, Octa-Core Dimensity 6300, IPS 6.8-inch 90Hz HD+, 32GB RAM, 256GB, 50MP, 5150mAh, Android 15, Gold","975,99 Lei",975.99 Lei,,https://www.emag.ro/telefon-mobil-oukitel-c6-dual-sim-5g-octa-core-dimensity-6300-ips-6-8-inch-90hz-hd-32gb-ram-256gb-50mp-5150mah-android-15-gold-00003143/pd/DKVHK83BM/,https://s13emagst.akamaized.net/products/111996/111995506/images/res_90c05ffb3aa33a11d7c27769789b42b6.png?width=720&height=720&hash=80E53DAEA3148840020C681D4E2D6846,6.8 inch,"Corning Gorilla Glass
Touch screen",720 x 1600,IPS,5150 mAh,Da,Li-Po,32 GB,256 GB,MicroSD
"Telefon mobil OnePlus 15, Dual SIM, 16GB RAM, 512GB, 5G, Ultra Violet","6.000,00 Lei",6000.00 Lei,,https://www.emag.ro/telefon-mobil-oneplus-15-dual-sim-16gb-ram-512gb-5g-ultra-violet-64341601/pd/DSGHK83BM/,https://s13emagst.akamaized.net/products/111996/111995856/images/res_ebaafc331a14f8555a0354d4ad1c31c7.jpg?width=720&height=720&hash=49CFCCC59CF47E14A3B9A7DB4E431124,6.78 inch,,,,,,,16 GB,512 GB,
"Telefon mobil Ulefone Note 16 Pro, Dual SIM, 4G, Octa-Core, 6.52-inch IPS HD+, 8GB RAM / 128GB, Camera 50MP + 8MP, Android 13, Serenity Blue","521,53 Lei",521.53 Lei,,https://www.emag.ro/telefon-mobil-ulefone-note-16-pro-dual-sim-4g-octa-core-6-52-inch-ips-hd-8gb-ram-128gb-camera-50mp-8mp-android-13-serenity-blue-00002913/pd/DFNGF53BM/,https://s13emagst.akamaized.net/products/110375/110374027/images/res_9b307884a76e75d38cbf55715ac7407b.png?width=720&height=720&hash=42FFF314117E8526446196F062709F7A,6.52 inch,"60 Hz
Touch screen",720 x 1600,IPS,4400 mAh,Da,Li-Po,8 GB,128 GB,MicroSD
"Telefon mobil Google Pixel 3 XL, 64GB, Clearly White","1.016,80 Lei",1016.80 Lei,5(3),https://www.emag.ro/telefon-mobil-google-pixel-3-xl-64gb-clearly-white-bt-6426390162373/pd/DGL514BBM/,https://s13emagst.akamaized.net/products/18258/18257758/images/res_c38c4c742ca1e3ce367ba7b5d56da264.jpg?width=720&height=720&hash=01D0992064CA4E8A25ECD6E0C68D4760,6.3 inch,Corning Gorilla Glass 5,1440 x 2960,P-OLED,3430 mAh,,Li-Po,4 GB,64 GB,
"Pachet promo: Telefon mobil Blackview BV4800 SE, 4G, Rezistent la praf/anti-picatura/impermeabil, 12GB Ram(4GB + 8GB extensibili), 128GB, Android 15, 5100mAh, NFC, Portocaliu + Casti wireless Blackview®️ cu anulare integrala a zgomotului, Casti Bluetooth 5.3, Distanta Bluetooth de 10 metri, Control touch, Rezistente la apa, Sport, Compatibilitate Universala, Negru","687,69 Lei",687.69 Lei,1(1),https://www.emag.ro/telefon-mobil-blackview-bv4800-se-4g-rezistent-la-praf-anti-picatura-impermeabil-12gb-ram-4gb-8gb-extensibili-128gb-android-15-5100mah-nfc-portocaliu-bv4800se-4-64-orange-01/pd/DM94T33BM/,https://s13emagst.akamaized.net/layout/ro/static-upload/promo-pack-icon-06052025.svg,6.56 inch,90 Hz,720 x 1612,IPS,5100 mAh,Nu,Li-Ion,12 GB,128 GB,SD
"Telefon mobil OPPO Reno14, Mediatek Dimensity 8350, Dual SIM, 12GB/512GB, 5G, Verde","2.675,01 Lei",2675.01 Lei,,https://www.emag.ro/telefon-mobil-oppo-reno14-mediatek-dimensity-8350-dual-sim-12gb-512gb-5g-verde-63442047/pd/DG87JZ3BM/,https://s13emagst.akamaized.net/products/106688/106687273/images/res_93467470ccfd7bcb8b21f51c313841ae.jpg?width=720&height=720&hash=731B617C135ADE57D52E546435E550F3,6.59 inch,,,,,Nu,,12 GB,512 GB,
"Telefon mobil Samsung Galaxy Z Fold5, 12GB RAM, 512GB, 5G, Icy Blue","6.349,00 Lei",6349.00 Lei,4.49(47),https://www.emag.ro/telefon-mobil-samsung-galaxy-z-fold5-12gb-ram-512gb-5g-icy-blue-sm-f946blbceue/pd/D49MFMYBM/,https://s13emagst.akamaized.net/products/58631/58630100/images/res_13ee9b51e583d6435142451488305438.jpg?width=720&height=720&hash=7C547ED588FE52C15BA0EB0E1857E52B,7.6 inch,"QXGA+
374 ppi
Dynamic AMOLED 2X",2176 x 1812,Dynamic AMOLED,4400 mAh,,,12 GB,512 GB,
"Telefon mobil Xiaomi Redmi 10 (2022), 6GB RAM, 128GB, 4G, White","893,48 Lei",893.48 Lei,,https://www.emag.ro/telefon-mobil-xiaomi-redmi-10-2022-6gb-ram-128gb-4g-white-redmi10-2022-6gb-white/pd/DGXLYMYBM/,https://s13emagst.akamaized.net/products/58263/58262018/images/res_5819dae804b07f63badbbcdc209b1061.jpg?width=720&height=720&hash=761DB010936CE552CFE26AE98D9FB215,6.5 inch,90 Hz,1080 x 2400,LCD,5000 mAh,,Li-Po,6 GB,128 GB,MicroSDXC
"Telefon mobil Xiaomi Mi 11 Lite, Dual SIM, 128GB, 8GB RAM, 5G, Mint Green","3.133,90 Lei",3133.90 Lei,3.95(38),https://www.emag.ro/telefon-mobil-xiaomi-mi-11-lite-dual-sim-128gb-8gb-ram-5g-mint-green-mzb08jzeu/pd/DK91PNMBM/,https://s13emagst.akamaized.net/products/37321/37320877/images/res_0e5ce5ef2cb2c1558698340ede0bc182.jpg?width=720&height=720&hash=FD19A094BDCD440BCBA27A93B32F8932,6.55 inch,"402 PPI
90Hz refresh rate",2400 x 1080,AMOLED,4250 mAh,,Li-Po,8 GB,128 GB,MicroSDXC
"Smartphone Xiaomi Redmi Note 7 Pro, 6 RAM 128 ROM, Snapdragon 675, Battery 4000 mAh, Rosu","543,81 Lei",543.81 Lei,,https://www.emag.ro/smartphone-xiaomi-redmi-note-7-pro-6-ram-128-rom-snapdragon-675-battery-4000-mah-rosu-note-7-pro-6-128-red/pd/DT6J643BM/,https://s13emagst.akamaized.net/products/104119/104118845/images/res_bcd421fa24de78799c063cf8d9b99d95.jpg?width=720&height=720&hash=E9C0C0361935A51B7883F9857AB45084,6.3 inch,,2340 x 1080,LCD,4000 mAh,Da,,6 GB,128 GB,
"Telefon mobil Samsung Galaxy S24, Dual SIM, 8GB RAM, 128GB, 5G, Onyx Black Enterprise Edition","3.091,89 Lei",3091.89 Lei,,https://www.emag.ro/telefon-mobil-samsung-galaxy-s24-dual-sim-8gb-ram-128gb-5g-onyx-black-enterprise-edition-sm-s921bzkdeee/pd/DR13RZYBM/,https://s13emagst.akamaized.net/products/64817/64816439/images/res_fdecd9733172144ab6b418e28f699e1c.jpg?width=720&height=720&hash=91C5F7015A569F5237D415DE60CD1451,6.2 inch,"120 Hz
FHD+",2340 x 1080,Dynamic AMOLED,4000 mAh,,,8 GB,128 GB,
"Telefon Mobil Hotwav Hyper 8 Ultra, Negru, 5G, Walkie-talkie, 6.8"" FHD+ IPS 120Hz, 32GB RAM (12GB + 20GB Extensibili), 512GB ROM, 108MP, Dimensity 7050, Night Vision, 12000mAh, 55W, Dual SIM","2.065,94 Lei",2065.94 Lei,,https://www.emag.ro/telefon-mobil-hotwav-hyper-8-ultra-negru-5g-walkie-talkie-6-8-fhd-ips-120hz-32gb-ram-12gb-20gb-extensibili-512gb-rom-108mp-dimensity-7050-night-vision-12000mah-55w-dual-sim-6971593179685/pd/DKZ6K83BM/,https://s13emagst.akamaized.net/products/112012/112011006/images/res_07a09016be6c3f360d36c5c3e8fcf49a.jpg?width=720&height=720&hash=6E3676E8F30B3B26EA6D84804EE89002,,,,"LCD
IPS",,,,12 GB,512 GB,
"Telefon mobil Motorola Moto Power g86 5G, 256GB, 12GB RAM, Dual SIM, Pantone Spellbound","1.499,99 Lei",1499.99 Lei,,https://www.emag.ro/telefon-mobil-motorola-moto-power-g86-5g-256gb-12gb-ram-dual-sim-pantone-spellbound-273481/pd/DGYTJV3BM/,https://s13emagst.akamaized.net/products/102995/102994305/images/res_47447a07b9174fa62933ea5581b584ba.png?width=720&height=720&hash=0E3F1B3C5EECBC0D1B08AF090BA83C9E,,,,,,,,12 GB,256 GB,
"Telefon mobil Allview M9 JOIN, Negru","131,99 Lei",131.99 Lei,4.17(63),https://www.emag.ro/telefon-mobil-allview-m9-join-negru-m9join/pd/D96ZJBYBM/,https://s13emagst.akamaized.net/products/2830/2829965/images/res_df0f07577f30d58a55e317f54f4f2792.jpg?width=720&height=720&hash=0388686C543D5A4B627778D96F36884C,2.4 inch,,320 x 240,,800 mAh,Da,Li-Ion,64 MB,128 MB,MicroSD
"Telefon mobil Xiaomi Redmi Note 14 Pro+, 8GB RAM, 256GB ROM, 5G, Midnight Black + Xiaomi High-capacity pen","2.268,15 Lei",2268.15 Lei,5(1),https://www.emag.ro/telefon-mobil-xiaomi-redmi-note-14-pro-8gb-ram-256gb-rom-5g-midnight-black-xiaomi-high-capacity-pen-bndlpro-5gbl/pd/DNSD1J3BM/,https://s13emagst.akamaized.net/products/101356/101355284/images/res_101796cd923846beb16ab7a8fdc79b50.jpg?width=720&height=720&hash=15953BC0EDE6C8EB1E82C71EA6178AFE,6.67 inch,"Rata de refresh 120 Hz
3000 nits (varf)
Reading mode
Contrast ratio: 5,000,000:1
Touch sampling rate: Up to 480Hz",2712 x 1220,AMOLED,5110 mAh,Nu,,8 GB,256 GB,
Rainbuvvi xs19 Pro Mini telefon mobil 3GB RAM 32GB ROM 3.88 inch 4G Mini telefon mobil 2000mAh Android 12 Violet,"580,80 Lei",580.80 Lei,,https://www.emag.ro/rainbuvvi-xs19-pro-mini-telefon-mobil-3gb-ram-32gb-rom-3-88-inch-4g-mini-telefon-mobil-2000mah-android-12-violet-xs19-3-32gb-purple/pd/DLW05J3BM/,https://s13emagst.akamaized.net/products/101449/101448916/images/res_dc23e4572f2f439ac1979d189f7b703d.jpg?width=720&height=720&hash=8C850A12C011C5F0733005AB74461CA1,,,,,,,,3 GB,32 GB,
"Telefon Mobil cu Clapeta pentru Seniori Aiwa, Fara Meniu in Limba Romana, Dual SIM, Albastru","343,42 Lei",343.42 Lei,,https://www.emag.ro/telefon-mobil-cu-clapeta-pentru-seniori-aiwa-fara-meniu-in-limba-romana-dual-sim-albastru-fp-24bl/pd/DJDDNPMBM/,https://s13emagst.akamaized.net/products/39986/39985490/images/res_fe5ded9525ac74079d8323841cebdee5.jpg?width=720&height=720&hash=DDB812EAF07A460665E6CE7EBE99D519,1.44 inch,Pliabil,1014 x 480,LCD,1000 mAh,,BL-4C,32 MB,32 MB,MicroSD
"Smartphone Xiaomi Redmi Note 10, 6 RAM 128 ROM, Snapdragon 678, Battery 5000 mAh, Albastru lavanda","677,60 Lei",677.60 Lei,5(1),https://www.emag.ro/smartphone-xiaomi-redmi-note-10-6-ram-128-rom-snapdragon-678-battery-5000-mah-albastru-lavanda-note10-6-128-blue/pd/DB6J643BM/,https://s13emagst.akamaized.net/products/104119/104118838/images/res_edc6ba55d8c6984014e0b2ab2ff0727f.jpg?width=720&height=720&hash=6DAB5AC38B9A7F34A92C430028ED1079,6.5 inch,,2400 x 1080,LCD,5000 mAh,Da,,6 GB,128 GB,
Cartela Orange Prepay,"27,79 Lei",27.79 Lei,,https://www.emag.ro/cartela-orange-prepay-5949023215907-fc/pd/D5LR1MBBM/?ref=smart-history-ml_1_1&provider=rec&recid=rec_4_a924012371449ca0e7cdccc42e342dc2814cd156988cafbf271e4d5f23181df0_1767487781&scenario_ID=4,https://s13emagst.akamaized.net/products/1634/1633416/images/res_62a8ce39d0a0360c55e36dfa488c9321.jpg?width=300&height=300&hash=AEEAC0149CAFFD93C77AA33ED39EC057,,,,,,,,,,
"O cartelă SIM, 2GB / 100 minute, neactivată, preplătită","23,62 Lei",23.62 Lei,,https://www.emag.ro/o-cartela-sim-2gb-100-minute-neactivata-preplatita-5999539967524/pd/DYM38X3BM/?ref=smart-history-ml_1_2&provider=rec&recid=rec_4_a924012371449ca0e7cdccc42e342dc2814cd156988cafbf271e4d5f23181df0_1767487781&scenario_ID=4,https://s13emagst.akamaized.net/products/98731/98730290/images/res_9b418ce4f55d854058b7072afac23166.jpg?width=300&height=300&hash=E9B743F46ED8522582C6C406DFC7F6A8,,,,,,,,,,
"Telefon mobil Motorola Moto g04, Dual SIM, 8GB RAM, 128GB, Sunrise Orange","602,11 Lei",602.11 Lei,4.59(144),https://www.emag.ro/telefon-mobil-motorola-moto-g04-dual-sim-8gb-ram-128gb-sunrise-orange-pb130031pl/pd/DMT2MZYBM/?ref=smart-history-ml_1_3&provider=rec&recid=rec_4_a924012371449ca0e7cdccc42e342dc2814cd156988cafbf271e4d5f23181df0_1767487781&scenario_ID=4,https://s13emagst.akamaized.net/products/66422/66421258/images/res_725ce95d251138e71a57044b06b8822e.jpg?width=300&height=300&hash=098CDF5219699AE45EC3C2592FCE5614,,,,,,,,,,
"Telefon mobil Apple iPhone 17 Pro Max, 512GB, 5G, Cosmic Orange","9.500,00 Lei",9500.00 Lei,4.76(136),https://www.emag.ro/telefon-mobil-apple-iphone-17-pro-max-512gb-5g-cosmic-orange-mfyt4zd-a/pd/D199FV3BM/?ref=smart-history-ml_1_4&provider=rec&recid=rec_4_a924012371449ca0e7cdccc42e342dc2814cd156988cafbf271e4d5f23181df0_1767487781&scenario_ID=4,https://s13emagst.akamaized.net/products/102972/102971604/images/res_8b9a44b3730436c3966b37351d4ba1d2.jpg?width=300&height=300&hash=E017813D6DB1D9FDD12EFD803D58FA03,,,,,,,,,,
"Telefon mobil Apple iPhone 17 Pro, 256GB, 5G, Cosmic Orange","6.649,99 Lei",6649.99 Lei,4.71(135),https://www.emag.ro/telefon-mobil-apple-iphone-17-pro-256gb-5g-cosmic-orange-mg8h4zd-a/pd/D099FV3BM/?ref=smart-history-ml_1_5&provider=rec&recid=rec_4_a924012371449ca0e7cdccc42e342dc2814cd156988cafbf271e4d5f23181df0_1767487781&scenario_ID=4,https://s13emagst.akamaized.net/products/102972/102971594/images/res_2dd3ceeb224a4e2141c8a47b02de1c37.jpg?width=300&height=300&hash=8CF601AA4F743999516849202533C833,,,,,,,,,,
"Telefon mobil Alcatel 2057D, Cartela SIM Telekom, Pliabil, Bluetooth, USB, 103x50.4x16.9 mm, Negru","188,45 Lei",188.45 Lei,1(1),https://www.emag.ro/telefon-mobil-alcatel-2057d-cartela-sim-telekom-pliabil-bluetooth-usb-103x50-4x16-9-mm-negru-alcatel-2057d-telekom/pd/D8YNXQMBM/?ref=smart-history-ml_1_6&provider=rec&recid=rec_4_a924012371449ca0e7cdccc42e342dc2814cd156988cafbf271e4d5f23181df0_1767487781&scenario_ID=4,https://s13emagst.akamaized.net/products/51190/51189677/images/res_ce04e63d9ce6aebe9f8b96bb38120bf1.jpg?width=300&height=300&hash=60DBFDB693A5BF56AC18658E7135C1FC,,,,,,,,,,
"Telefon mobil CUBOT X50, Dual SIM, 256GB, 8GB RAM, 4G, Negru","1.099,00 Lei",1099.00 Lei,5(1),https://www.emag.ro/telefon-mobil-cubot-x50-dual-sim-256gb-8gb-ram-4g-negru-cubot-x50-256-bk/pd/DTC0VFMBM/,https://s13emagst.akamaized.net/products/43029/43028441/images/res_35a6ad31af2879fb7f0d979d636a09cd.jpg?width=720&height=720&hash=E9504B6E420DBE904D96A03DBA4DF35E,6.7 inch,,1080 x 2400,IPS,4500 mAh,,Li-Po,8 GB,256 GB,MicroSDXC
"Telefon mobil Google Pixel 6 Pro, 128GB, 12GB RAM, 5G, Stormy Black","3.314,99 Lei",3314.99 Lei,3.8(44),https://www.emag.ro/telefon-mobil-google-pixel-6-pro-128gb-12gb-ram-5g-stormy-black-pixel6problack/pd/DWDSBLMBM/,https://s13emagst.akamaized.net/products/48040/48039645/images/res_cc0d5c57cd37026ed65d52fbcb6ee814.png?width=720&height=720&hash=6CE538B711CAB526611DE059EE11EDCB,6.71 inch,HDR10+,1440 x 3120,AMOLED,,,Li-Ion,12 GB,128 GB,
"Smartphone Xiaomi Redmi 9T, 6 RAM 128 ROM, Snapdragon 662, Battery 5000 mAh, Albastru","621,84 Lei",621.84 Lei,,https://www.emag.ro/smartphone-xiaomi-redmi-9t-6-ram-128-rom-snapdragon-662-battery-5000-mah-albastru-redmi-9t-6-128-blue/pd/D36J643BM/,https://s13emagst.akamaized.net/products/104119/104118834/images/res_53bc1a32e72070bc2bc0db14493a0c4a.jpg?width=720&height=720&hash=FFBE45C1BF9211E56DADE0433AFDEC4D,6.53 inch,,2340 x 1080,LCD,6000 mAh,Da,,6 GB,128 GB,
"Telefon mobil Oukitel C2, 6.52"", 64GB/4GB, 5000mAh, Mov","407,42 Lei",407.42 Lei,,https://www.emag.ro/telefon-mobil-oukitel-c2-6-52-64gb-4gb-5000mah-mov-c2purple/pd/DS17JZ3BM/,https://s13emagst.akamaized.net/products/105999/105998705/images/res_0e9f1d75dde65cd9b8bd4ce050f37bee.jpg?width=720&height=720&hash=B5C3EA4F64D8486848DE3A550D41507E,,,,,,,,4 GB,64 GB,
"Telefon mobil Nokia 235 4G, DS, Albastru","450,12 Lei",450.12 Lei,,https://www.emag.ro/telefon-mobil-nokia-235-4g-ds-albastru-1gf026gpg3l07/pd/DFHPZ9YBM/,https://s13emagst.akamaized.net/products/70855/70854886/images/res_9dfeaf3167f86f4700a56643fe70eb0b.png?width=720&height=720&hash=DE3E0F7E194B373D651E66EB3B1BA729,2.8 inch,QVGA,,,1450 mAh,,,64 MB,128 MB,MicroSD
"Telefon mobil Xiaomi Redmi 9A, Dual SIM, 32GB, 4G, Carbon Grey","866,30 Lei",866.30 Lei,3.99(220),https://www.emag.ro/telefon-mobil-xiaomi-redmi-9a-dual-sim-32gb-4g-carbon-grey-redmi-9a-32-2-gray/pd/DKD6P3MBM/,https://s13emagst.akamaized.net/products/31784/31783347/images/res_a74b3f063cf1ea738ce505d4245820b2.jpg?width=720&height=720&hash=B294D2A5777FB8A462EC30BCB6E34C48,6.53 inch,269 PPI,720 x 1600,"LCD
IPS",5000 mAh,,Li-Po,2 GB,32 GB,MicroSDXC
"Telefon mobil OPPO Reno13 FS, Dual SIM, 12GB RAM, 512GB, 5G, Luminous Blue","1.799,99 Lei",1799.99 Lei,4.09(11),https://www.emag.ro/telefon-mobil-oppo-reno13-fs-dual-sim-12gb-ram-512gb-5g-luminous-blue-cph2699fslb/pd/DBWVYB3BM/,https://s13emagst.akamaized.net/products/85966/85965263/images/res_6fc2b598ffb087cdb8e04553c7c53e15.jpg?width=720&height=720&hash=A929CC5F6F2C6E40E53D22E56863B69A,6.67 inch,"120 Hz
394 PPI",1080 x 2400,AMOLED,5800 mAh,,,12 GB,512 GB,
"Telefon mobil Xiaomi Redmi Note 15, 6GB RAM, 128GB, 5G, Purple","1.510,99 Lei",1510.99 Lei,,https://www.emag.ro/telefon-mobil-xiaomi-redmi-note-15-6gb-ram-128gb-5g-purple-xm-rn15prp5g128/pd/D3L1V83BM/,https://s13emagst.akamaized.net/products/112306/112305018/images/res_b55049b47d886f1ef67812f097a37af6.jpg?width=720&height=720&hash=E2EA48EE2CA401B007F799A189E3334A,6.77 inch,"HDR10+
120 Hz
68B colors
3200 nits (peak)",1080 x 2392,AMOLED,5520 mAh,Nu,,6 GB,128 GB,MicroSDXC
"Telefon Mobil Seniori cu Butoane Mari CZAY®, Meniu in Limba Romana, Maghiara, Autonomie 7 Zile, Volum Puternic Reglabil, Buton SOS, 2G, Dual Sim, Ecran LCD Mare, Color, Usor de Folosit pentru Varstnici, Pensionari si Bunici, Camera Foto, Lanterna, Radio","259,98 Lei",259.98 Lei,4.68(40),https://www.emag.ro/telefon-mobil-seniori-cu-butoane-mari-czayr-meniu-in-limba-romana-maghiara-autonomie-7-zile-volum-puternic-reglabil-buton-sos-2g-dual-sim-ecran-lcd-mare-color-usor-de-folosit-pentru-varstnici-pensiona/pd/D55RKJ3BM/,https://s13emagst.akamaized.net/products/100927/100926974/images/res_0915dd87e33e7a72b4b6292192469ae5.png?width=720&height=720&hash=A7BC3506004A6DEA615911BA71E13B06,2.4 inch,,320 x 240,,1000 mAh,Da,Li-Ion,32 MB,32 MB,MicroSD
"Telefon mobil Blackview BL9000 Pro, 36GB Ram(12GB + 24GB extensibili), 512GB, Android 14, 5100mAh, 50MP + 50MP, 120Hz 6.78 ""FHD +, Telefon mobil Duale 5G SIM, IP68 / IP69K, 120W / NFC / GPS, Auriu","2.999,99 Lei",2999.99 Lei,,https://www.emag.ro/telefon-mobil-blackview-bl9000-pro-36gb-ram-12gb-24gb-extensibili-512gb-android-14-5100mah-50mp-50mp-120hz-6-78-fhd-telefon-mobil-duale-5g-sim-ip68-ip69k-120w-nfc-gps-auriu-bl9000pro-12-512-auriu-01/pd/DQPJVT3BM/,https://s13emagst.akamaized.net/products/92905/92904110/images/res_2e7b429ad9bca6e4d6b7cab9c2b171ce.jpg?width=720&height=720&hash=DF03BDB5DBFFF871086B647ADFA0AD19,6.78 inch,120 Hz,1080 x 2460,IPS,8800 mAh,Da,Li-Ion,12 GB,512 GB,MicroSD
Telefon pliabil 4G Flip Flex cu meniu RO baterie 1000 mAh 6 zile fara incarcare lanterna bluetooth,"344,85 Lei",344.85 Lei,,https://www.emag.ro/telefon-pliabil-4g-flip-flex-cu-meniu-ro-baterie-1000-mah-6-zile-fara-incarcare-lanterna-bluetooth-flipflexlte/pd/DHY0683BM/,https://s13emagst.akamaized.net/products/112561/112560081/images/res_238980e2ee5849871321894556b26e57.jpg?width=720&height=720&hash=9D1104259EEDF7453F07D931DCCE4F91,2.8 inch,144 Hz,340 x 340,TFT,1000 mAh,,Li-Ion,128 MB,16 GB,MicroSD
"Telefon mobil Nokia 130, DualSim, 2.4"", 1450 mAh, Granat, MP3","197,23 Lei",197.23 Lei,,https://www.emag.ro/telefon-mobil-nokia-130-dualsim-2-4-1450-mah-granat-mp3-ta-1576/pd/DC3C4WYBM/,https://s13emagst.akamaized.net/products/85550/85549294/images/res_5d541f9824c54d0d55e5c66aa1d3cd2a.jpg?width=720&height=720&hash=53E517D513E94A96B496728C8BD4731E,,,,,,,,,,
"Telefon mobil Realme 14X, 6GB RAM, 128GB, 5G, Dual SIM verde","654,61 Lei",654.61 Lei,,https://www.emag.ro/telefon-mobil-realme-14x-6gb-ram-128gb-5g-dual-sim-verde-14x-6-128-green/pd/D1QH743BM/,https://s13emagst.akamaized.net/products/102343/102342085/images/res_52f9db9eb379648968357ad0ffe11b37.jpg?width=720&height=720&hash=77261BB2E55CE5D3119C2DC88535519C,,,,,,,,,,
"Telefon mobil realme Note 70T（4+256GB）: Ecran HD de 6.75 inch cu suport pentru 90Hz, baterie de mare capacitate de 6000mAh, protectie ArmorShell, procesor octa-core T7250, suport pentru Next AI, protectie IP54, culoare Negru Obsidian","526,92 Lei",526.92 Lei,,https://www.emag.ro/telefon-mobil-realme-note-70t-4-256gb-ecran-hd-de-6-75-inch-cu-suport-pentru-90hz-baterie-de-mare-capacitate-de-6000mah-protectie-armorshell-procesor-octa-core-t7250-suport-pentru-next-ai-protectie-ip/pd/DK45RF3BM/,https://s13emagst.akamaized.net/products/100511/100510626/images/res_7791c8b89d988f6b1033e629ab5213c7.jpg?width=720&height=720&hash=52BE30C36336A4662E1815B1BB33F0E2,,,,,,,,,,
"Telefon mobil Maxcom MM426 SE, Dual SIM, Black","134,99 Lei",134.99 Lei,3.75(4),https://www.emag.ro/telefon-mobil-maxcom-mm426-se-dual-sim-black-mm426-se-black/pd/D9K4J6YBM/,https://s13emagst.akamaized.net/products/82689/82688546/images/res_b70ccbd4c1dc06ef4f2e7fef2f6b7079.jpg?width=720&height=720&hash=1982C9D19AAE1110DB95C5BA6597C0E6,,,,,,,,,,
"Telefon mobil Vivo X300, Dual Sim, 5G, 16GB/512GB, Black","6.999,00 Lei",6999.00 Lei,,https://www.emag.ro/telefon-mobil-vivo-x300-dual-sim-5g-16gb-512gb-black-v2515/pd/D3GHK83BM/,https://s13emagst.akamaized.net/products/111996/111995840/images/res_c09c08095bb94298bcae4fb586c65f07.jpg?width=720&height=720&hash=1E1AE0EC5DE64C4DA73A5E7D437C6A2C,,,,,,,,,,
"Telefon mobil ZTE Blade V70 Vita, Dual SIM, 4GB RAM, 256GB, 4G, Stone Grey","767,99 Lei",767.99 Lei,4(2),https://www.emag.ro/telefon-mobil-zte-blade-v70-vita-dual-sim-4gb-ram-256gb-4g-stone-grey-123445101060/pd/DPMTB1YBM/,https://s13emagst.akamaized.net/products/78507/78506055/images/res_34cb556138b571e56fd35d861192e4da.jpg?width=720&height=720&hash=99CB81A1A41356A81005101B50C91DFA,,,,,,,,,,
SOYES XS18 Pro telefon inteligent 2GB RAM 16GB ROM 3.0 Inch 3G cu 2 autocolante Auriu,"278,30 Lei",278.30 Lei,2(1),https://www.emag.ro/soyes-xs18-pro-telefon-inteligent-2gb-ram-16gb-rom-3-0-inch-3g-cu-2-autocolante-auriu-xs18pronou-golden/pd/D1X5YN3BM/,https://s13emagst.akamaized.net/products/94285/94284136/images/res_b324c2f2632d25538f37bd0c818b1d54.jpg?width=720&height=720&hash=7C08DD5E3C479A8831E4983D6EA5DCBD,,,,,,,,,,
"Telefon mobil Samsung Galaxy S23 Ultra, Dual SIM, 512GB, 12GB RAM, 5G, Cream","5.499,00 Lei",5499.00 Lei,4.73(700),https://www.emag.ro/telefon-mobil-samsung-galaxy-s23-ultra-dual-sim-512gb-12gb-ram-5g-cream-sm-s918bzeheue/pd/DC07B5MBM/,https://s13emagst.akamaized.net/products/52576/52575513/images/res_cfb7532bea7d5eb841c0f6910e75dc14.jpg?width=720&height=720&hash=8505AA69D69E10E72695B6A77A7CA265,,,,,,,,,,
"Telefon mobil Poco M7, 6GB RAM, 128GB, Silver","740,00 Lei",740.00 Lei,,https://www.emag.ro/telefon-mobil-poco-m7-6gb-ram-128gb-silver-pc-m7slv4g128/pd/DY105J3BM/,https://s13emagst.akamaized.net/products/101449/101448680/images/res_46be8c807ff6c93bbfa63d1959f7c3c1.jpg?width=720&height=720&hash=E969FC199B09ED3182A2501CEFDB9B09,,,,,,,,,,
"Telefon Blaupunkt BS08, Cu clapeta, 32MB intern, slot card memorie, 32MB RAM, 2G, Negru","348,99 Lei",348.99 Lei,5(2),https://www.emag.ro/telefon-blaupunkt-cu-clapeta-32mb-intern-slot-card-memorie-32mb-ram-2g-negru-bs08/pd/DQCQM3YBM/,https://s13emagst.akamaized.net/products/60083/60082364/images/res_d8909032575dbc327b09d8b1e101aff2.png?width=720&height=720&hash=917129AB76947F05B3D1338B0590105D,,,,,,,,,,
SOYES Q333 Mini telefon inteligent 4GB RAM 64GB ROM 3.58 Inch Retea 4G Negru,"580,80 Lei",580.80 Lei,5(1),https://www.emag.ro/soyes-q333-mini-telefon-inteligent-4gb-ram-64gb-rom-3-58-inch-retea-4g-negru-q333-black/pd/DB5WP93BM/,https://s13emagst.akamaized.net/products/99204/99203875/images/res_ebe8c4c457f6b7386b14e0b71724d578.jpg?width=720&height=720&hash=797196778D8909D906B1526F7B3F0ACB,,,,,,,,,,
"Telefon mobil Xiaomi Poco F5, Dual SIM, 256GB, 8GB RAM, 5G, Black","1.911,58 Lei",1911.58 Lei,4.86(7),https://www.emag.ro/telefon-mobil-xiaomi-poco-f5-dual-sim-256gb-8gb-ram-5g-black-kxg0225081/pd/DLHZT8YBM/,https://s13emagst.akamaized.net/products/83347/83346890/images/res_e37314e86fd5ea40f67d110ab05d96ed.jpg?width=720&height=720&hash=0744079D89441BBF592C1C94E14074EB,,,,,,,,,,
"Telefon mobil Motorola Moto g54 5G, 8GB RAM, 256GB, Pearl Blue","1.229,97 Lei",1229.97 Lei,4(1),https://www.emag.ro/telefon-mobil-motorola-moto-g54-5g-8gb-ram-256gb-pearl-blue-212075/pd/D214F7YBM/,https://s13emagst.akamaized.net/products/62342/62341748/images/res_0c7b7e0b2394a6b3125e5d31d1fe47f0.png?width=720&height=720&hash=3CDE439AF3FC43F7C0A471A44A9F2022,,,,,,,,,,
"Telefon Mobil Motorola Moto G15, Procesor Mediatek Helio G81 Extreme Octa Core, IPS LCD Capacitive touchscreen 6.72"", 8GB RAM, 128GB Flash, Camera Duala 50+5MP, Wi-Fi, 4G, Dual Sim, Android (Albastru deschis)","515,00 Lei",515.00 Lei,,https://www.emag.ro/telefon-mobil-motorola-moto-g15-procesor-mediatek-helio-g81-extreme-octa-core-ips-lcd-capacitive-touchscreen-6-72-8gb-ram-128gb-flash-camera-duala-50-5mp-wi-fi-4g-dual-sim-android-albastru-deschis-840/pd/DTKX9N3BM/,https://s13emagst.akamaized.net/products/94629/94628964/images/res_dc28311cce9e2cbff935c88f23225f66.png?width=720&height=720&hash=3FA0BC6BF44E12B21EACD3AEC72D51F5,,,,,,,,,,
"Telefon mobil Unihertz TANK 4, 5G, Dual SIM, Dimensity 7300, AMOLED 6.78-inch 120Hz, 24GB RAM (12GB + 12GB ext), 512GB, Proiector Video Incorporat 720p, 11600mAh, 66W, NFC, IP68/IP69, Android 15","2.899,99 Lei",2899.99 Lei,,https://www.emag.ro/telefon-mobil-unihertz-tank-4-5g-dual-sim-dimensity-7300-amoled-6-78-inch-120hz-24gb-ram-12gb-12gb-ext-512gb-proiector-video-incorporat-720p-11600mah-66w-nfc-ip68-ip69-android-15-00003213/pd/D9VHK83BM/,https://s13emagst.akamaized.net/products/111996/111995512/images/res_5e2be03a866cc76fc36363a3fabc969a.png?width=720&height=720&hash=B8481D794DA0501335EE7E9DC085A480,,,,,,,,,,
"Telefon mobil Nubia Redmagic 10 Pro 144Hz Gaming, 12GB RAM, 256GB ROM, Snapdragon 8 Elite, 6.85"" 1.5K AMOLED Full Screen, FHD+, 50MP Camera, Dual-Sim, Alb","4.190,99 Lei",4190.99 Lei,,https://www.emag.ro/telefon-mobil-nubia-redmagic-10-pro-144hz-gaming-12gb-ram-256gb-rom-snapdragon-8-elite-6-85-1-5k-amoled-full-screen-fhd-50mp-camera-dual-sim-alb-nx789j-lightspeed/pd/D5KT9Y3BM/,https://s13emagst.akamaized.net/products/88159/88158570/images/res_54726692e598ff53c6f380491ea9b619.jpg?width=720&height=720&hash=4ECFE13EBFB03B5307ED93888EF220AD,,,,,,,,,,
"Telefon Mobil Rainbuvvy S23 Pro, 4G, Android 9.0, Baterie 1950mAh, 2GB RAM, 16GB ROM, Verde, Dual SIM","360,58 Lei",360.58 Lei,4.5(2),https://www.emag.ro/telefon-mobil-rainbuvvy-s23-pro-4g-android-9-0-baterie-1950mah-2gb-ram-16gb-rom-verde-dual-sim-s23pro-4g-2gb16gb-green/pd/DXW6BFYBM/,https://s13emagst.akamaized.net/products/71139/71138007/images/res_255b9bf18e559554df956672d6147e74.jpg?width=720&height=720&hash=6A99464C46F24445B039C9C82ADB2BEF,,,,,,,,,,
"Telefon Mobil Yeemi M1, Dual SIM, 4G, RO-ALERT, Lanterna, Auriu, 3.0""","195,40 Lei",195.40 Lei,5(1),https://www.emag.ro/telefon-mobil-yeemi-m1-dual-sim-4g-ro-alert-lanterna-auriu-3-0-m1-gold/pd/D4ZTR4YBM/,https://s13emagst.akamaized.net/products/75558/75557404/images/res_01a37dcf91915c47306c1f1aa99e2c62.jpg?width=720&height=720&hash=37B4D0CA7E0F1FC172144A53FE0D8420,,,,,,,,,,
"Telefon mobil HONOR X7d, Dual SIM, 6GB RAM, 128GB ROM, Desert Gold - Casti Honor Choice Earbuds X7e Active incluse","799,99 Lei",799.99 Lei,4.75(4),https://www.emag.ro/telefon-mobil-honor-x7d-dual-sim-6gb-ram-128gb-rom-desert-gold-casti-honor-choice-earbuds-x7e-active-incluse-5109byba-5504adcy/pd/DQ6LXS3BM/,https://s13emagst.akamaized.net/products/101996/101995635/images/res_77af41a80df46e01dda68e44727780d7.jpg?width=720&height=720&hash=70091E7A7742D46D120B408A2380A26F,,,,,,,,,,
"Telefon mobil retro, Opis Technology, 60s, SIM, Plastic, 230 x 210 x 130 mm, Negru","675,95 Lei",675.95 Lei,5(1),https://www.emag.ro/telefon-mobil-retro-opis-technology-60s-sim-plastic-230-x-210-x-130-mm-negru-t60mob-black-eu/pd/D4NHD2MBM/,https://s13emagst.akamaized.net/products/32513/32512850/images/res_32def0f3910264556520039a8c7156a6.jpg?width=720&height=720&hash=6A785E11AAB667CB564A5824D2024621,,,,,,,,,,
"Telefon mobil Samsung Galaxy A15, Dual SIM, 4GB RAM, 128GB, 4G, Blue","1.331,00 Lei",1331.00 Lei,4.58(291),https://www.emag.ro/telefon-mobil-samsung-galaxy-a15-dual-sim-4gb-ram-128gb-4g-blue-sm-a155fzbdeue/pd/DVLPDTYBM/,https://s13emagst.akamaized.net/products/63914/63913896/images/res_cd25c7d2fe509ad7ea2266bc988808a7.jpg?width=720&height=720&hash=C4BFF35135DDF71D1A15805F3D1D54B2,,,,,,,,,,
"Telefon mobil Realme C30, Dual SIM, 32GB, 3GB RAM, 4G, Lake Blue","379,00 Lei",379.00 Lei,4.27(37),https://www.emag.ro/telefon-mobil-realme-c30-dual-sim-32gb-3gb-ram-4g-lake-blue-6048417/pd/DK7T7BYBM/,https://s13emagst.akamaized.net/products/57415/57414147/images/res_c96f433aa7ac5bf2dcf05662d965cef9.jpg?width=720&height=720&hash=2D9718CBC7E824D8CA8CB2D4BCD64779,,,,,,,,,,
"Telefon mobil Xiaomi Redmi 9C, Dual SIM, 128GB, 4GB RAM, 4G, Midnight Grey","499,00 Lei",499.00 Lei,4.6(10),https://www.emag.ro/telefon-mobil-xiaomi-redmi-9c-dual-sim-128gb-4gb-ram-4g-midnight-grey-redmi9c-4g128gray/pd/DG1VRCMBM/,https://s13emagst.akamaized.net/products/47863/47862386/images/res_a9ac9fcacaa5f509f56b88db075e34d0.jpg?width=720&height=720&hash=BBCC614DB5133D297E7DBB269C9BC561,,,,,,,,,,
"Telefon mobil Xiaomi A5, Unisoc T7250, 4G, Dual Sim, 64GB/3GB, Verde Lake","375,00 Lei",375.00 Lei,,https://www.emag.ro/telefon-mobil-xiaomi-a5-unisoc-t7250-4g-dual-sim-64gb-3gb-verde-lake-59800619/pd/DPWQL13BM/,https://s13emagst.akamaized.net/products/107779/107778053/images/res_719f4275f0dec93ba3c85285c71edc05.jpg?width=720&height=720&hash=56E3602F89ADAD0FACC0E01FD48809BC,,,,,,,,,,
"Telefon mobil Xiaomi 12, Dual SIM, 8GB RAM, 128GB, 5G, Gray","2.450,17 Lei",2450.17 Lei,4.25(4),https://www.emag.ro/telefon-mobil-xiaomi-12-dual-sim-8gb-ram-128gb-5g-gray-xiaomi-12-8gb-128gb-gray/pd/DSNKNSMBM/,https://s13emagst.akamaized.net/products/44602/44601205/images/res_ad4c2f3051158b188fbe5ede70e74ddb.jpg?width=720&height=720&hash=12881FD467450E6F6F94516C1748EEDC,,,,,,,,,,
"Telefon mobil Realme C75, 8GB RAM, 256GB, Storm Black","749,99 Lei",749.99 Lei,4.5(2),https://www.emag.ro/telefon-mobil-realme-c75-8gb-ram-256gb-storm-black-realmec75black8-256/pd/DYG328YBM/,https://s13emagst.akamaized.net/products/83240/83239838/images/res_38d56d4b57eb179d93cf34b56fd2f6e1.jpg?width=720&height=720&hash=DBFB9C55833C58A1FC4F7237518DF246,,,,,,,,,,
"Telefon mobil Samsung Galaxy S23 FE, Dual SIM, 8GB RAM, 128GB, 5G, Graphite","2.689,99 Lei",2689.99 Lei,4.45(131),https://www.emag.ro/telefon-mobil-samsung-galaxy-s23-fe-dual-sim-8gb-ram-128gb-5g-graphite-sm-s711bzadeue/pd/D55YGDYBM/,https://s13emagst.akamaized.net/products/63667/63666121/images/res_5c007a49888d1c66813c94f32bd281dd.jpg?width=720&height=720&hash=4ACD834C6D4587170E037F771E74B45A,,,,,,,,,,
"Telefon mobil Ulefone RugKing, 4G, Dual SIM, IPS 5.99-inch, 16GB RAM, 256GB, Camera 50MP+2MP Macro, Difuzor 126dB, LED Notificari, Senzor Amprenta Lateral, NFC, 9600mAh, Android 15, Black","999,99 Lei",999.99 Lei,,https://www.emag.ro/telefon-mobil-ulefone-rugking-4g-dual-sim-ips-5-99-inch-16gb-ram-256gb-camera-50mp-2mp-macro-difuzor-126db-led-notificari-senzor-amprenta-lateral-nfc-9600mah-android-15-black-00003055/pd/D1W3CQ3BM/,https://s13emagst.akamaized.net/products/108652/108651613/images/res_282155da29b1ab53fcf8941da3fc7921.png?width=720&height=720&hash=E20F40D88881B8C9DFD94C255B4BB8A2,,,,,,,,,,
"Telefon mobil Samsung Galaxy A03s, Dual SIM, 3GB RAM, 32GB, 4G, White","752,62 Lei",752.62 Lei,4.04(74),https://www.emag.ro/telefon-mobil-samsung-galaxy-a03s-dual-sim-3gb-ram-32gb-4g-white-sm-a037gzwneue/pd/DV5P0PMBM/,https://s13emagst.akamaized.net/products/40022/40021669/images/res_d51d6286a62edff6bf5484dd614f287a.jpg?width=720&height=720&hash=0429EA61D820BB22B466AE913DFA15EC,,,,,,,,,,
"Telefon mobil Samsung Galaxy M55, 8GB RAM, 128GB, 5G, Dark Blue","1.496,00 Lei",1496.00 Lei,4.8(5),https://www.emag.ro/telefon-mobil-samsung-galaxy-m55-8gb-ram-128gb-5g-dark-blue-sm-m556drkble/pd/D271RXYBM/,https://s13emagst.akamaized.net/products/70032/70031112/images/res_511757b9304e50f1df8f830283131886.jpg?width=720&height=720&hash=C07CF8CABD6F57672964948A81597B02,,,,,,,,,,
"Telefon mobil Motorola Edge 60 5G, 12/512GB, Pantone Gibraltar Sea - Albastru / PB7H0014PL","2.384,06 Lei",2384.06 Lei,,https://www.emag.ro/telefon-mobil-motorola-edge-60-5g-12-512gb-pantone-gibraltar-sea-albastru-pb7h0014pl/pd/DQ4H393BM/,https://s13emagst.akamaized.net/products/98918/98917304/images/res_bb0b9c1d5a95e08768ba72a620deb704.jpg?width=720&height=720&hash=2C26E9495BB099807B4A9FB8D9EF52BE,,,,,,,,,,
"Telefon mobil Xiaomi A5, Unisoc T7250, 4G, Dual Sim, 64GB/3GB, Negru","375,00 Lei",375.00 Lei,,https://www.emag.ro/telefon-mobil-xiaomi-a5-unisoc-t7250-4g-dual-sim-64gb-3gb-negru-59838897/pd/D0G7JZ3BM/,https://s13emagst.akamaized.net/products/106688/106687285/images/res_6f5bc6acba49633643184964665c0fdb.jpg?width=720&height=720&hash=E752864B19BDD4C5DF8D5BD2F765F04B,,,,,,,,,,
"Telefon mobil Samsung Galaxy S24 FE Enterprise Edition, 8GB RAM, 128GB, 5G, Graphite","2.702,69 Lei",2702.69 Lei,,https://www.emag.ro/telefon-mobil-samsung-galaxy-s24-fe-enterprise-edition-8gb-ram-128gb-5g-graphite-sm-s721bzkdeeb/pd/D2670D3BM/,https://s13emagst.akamaized.net/products/91733/91732135/images/res_3050fb1ba354e7bed8db7c70b18f0ecf.jpg?width=720&height=720&hash=7719AFD9D1F08042D5E78EB95BAC45E7,,,,,,,,,,
"Smartphone Mini 3G Rainbuvvy, 2GB RAM, 16GB ROM, 3.0 inch, Dual SIM, Negru","277,09 Lei",277.09 Lei,3.5(2),https://www.emag.ro/smartphone-mini-3g-rainbuvvy-2gb-ram-16gb-rom-3-0-inch-dual-sim-negru-xs24problack/pd/DZNH98YBM/,https://s13emagst.akamaized.net/products/83545/83544836/images/res_3666dcc5666291e54673c4c09a05ebe5.jpg?width=720&height=720&hash=E8663170C405710B1EA69A74D32F36A1,,,,,,,,,,
"Telefon mobil, Alcatel, 1068D, 1.8”, 4MB+4MB, Negru","99,00 Lei",99.00 Lei,3(2),https://www.emag.ro/telefon-mobil-alcatel-1068d-1-8-4mb-4mb-negru-1068d-3atbhu12/pd/D3KCHMYBM/,https://s13emagst.akamaized.net/products/58529/58528995/images/res_f08abac5147cb5be800b5ce3080af362.jpg?width=720&height=720&hash=2853122F5770D8D74B58207E55CC7AB8,,,,,,,,,,
"Telefon Mobil FOSSiBOT F109, 6.75 inch, Baterie 10600mAh, Dimensity 6300, Octa-core, 8GB RAM + 256GB ROM, 720*1600 HD+, Dual SIM, Face ID/GPS/OTG, Pentru camping, calatorii","1.048,99 Lei",1048.99 Lei,2(1),https://www.emag.ro/telefon-mobil-fossibot-6-75-inch-baterie-10600mah-dimensity-6300-octa-core-8gb-ram-256gb-rom-720-1600-hd-dual-sim-face-id-gps-otg-pentru-camping-calatorii-f109/pd/D7RM25YBM/,https://s13emagst.akamaized.net/products/81391/81390753/images/res_2a1a22a0c03ac4f98579db9e65093d7d.jpg?width=720&height=720&hash=395169971B218077790798B4EC186888,,,,,,,,,,
"Telefon mobil Doogee V Max S, 5G, Dual SIM, 6.58-inch 120Hz, Octa-Core Dimensity 7050, 24GB RAM, 256GB, Dual Speakers, Lanterna Puternica Camping SOS, 22000mAh, NFC, IP68/IP69K, Android 14, Titanium Gray","1.599,99 Lei",1599.99 Lei,,https://www.emag.ro/telefon-mobil-doogee-v-max-s-5g-dual-sim-6-58-inch-120hz-octa-core-dimensity-7050-24gb-ram-256gb-dual-speakers-lanterna-puternica-camping-sos-22000mah-nfc-ip68-ip69k-android-14-titanium-gray-00003125/pd/DNTV983BM/,https://s13emagst.akamaized.net/products/112181/112180639/images/res_faafa6db6c42bdf27b87ba2fe88471e3.png?width=720&height=720&hash=9A8F1DC71A3CC5030C891F576FF67978,,,,,,,,,,
"Telefon mobil, Blackview, A80, Dual SIM, 16GB, 2GB RAM, 4G, Black","299,00 Lei",299.00 Lei,1(1),https://www.emag.ro/telefon-mobil-blackview-a80-dual-sim-16gb-2gb-ram-4g-black-blackview-a80-black/pd/D4ZG9YMBM/,https://s13emagst.akamaized.net/products/30922/30921837/images/res_1e04950d8555de02f70798f95b830cc7.jpg?width=720&height=720&hash=3F2B460FF1B37DCCC943E2C17897FE0F,,,,,,,,,,
"Telefon mobil Xiaomi Redmi Note 14, 8GB RAM, 256GB, 5G, Coral Green","999,60 Lei",999.60 Lei,3.67(3),https://www.emag.ro/telefon-mobil-xiaomi-redmi-note-14-8gb-ram-256gb-5g-coral-green-mzb0ioeeu/pd/DFN19GYBM/,https://s13emagst.akamaized.net/products/84480/84479882/images/res_1b021a2e9789dfb83c2746086e725043.jpg?width=720&height=720&hash=822D277D3E1C3520D8D7A79C9935004F,,,,,,,,,,
"Telefon mobil Realme 14T, 8GB RAM, 256GB, 5G, Surf Green","854,42 Lei",854.42 Lei,5(2),https://www.emag.ro/telefon-mobil-realme-14t-8gb-ram-256gb-5g-surf-green-rm-14tsfgr256/pd/DRVQ4K3BM/,https://s13emagst.akamaized.net/products/93866/93865297/images/res_a0bad418e8e03263675d513608ea07ea.jpg?width=720&height=720&hash=51197D793883E56263227251CEA2523F,,,,,,,,,,
"Telefon mobil ZTE nubia Music, Dual SIM, 128GB, 4GB RAM, Edition Collection Pop Art","556,60 Lei",556.60 Lei,3.92(24),https://www.emag.ro/telefon-mobil-zte-nubia-music-dual-sim-128gb-4gb-ram-edition-collection-pop-art-z2353/pd/D1TP9JYBM/,https://s13emagst.akamaized.net/products/72464/72463484/images/res_3f928a73da15821450c2de316a375ecf.jpg?width=720&height=720&hash=1348CB0C9E0067994B8BE0B77535FE05,,,,,,,,,,
"Telefon mobil Honor 200 Smart, 4GB RAM, 256GB, 5G, Forest Green","619,97 Lei",619.97 Lei,3.2(5),https://www.emag.ro/telefon-mobil-honor-200-smart-4gb-ram-256gb-5g-forest-green-hn-200smfrgr/pd/D0KGLQYBM/,https://s13emagst.akamaized.net/products/80077/80076544/images/res_608a5d9a0c3f7927685c9904994f270d.jpg?width=720&height=720&hash=2123D72A08CD114D936FDAE364BD6AF9,,,,,,,,,,
"Telefon mobil ZTE Blade A75 5G, Dual SIM, 4GB RAM, 128GB, 5G, Black","786,50 Lei",786.50 Lei,4.5(10),https://www.emag.ro/telefon-mobil-zte-blade-a75-5g-dual-sim-4gb-ram-128gb-5g-black-123438401189/pd/DXMTB1YBM/,https://s13emagst.akamaized.net/products/78507/78506056/images/res_e6ba942460e7815bbdd60d12dde15a8a.jpg?width=720&height=720&hash=6559DBD62D63BFCD39D4DCB170EFD268,,,,,,,,,,
"Telefon mobil Oukitel WP56, Dual SIM, 5G, Octa-Core Dimensity 7050, 6.8-inch 120Hz IPS, 24GB RAM, 256GB, Lanterna SOS Puternica, NFC, 16000mAh, 45W, IP68/IP69K, Android 15, Grey","1.499,99 Lei",1499.99 Lei,,https://www.emag.ro/telefon-mobil-oukitel-wp56-dual-sim-5g-octa-core-dimensity-7050-6-8-inch-120hz-ips-24gb-ram-256gb-lanterna-sos-puternica-nfc-16000mah-45w-ip68-ip69k-android-15-grey-00003149/pd/D4FN683BM/,https://s13emagst.akamaized.net/products/112560/112559531/images/res_5425d503a1264583aa349d06589ecf22.png?width=720&height=720&hash=268072335CC2B05CC1B480CEC003C044,,,,,,,,,,
"Telefon mobil ZTE nubia FLIP, Dual SIM, 12GB RAM, 512GB, 5G, Gold","2.638,80 Lei",2638.80 Lei,,https://www.emag.ro/telefon-mobil-zte-nubia-flip-dual-sim-12gb-ram-512gb-5g-gold-214189/pd/DSYRL13BM/,https://s13emagst.akamaized.net/products/107443/107442118/images/res_37a8135e61a92b5f265d2b6f2ea392a3.jpg?width=720&height=720&hash=F2E373C23B3D696A47A64680881FF840,,,,,,,,,,
"Telefon mobil Alcatel 2057D, Cartela SIM Telekom, Pliabil, Bluetooth, USB, 103x50.4x16.9 mm, Negru","188,45 Lei",188.45 Lei,1(1),https://www.emag.ro/telefon-mobil-alcatel-2057d-cartela-sim-telekom-pliabil-bluetooth-usb-103x50-4x16-9-mm-negru-alcatel-2057d-telekom/pd/D8YNXQMBM/,https://s13emagst.akamaized.net/products/51190/51189677/images/res_ce04e63d9ce6aebe9f8b96bb38120bf1.jpg?width=720&height=720&hash=FC6B30F4FFDBF269F2712BE7522ED4D4,,,,,,,,,,
"Telefon mobil Apple iPhone 14 Plus, 512GB, 5G, Yellow","4.174,50 Lei",4174.50 Lei,4.74(163),https://www.emag.ro/telefon-mobil-apple-iphone-14-plus-512gb-5g-yellow-mr6g3rx-a/pd/DTYTV6MBM/,https://s13emagst.akamaized.net/products/54108/54107250/images/res_eab616f050611459af818e3a730e831c.jpg?width=720&height=720&hash=1E2EC8D17B906161124458D91D62991D,,,,,,,,,,
"Telefon mobil Maxcom MM443 Comfort 4G, Dual SIM, Black + Loading Stand","229,00 Lei",229.00 Lei,4(8),https://www.emag.ro/telefon-mobil-maxcom-mm443-comfort-4g-dual-sim-black-loading-stand-mm443-black/pd/DYN7H4YBM/,https://s13emagst.akamaized.net/products/75138/75137988/images/res_17b67b92dc02cc8a0bdcb693a1ce9ca8.jpg?width=720&height=720&hash=755C2C767D6552B31C7F0EB19D328E63,2.31 inch,174 ppi,240 x 320,"LCD
TFT",1700 mAh,,Li-Ion,48 MB,128 MB,
"Telefon mobil Xiaomi A5, Unisoc T7250, 4G, Dual Sim, 128GB/4GB, Auriu Sandy","445,00 Lei",445.00 Lei,,https://www.emag.ro/telefon-mobil-xiaomi-a5-unisoc-t7250-4g-dual-sim-128gb-4gb-auriu-sandy-60206817/pd/D260N13BM/,https://s13emagst.akamaized.net/products/107408/107407006/images/res_783dd403006194abf01176b44edbb50f.jpg?width=720&height=720&hash=7E0FD951FA6C6FDAB2B78AB3398A5715,6.88 inch,,,,,,,4 GB,128 GB,
"Telefon mobil Blackview WAVE 8, 4G, 6.56"" HD+, 4G Octa-Core, 13MP+8MP AI Camera 5000mAh/10W Cell Phone, 12GB Ram(4GB + 8GB / 2TB), 128GB Rom, Android 15, 5000mAh, GPS/Fingerprint/Face ID, Violet","499,98 Lei",499.98 Lei,5(1),https://www.emag.ro/telefon-mobil-blackview-wave-8-4g-6-56-hd-4g-octa-core-13mp-8mp-ai-camera-5000mah-10w-cell-phone-12gb-ram-4gb-8gb-2tb-128gb-rom-android-15-5000mah-gps-fingerprint-face-id-violet-wave8-4-128-violet-01/pd/DRSNK33BM/,https://s13emagst.akamaized.net/products/88906/88905545/images/res_5c5cf1f696575169b724317385de93a4.jpg?width=720&height=720&hash=C14180FCACAD28EE3BAF06AE091CE6C2,6.56 inch,90 Hz,720 x 1612,IPS,5000 mAh,Nu,Li-Ion,4 GB,128 GB,MicroSD
"Telefon mobil Oppo Reno14, 12GB RAM, 256GB, 5G, Opal White","2.699,99 Lei",2699.99 Lei,,https://www.emag.ro/telefon-mobil-oppo-reno14-12gb-ram-256gb-5g-opal-white-op-re14oplwht256/pd/D6C2RL3BM/,https://s13emagst.akamaized.net/products/106031/106030660/images/res_efc89fdbf47db38dc4243b2add3c7a31.jpg?width=720&height=720&hash=FE3F963B3DCE7502345877B5ABBC3D03,6.59 inch,"HDR10+
120 Hz
1B colors
1200 nits (HBM)
600 nits (typ)
3840Hz PWM",1256 x 2760,AMOLED,6000 mAh,Nu,,12 GB,256 GB,
"Telefon mobil Motorola Moto g56, 8GB RAM, 256GB, 5G, Dill","847,00 Lei",847.00 Lei,,https://www.emag.ro/telefon-mobil-motorola-moto-g56-8gb-ram-256gb-5g-dill-pb7y0033pl/pd/D6JVFX3BM/,https://s13emagst.akamaized.net/products/98358/98357912/images/res_410ea5206fa348ece3effbabbe368c32.jpg?width=720&height=720&hash=7EEA4159F4E061B76E53B50A70AF6C66,6.72 inch,120 Hz,1080 x 2400,"LCD
IPS",5200 mAh,Nu,,8 GB,256 GB,MicroSDXC
"Telefon mobil Doogee Blade GT Pro, 5G, Dual SIM, Octa-Core Dimensity 7020, 12GB RAM / 512GB, 6.72' 120Hz IPS, RGB Light Cyber, NFC, IP68/IP69K, Android 14, Black","1.849,99 Lei",1849.99 Lei,,https://www.emag.ro/telefon-mobil-doogee-blade-gt-pro-5g-dual-sim-octa-core-dimensity-7020-12gb-ram-512gb-6-72-120hz-ips-rgb-light-cyber-nfc-ip68-ip69k-android-14-black-00003168/pd/DFWQMG3BM/,https://s13emagst.akamaized.net/products/112724/112723362/images/res_31dbb15d9d33f1b5d344a0284703a0ef.png?width=720&height=720&hash=8BA6166A5315AA49A9E2328EC8CF024C,6.72 inch,"120 Hz
Touch screen",2400 x 1080,IPS,5800 mAh,Da,Li-Po,12 GB,512 GB,MicroSD
Smartphone Vivo V50 Lite Octa Core 8 GB RAM 256 GB Negru,"1.179,99 Lei",1179.99 Lei,,https://www.emag.ro/smartphone-vivo-v50-lite-octa-core-8-gb-ram-256-gb-negru-s9917944/pd/DN6KG03BM/,https://s13emagst.akamaized.net/products/95996/95995136/images/res_826518d46de0f9deba8db18e6c5cdf54.jpg?width=720&height=720&hash=ABFF6F46E7E19AAA35318BA00B9604E0,6.77 inch,,,,,,,8 GB,256 GB,
"Telefon mobil Realme 14T, 8GB RAM, 256GB, 5G, Lightning Purple","854,42 Lei",854.42 Lei,5(2),https://www.emag.ro/telefon-mobil-realme-14t-8gb-ram-256gb-5g-lightning-purple-rm-14tltpr256/pd/DQVQ4K3BM/,https://s13emagst.akamaized.net/products/93866/93865296/images/res_4684526866b81e8b57ea0dccc86b04d4.jpg?width=720&height=720&hash=2E79C3A2020FD72288AD4660848028B0,6.67 inch,"120 Hz
2100 nits (peak)",1080 x 2400,AMOLED,6000 mAh,Nu,,8 GB,256 GB,
OnePlus Nord CE 5 5G Dual Sim 8GB RAM 256GB - Marble Mist,"1.792,24 Lei",1792.24 Lei,5(3),https://www.emag.ro/oneplus-nord-ce-5-5g-dual-sim-8gb-ram-256gb-marble-mist-6921815629542/pd/DBL1VF3BM/,https://s13emagst.akamaized.net/products/100300/100299260/images/res_db708139f1b590fe6d687ff582105d80.png?width=720&height=720&hash=72E7A5FC46869D8D631631B886E26530,,,,,5200 mAh,,,8 GB,256 GB,
"Telefon mobil OnePlus Nord CE3 Lite, 8GB RAM, 128GB, 5G, Chromatic Gray","1.952,15 Lei",1952.15 Lei,4.64(56),https://www.emag.ro/telefon-mobil-oneplus-nord-ce3-lite-8gb-ram-128gb-5g-chromatic-gray-6921815624134/pd/DHT41GMBM/,https://s13emagst.akamaized.net/products/56115/56114940/images/res_ead1d313715bc45c3e409234c49b1292.jpg?width=720&height=720&hash=9AFA0477FF5B9811EBA12B01CCFB3415,,,2400 x 1080,LCD,5000 mAh,,Li-Po,8 GB,128 GB,
"Smartphone Mini Rainbuvvy XS18 Pro, 3.0 inch, 2GB RAM, 16GB ROM, Dual SIM, 3G, Black, 90.05x46.3x10.5mm","301,29 Lei",301.29 Lei,,https://www.emag.ro/smartphone-mini-rainbuvvy-xs18-pro-3-0-inch-2gb-ram-16gb-rom-dual-sim-3g-black-90-05x46-3x10-5mm-x18pro-golden/pd/DFLR18YBM/,https://s13emagst.akamaized.net/products/83827/83826774/images/res_1fe5ac5b827dc58317b954a162b29f62.jpg?width=720&height=720&hash=9A345F2505F36D52A8BE948DAAEFDC1E,3 inch,,,,,,,2 GB,16 GB,
"Telefon mobil Xiaomi Poco C40, Dual SIM, 32GB, 3GB RAM, 4G, Power Black","448,99 Lei",448.99 Lei,4.52(25),https://www.emag.ro/telefon-mobil-xiaomi-poco-c40-dual-sim-32gb-3gb-ram-4g-power-black-xmipcoc4032-3bk/pd/D58LCCMBM/,https://s13emagst.akamaized.net/products/47717/47716469/images/res_54ae99e94d58e2693e4e815c9eafee40.jpg?width=720&height=720&hash=7C3CDF0443BDBA189C7F985822E9FCB8,6.71 inch,,720 x 1650,IPS,6000 mAh,,Li-Po,3 GB,32 GB,MicroSDXC
"Telefon mobil ZTE Blade A75, Dual SIM, 4GB RAM, 128GB, 4G, Basalt Black","637,72 Lei",637.72 Lei,4.67(21),https://www.emag.ro/telefon-mobil-zte-blade-a75-dual-sim-4gb-ram-128gb-4g-basalt-black-123439601166/pd/D9MTB1YBM/,https://s13emagst.akamaized.net/products/78507/78506057/images/res_bcd753ccef75daee33e5094e9d2e4a1d.jpg?width=720&height=720&hash=3D9F6FE2440C0524621DDB8DAE8937EA,6.6 inch,"HD+
Rata de reimprospatare de 90 Hz",1612 x 720,IPS,5000 mAh,,,4 GB,128 GB,
"Telefon mobil FOSSIBOT F101P, Dual SIM, 4G, IPS 5.45-inch, Octa-Core, 7GB RAM (4GB + 3GB ext), 64GB, 10600mAh, Super Speaker 123dB, NFC, IP68, Android 13, Black","649,99 Lei",649.99 Lei,3.33(3),https://www.emag.ro/telefon-mobil-fossibot-f101p-dual-sim-4g-ips-5-45-inch-octa-core-7gb-ram-4gb-3gb-ext-64gb-10600mah-super-speaker-123db-nfc-ip68-android-13-black-f101p-foss/pd/D883193BM/,https://s13emagst.akamaized.net/products/99506/99505719/images/res_735ae938d86da5d2c0340d8ac9dde11d.png?width=720&height=720&hash=800F2A8CB6C8CCBF9F8E6C672B9C30F5,5.45 inch,"Corning Gorilla Glass 5
Touch screen",720 x 1440,IPS,10600 mAh,Da,Li-Po,7 GB,64 GB,MicroSD
"Telefon mobil Oppo Reno13 F, Qualcomm SM6450 Snapdragon 6 Gen 1, 5G, Dual SIM (8/256GB), Albastru Luminous","1.399,99 Lei",1399.99 Lei,,https://www.emag.ro/telefon-mobil-oppo-reno13-f-qualcomm-sm6450-snapdragon-6-gen-1-5g-dual-sim-8-256gb-albastru-luminous-59616686/pd/DP52RL3BM/,https://s13emagst.akamaized.net/products/106031/106030831/images/res_00a856df375aa95b5583e19b25263e2a.jpg?width=720&height=720&hash=EEBF4D4C4D1E315A740B7E4DBBEAF5EB,6.67 inch,,,,,,,8 GB,256 GB,
"Telefon mobil Xiaomi Redmi Note 13, Dual SIM, 128GB, 8GB RAM, 4G, Midnight Black","1.257,50 Lei",1257.50 Lei,2(2),https://www.emag.ro/telefon-mobil-xiaomi-redmi-note-13-dual-sim-128gb-8gb-ram-4g-midnight-black-kxg0115672/pd/D425CKYBM/,https://s13emagst.akamaized.net/products/65261/65260263/images/res_781ea1486673a590aa585dc3a14c31c1.jpg?width=720&height=720&hash=CB81E525B97C60AE7EA1206459606D4E,6.67 inch,"120 Hz
1800 nits (peak)",1080 x 2400,AMOLED,5000 mAh,,Li-Po,8 GB,128 GB,MicroSDXC
"Telefon mobil Honor 400 Smart 5G, 6.77"", 4 GB RAM, 128 GB, 50 MP, Dual SIM, negru","759,05 Lei",759.05 Lei,,https://www.emag.ro/telefon-mobil-honor-400-smart-5g-6-77-4-gb-ram-128-gb-50-mp-dual-sim-negru-tkoho1sza0058/pd/DZPS2Z3BM/,https://s13emagst.akamaized.net/products/106341/106340810/images/res_78e429bf802b24246a5e37460fec2148.jpg?width=720&height=720&hash=9AC493B7A85232FF3FCA47725FBC0D55,,,,,,,,4 GB,128 GB,
"Telefon mobil Xiaomi Mi Note 10 Lite, Dual SIM, 128GB, 6GB RAM, 4G, Glacier White","1.914,44 Lei",1914.44 Lei,4.55(168),https://www.emag.ro/telefon-mobil-xiaomi-mi-note-10-lite-dual-sim-128gb-6gb-ram-4g-glacier-white-mi-note-10-lite-glacier-white-6-128/pd/D893BYMBM/,https://s13emagst.akamaized.net/products/30559/30558622/images/res_aa7dbd1d33f12c0972f85974af8e059f.jpg?width=720&height=720&hash=ACFDE1D1A889CA534BC778E6D2829910,6.47 inch,Corning Gorilla Glass 5,2340 x 1080,AMOLED,5260 mAh,,Li-Ion,6 GB,128 GB,
"Telefon mobil Tecno Spark 20 Pro+, Dual SIM, 256GB, 8GB RAM, Temporal Orbits","899,99 Lei",899.99 Lei,4.85(13),https://www.emag.ro/telefon-mobil-tecno-spark-20-pro-dual-sim-256gb-8gb-ram-temporal-orbits-10052446/pd/DWH34FYBM/,https://s13emagst.akamaized.net/products/71681/71680400/images/res_f9b29149f2c8795dcb5f638efc9b99ca.jpg?width=720&height=720&hash=C6688807D1BB1FB580FDD0CD053DA6C0,6.78 inch,120 Hz,1080 x 2436,AMOLED,5000 mAh,,,8 GB,256 GB,MicroSDXC
"Telefon mobil Xiaomi Redmi Note 12 Pro, Dual SIM, 128GB, 6GB RAM, 4G, Ice Blue","1.100,00 Lei",1100.00 Lei,4.41(95),https://www.emag.ro/telefon-mobil-xiaomi-redmi-note-12-pro-dual-sim-128gb-6gb-ram-4g-ice-blue-6941812701638/pd/D4HVTWMBM/,https://s13emagst.akamaized.net/products/56561/56560976/images/res_b7b2085b7e80336f0acfd9ab914e5565.jpg?width=720&height=720&hash=E8DBAC321D78A561039165E63AF01411,6.67 inch,"Dolby Vision
120 Hz
700 nits (HBM)
1100 nits (peak)",1080 x 2400,AMOLED,5000 mAh,Da,Li-Po,6 GB,128 GB,MicroSDXC
"Telefon mobil realme Note 60, 4GB RAM, 128GB, 4G, Marble Black","549,00 Lei",549.00 Lei,5(3),https://www.emag.ro/telefon-mobil-realme-note-60-4gb-ram-128gb-4g-marble-black-631011002727/pd/DG6DX5YBM/,https://s13emagst.akamaized.net/products/81664/81663763/images/res_92320ec8ef2c586f75fcc925faeaddce.jpg?width=720&height=720&hash=73CB7D7CB6D9CB59916D7B7226F076C9,6.74 inch,"260 PPI
HD+",720 x 1600,LCD,5000 mAh,Da,,4 GB,128 GB,MicroSD
"Telefon mobil mini cu ecran dublu, butoane mari, lanterna LED, camera foto, 2 x Nano SIM, player muzical, radio, negru","193,60 Lei",193.60 Lei,,https://www.emag.ro/telefon-mobil-mini-cu-ecran-dublu-butoane-mari-lanterna-led-camera-foto-2-x-nano-sim-player-muzical-radio-negru-d1mwtwybm/pd/D1MWTWYBM/,https://s13emagst.akamaized.net/products/85202/85201353/images/res_61429df8cb58fb26de651d8c48b00357.jpg?width=720&height=720&hash=8418A14689D802FC7818C2AC8B5A1838,1.77 inch,,,IPS,3000 mAh,,Li-Ion,32 MB,32 MB,MicroSD
"Telefon mobil Poco C85, 6GB RAM, 128GB, Purple","546,06 Lei",546.06 Lei,,https://www.emag.ro/telefon-mobil-poco-c85-6gb-ram-128gb-purple-kxg0284895/pd/DB4CLC3BM/,https://s13emagst.akamaized.net/products/105004/105003286/images/res_711c569bbdc127398b1cbdec6939dbe1.jpg?width=720&height=720&hash=44078E2266DF119C34DD8A9AECC6D9CF,6.9 inch,"120 Hz
660 nits (typ)
810 nits (HBM)",720 x 1600,"LCD
IPS",6000 mAh,Nu,,6 GB,128 GB,MicroSDXC
"Telefon Militar One Blasko®, Dual Sim cu Carcasa Antisoc, Acumulator de mare putere 5800mah, Lanterna, Radio, Slot Sim","99,00 Lei",99.00 Lei,2.83(18),https://www.emag.ro/telefon-militar-one-blaskor-dual-sim-cu-carcasa-antisoc-acumulator-de-mare-putere-5800mah-lanterna-radio-slot-sim-539/pd/DK5PDSYBM/,https://s13emagst.akamaized.net/products/73150/73149251/images/res_7fc1d211d135914f2813c9c363dad37a.png?width=720&height=720&hash=14A6F94DE107BEBBFB06504774967F95,1.8 inch,,,,5800 mAh,,Li-Ion,1 GB,10 MB,MicroSD
"Telefon mobil OnePlus Nord N20 SE, Dual SIM, 128GB, 4GB RAM, 4G, Celestial Black","671,00 Lei",671.00 Lei,4.83(6),https://www.emag.ro/telefon-mobil-oneplus-nord-n20-se-dual-sim-128gb-4gb-ram-4g-celestial-black-one-n20se4-128gbbk/pd/DTRGS8MBM/,https://s13emagst.akamaized.net/products/55023/55022837/images/res_0ca7b25dc13dd613ed59eb8df786272d.jpg?width=720&height=720&hash=1A2A6DE7B78E359CDE7226DAF5217E58,6.56 inch,"600 niti
480 nits",720 x 1612,IPS,5000 mAh,,Li-Po,4 GB,128 GB,MicroSDXC
"Telefon mobil Xiaomi 15T Pro, 12GB RAM, 1TB, 5G, Gray","4.152,99 Lei",4152.99 Lei,,https://www.emag.ro/telefon-mobil-xiaomi-15t-pro-12gb-ram-1tb-5g-gray-xm-x15tprogry1tb/pd/D8L2RL3BM/,https://s13emagst.akamaized.net/products/106031/106030692/images/res_5f40f3fafc0e0e27b4334a8422ec4b99.jpg?width=720&height=720&hash=C497874133AB0F70684A813054ECA996,6.83 inch,"Dolby Vision
HDR10+
144 Hz
68B colors
3200 nits (peak)
3840Hz PWM",1280 x 2772,AMOLED,5500 mAh,Nu,,12 GB,1 TB,
"Smartphone Xiaomi Redmi 9, 6 RAM 128 ROM, Snapdragon 662, Battery 5000 mAh, Negru","665,50 Lei",665.50 Lei,,https://www.emag.ro/smartphone-xiaomi-redmi-9-6-ram-128-rom-snapdragon-662-battery-5000-mah-negru-redmi-9-6-128-black/pd/D7WM9C3BM/,https://s13emagst.akamaized.net/products/102549/102548054/images/res_c8534d09dc3ad76cfe2bd421d4de0a3d.jpg?width=720&height=720&hash=890CAB1AB7B48BEDDA563E826DF4A920,6.53 inch,,,LCD,5020 mAh,Da,,6 GB,128 GB,
"Telefon mobil Oukitel C6, Dual SIM, 5G, Octa-Core Dimensity 6300, IPS 6.8-inch 90Hz HD+, 32GB RAM, 256GB, 50MP, 5150mAh, Android 15, Black","975,99 Lei",975.99 Lei,,https://www.emag.ro/telefon-mobil-oukitel-c6-dual-sim-5g-octa-core-dimensity-6300-ips-6-8-inch-90hz-hd-32gb-ram-256gb-50mp-5150mah-android-15-black-00003144/pd/DDVHK83BM/,https://s13emagst.akamaized.net/products/111996/111995504/images/res_10aff7b0c774289864b3d96a32132282.png?width=720&height=720&hash=F8C99342DBBCC898E23C86428E27DED9,6.8 inch,"Corning Gorilla Glass
Touch screen",720 x 1600,IPS,5150 mAh,Da,Li-Po,32 GB,256 GB,MicroSD
"Telefon Mobil HONOR Magic 4 PRO, Dual Sim, 8GB RAM, 256GB, Black","5.592,43 Lei",5592.43 Lei,4(29),https://www.emag.ro/telefon-mobil-honor-magic-4-pro-dual-sim-8gb-ram-256gb-black-5109afdb/pd/DMS71VMBM/,https://s13emagst.akamaized.net/products/45944/45943055/images/res_64a6e7c38f31410efb1845e1b946b890.jpg?width=720&height=720&hash=C622AF7E2BE5B87FE98E63DC55DC386E,6.81 inch,"HDR10+
120Hz
1000 niti",1312 x 2848,OLED,4600 mAh,,Li-Po,8 GB,256 GB,
"Telefon mobil Vivo X300, Dual Sim, 5G, 12GB/256GB, Black","5.999,99 Lei",5999.99 Lei,,https://www.emag.ro/telefon-mobil-vivo-x300-dual-sim-5g-12gb-256gb-black-5671326/pd/DMGHK83BM/,https://s13emagst.akamaized.net/products/111996/111995840/images/res_c09c08095bb94298bcae4fb586c65f07.jpg?width=720&height=720&hash=1E1AE0EC5DE64C4DA73A5E7D437C6A2C,,,,,,,,12 GB,256 GB,
"Telefon mobil QUBO SP-510, 5 inch, 1GB RAM, 8GB, 3G, Negru","249,00 Lei",249.00 Lei,3.13(16),https://www.emag.ro/telefon-mobil-qubo-sp-510-5-inch-1gb-ram-8gb-3g-negru-qubo-sp510-bk/pd/D0NMW9MBM/,https://s13emagst.akamaized.net/products/42454/42453425/images/res_9e8c7e36eb2818eff80028e96154e126.jpg?width=720&height=720&hash=EDA69F4C43E60D8869A845CBECB1E7B3,5 inch,,1280 x 720,,2000 mAh,,Li-Po,1 GB,8 GB,MicroSDHC
"Telefon mobil Samsung Galaxy A06, 64GB, 4GB RAM, 5G, Light Gray","475,53 Lei",475.53 Lei,2.67(3),https://www.emag.ro/telefon-mobil-samsung-galaxy-a06-64gb-4gb-ram-5g-light-gray-sm-a066-ds-64-4gb-gray/pd/DNMKJV3BM/,https://s13emagst.akamaized.net/products/100981/100980828/images/res_eb3dea817bca58dd3a062eca316b417a.jpg?width=720&height=720&hash=23A8A1DCF43DA0D6CDFF1913B7ED3CEE,6.7 inch,262 ppi,720 x 1600,"LCD
PLS",5000 mAh,Nu,,4 GB,64 GB,MicroSDXC
"Telefon mobil Blackview BV9300 Pro, 16GB Ram(8GB+8GB extensibili), 256GB Rom, 15080mAh, Ecran dublu 6.7"", Ecran secundar 1,32"", Afisator de ceas, Caracteristici faciale/NFC/amprente digitale, Negru","1.449,98 Lei",1449.98 Lei,,https://www.emag.ro/telefon-mobil-blackview-bv9300-pro-16gb-ram-8gb-8gb-extensibili-256gb-rom-15080mah-ecran-dublu-6-7-ecran-secundar-1-32-afisator-de-ceas-caracteristici-faciale-nfc-amprente-digitale-negru-bv9300pro-8-2/pd/DSPYMZYBM/,https://s13emagst.akamaized.net/products/77608/77607866/images/res_a9095aaf61ab60fd2b25e464a9751002.jpg?width=720&height=720&hash=38B0D6B787C7CDA4C8E460F592BF8A01,6.7 inch,120 Hz,1080 x 2388,IPS,15080 mAh,Nu,Li-Ion,8 GB,256 GB,MicroSD
"Telefon mobil Xiaomi Redmi Note 11S, 6GB RAM, 128GB, Twilight Blue","de la 1.252,00 Lei",de la 1252.00 Lei,4.48(121),https://www.emag.ro/telefon-mobil-xiaomi-redmi-note-11s-6gb-ram-128gb-twilight-blue-redmi-note-11s-twilight-blue-6-128-gb/pd/DMDSBJMBM/,https://s13emagst.akamaized.net/products/43423/43422011/images/res_b6229c9593e586241403e18a853a367d.jpg?width=720&height=720&hash=558CB32F1C249A9F96209F1706F35E42,6.43 inch,"Corning Gorilla Glass 3
DCI-P3
409 ppi
700 niti (HBM) - 1000 (Maxim)",2400 x 1080,AMOLED,5000 mAh,,Li-Po,6 GB,128 GB,MicroSD
"Telefon mobil OnePlus Nord, Dual SIM, 128GB, 8GB RAM, 5G, Gray Onyx","1.951,05 Lei",1951.05 Lei,4.43(174),https://www.emag.ro/telefon-mobil-oneplus-nord-dual-sim-128gb-8gb-ram-5g-gray-onyx-5011101198/pd/DFP473MBM/,https://s13emagst.akamaized.net/products/31568/31567314/images/res_0fe8353efe5389cd7969484211370f94.jpg?width=720&height=720&hash=0D9EB55F3EE518EDFE1523E2BA1CA159,6.44 inch,"Corning Gorilla Glass 5
408 PPI",2400 x 1080,Optic AMOLED,4115 mAh,,Li-Po,8 GB,128 GB,
Telefon mobil Oneplus7 pro 6GB RAM 128GB ROM Grey,"4.264,48 Lei",4264.48 Lei,5(1),https://www.emag.ro/telefon-mobil-oneplus7-pro-6gb-ram-128gb-rom-grey-oneplus7-pro-6-128-grey/pd/DC1ZTRBBM/,https://s13emagst.akamaized.net/products/23319/23318384/images/res_86a72d50b842dbdeb9ecd11d99e3d9ba.jpg?width=720&height=720&hash=1A8C26B25C4B4E9F954BB77669F74361,6.67 inch,,3120 x 1440,Fluid AMOLED,4000 mAh,,Li-Po,6 GB,128 GB,
"Telefon mobil Poco F7, 12GB RAM, 512GB, 5G, Black","2.926,61 Lei",2926.61 Lei,4.57(7),https://www.emag.ro/telefon-mobil-poco-f7-12gb-ram-512gb-5g-black-pocof712gb-512gbbk/pd/DPNW5X3BM/,https://s13emagst.akamaized.net/products/98697/98696913/images/res_8950cea0ae19a8eb94680bd644d72ee1.jpg?width=720&height=720&hash=BA6AD3E9FC4846E48B926146A891D09F,6.83 inch,"Dolby Vision
HDR10+
120 Hz
68B colors
700 nits (typ)
3200 nits (peak)
3840Hz PWM
1700 nits (HBM)",1280 x 2772,AMOLED,6500 mAh,Nu,,12 GB,512 GB,
"Telefon mobil Xiaomi Redmi Note 14 Pro+, 8GB RAM, 256GB ROM, 5G, Lavender Purple + Xiaomi High-capacity pen","2.265,62 Lei",2265.62 Lei,5(1),https://www.emag.ro/telefon-mobil-xiaomi-redmi-note-14-pro-8gb-ram-256gb-rom-5g-lavender-purple-xiaomi-high-capacity-pen-bndlpro-5gpur/pd/DKSD1J3BM/,https://s13emagst.akamaized.net/products/101356/101355283/images/res_17348006596157333fd8b5865883458a.jpg?width=720&height=720&hash=01697E379AFA0B066E3572C50975A643,6.67 inch,"Rata de refresh 120 Hz
3000 nits (varf)
Reading mode
Contrast ratio: 5,000,000:1
Touch sampling rate: Up to 480Hz",2712 x 1220,AMOLED,5110 mAh,Nu,,8 GB,256 GB,
"Telefon mobil Redmi Note 9T, 4GB RAM, 128GB, camera 48MP, baterie 6000mAh, negru","611,05 Lei",611.05 Lei,,https://www.emag.ro/telefon-mobil-redmi-note-9t-4gb-ram-128gb-camera-48mp-baterie-6000mah-negru-redmi-9t-4-128-black/pd/DM6J643BM/,https://s13emagst.akamaized.net/products/101806/101805603/images/res_bf49c3da39a33a73efc26dc560cf2b7d.jpg?width=720&height=720&hash=F42A5FD3E157F525506E79B1045433BE,6.53 inch,,2340 x 1080,LCD,6000 mAh,Da,,4 GB,128 GB,
"Telefon mobil Unihertz Tank 2 Pro, Dual SIM, 4G, 6.79' 120Hz Full HD+, 24GB RAM (12GB + 12GB EXT), 512GB, Proiector Video DLP, 23800mAh, 120W, NFC, IP68, Android 14","2.499,99 Lei",2499.99 Lei,5(1),https://www.emag.ro/telefon-mobil-unihertz-tank-2-pro-dual-sim-4g-6-79-120hz-full-hd-24gb-ram-12gb-12gb-ext-512gb-proiector-video-dlp-23800mah-120w-nfc-ip68-android-14-00002717/pd/DLPSS03BM/,https://s13emagst.akamaized.net/products/95646/95645840/images/res_7b977c416a7b244f591cbf85de2e5635.png?width=720&height=720&hash=8678677795848DACEF51E237CC838649,6.79 inch,"120 Hz
Touch screen",2460 x 1080,LCD,23800 mAh,Da,Li-Po,24 GB,512 GB,MicroSD
"Telefon mobil Ulefone Armor X12, Dual SIM, 4G, 5.45-inch IPS, Quad-Core, 3GB RAM, 32GB, NFC, 4860mAh, IP69/IP69K, Android 13 Go","579,99 Lei",579.99 Lei,,https://www.emag.ro/telefon-mobil-ulefone-armor-x12-dual-sim-4g-5-45-inch-ips-quad-core-3gb-ram-32gb-nfc-4860mah-ip69-ip69k-android-13-go-00002885/pd/DZWQMG3BM/,https://s13emagst.akamaized.net/products/112724/112723369/images/res_623299b19e6a6b9666cc039a6f483709.png?width=720&height=720&hash=0EFF86438A38D1530E0BC2BC511BC954,5.45 inch,60 Hz,720 x 1440,"LCD
IPS",4860 mAh,Da,Li-Po,3 GB,32 GB,MicroSDXC
"Telefon mobil Ulefone Armor 29 Ultra, Dual SIM, 5G, Dimensity 9300+ 4nm, Dual Screen AMOLED 6.67-inch 120Hz 2200nits + 1.04-inch, 32GB RAM / 1TB, Camera 50MP AF + 64MP Night + 50MP Macro Ultra Wide, Video 8K, 21200mAh, 120W, NFC, IP68/IP69K, Android 15","4.899,99 Lei",4899.99 Lei,5(1),https://www.emag.ro/telefon-mobil-ulefone-armor-29-ultra-dual-sim-5g-dimensity-9300-4nm-dual-screen-amoled-6-67-inch-120hz-2200nits-1-04-inch-32gb-ram-1tb-camera-50mp-af-64mp-night-50mp-macro-ultra-wide-video-8k-21200mah/pd/DW6W713BM/,https://s13emagst.akamaized.net/products/107308/107307088/images/res_dae160dd74c189c32a2063afd8710200.png?width=720&height=720&hash=9C3A441A76E8A9720D135BF5E62A5A38,6.67 inch,"Corning Gorilla Glass 5
120 Hz
Touch screen
900 nits (HBM)
2200 nits (peak)",2400 x 1080,AMOLED,21200 mAh,Da,Li-Po,32 GB,1 TB,MicroSD
"Telefon mobil HMD Pulse, Dual SIM, 64GB, 4GB RAM, Black","374,99 Lei",374.99 Lei,3.75(4),https://www.emag.ro/telefon-mobil-hmd-pulse-dual-sim-64gb-4gb-ram-black-286943872/pd/DKXXT9YBM/,https://s13emagst.akamaized.net/products/70410/70409037/images/res_dc7639a5219fb185960d0c86d8a87cc6.jpg?width=720&height=720&hash=C9DDEBC93625B23231224CD0833C7C6C,6.6 inch,"90 Hz
600 nits (HBM)
480 nits (typ)",720 x 1612,"LCD
IPS",5000 mAh,,,4 GB,64 GB,MicroSDXC
"Telefon mobil Xiaomi Redmi Note 10 Pro, Dual SIM, 128GB, 6GB RAM, 4G, Gradient Bronze","3.386,79 Lei",3386.79 Lei,4.08(406),https://www.emag.ro/telefon-mobil-xiaomi-redmi-note-10-pro-dual-sim-128gb-6gb-ram-4g-gradient-bronze-redmi-note-10-pro-6-128-bronz/pd/DZ1PTNMBM/,https://s13emagst.akamaized.net/products/36191/36190871/images/res_dfecb8af2f88944b8f7eab1248c5bbe2.jpg?width=720&height=720&hash=596F400CFB5B9B80FF00B9E8A70AADA1,6.67 inch,"Corning Gorilla Glass 5
395 PPI",2400 x 1080,AMOLED,5020 mAh,,Li-Po,6 GB,128 GB,MicroSD
"Telefon mobil Nothing Phone(2), 128GB, 8GB RAM, 5G, Dark Grey","2.450,00 Lei",2450.00 Lei,4.64(106),https://www.emag.ro/telefon-mobil-nothing-phone-2-128gb-8gb-ram-5g-dark-grey-nt-nph2dkgr128/pd/DN4HLFYBM/,https://s13emagst.akamaized.net/products/71748/71747897/images/res_49b2ff1b3d72009a790f1edd0667eaf7.jpg?width=720&height=720&hash=DA6C11EC4D4EFEEA477D6C9B94B20BF5,6.7 inch,"HDR10+
120 Hz
1B colors
1600 nits peak
1600 nits (HBM)",1080 x 2412,"OLED
LTPO",4700 mAh,,Li-Ion,8 GB,128 GB,
"Telefon mobil Realme GT 8 Pro, 12GB RAM, 256GB, 5G, Urban Blue","4.633,99 Lei",4633.99 Lei,,https://www.emag.ro/telefon-mobil-realme-gt-8-pro-12gb-ram-256gb-5g-urban-blue-rm-gt8proub256/pd/D8SJK83BM/,https://s13emagst.akamaized.net/products/112001/112000300/images/res_d8bb4abf3512e0c7f637d3d359e7832c.png?width=720&height=720&hash=31DE82BEB7499BA5E5A66233F521FF71,6.79 inch,"Dolby Vision
HDR10+
144 Hz
1B colors
1000 nits (typ)
2000 nits (HBM)
HDR Vivid
7000 nits (peak)",1440 x 3136,AMOLED,7000 mAh,Nu,Li-Ion,12 GB,256 GB,
"Telefon mobil Blackview HERO10, Black, 4G, Display 6.9"" Amoled Pliabil, 36GB RAM (12GB + 24GB extensibili), 256GB ROM, Android 13, MTK Helio G99, 108MP+32MP ArcSoft 9.0, OTA, NFC, Face ID, Dual SIM","2.104,86 Lei",2104.86 Lei,,https://www.emag.ro/telefon-mobil-blackview-hero10-black-4g-display-6-9-amoled-pliabil-36gb-ram-12gb-24gb-extensibili-256gb-rom-android-13-mtk-helio-g99-108mp-32mp-arcsoft-9-0-ota-nfc-face-id-dual-sim-6931548317593/pd/D7N9PCYBM/,https://s13emagst.akamaized.net/products/76100/76099952/images/res_d0b9d81940f536c9905cb9fcb12c0e47.png?width=720&height=720&hash=79927353006BD0B8A1833D7CC48ADEB0,6.9 inch,,,,,,,12 GB,256 GB,
"Telefon mobil HONOR Magic 6 Pro, Dual SIM, 12GB RAM, 512GB, 5G, Black","5.149,99 Lei",5149.99 Lei,4.38(89),https://www.emag.ro/telefon-mobil-honor-magic-6-pro-dual-sim-12gb-ram-512gb-5g-black-5109bbvn/pd/D6G7X0YBM/,https://s13emagst.akamaized.net/products/66887/66886526/images/res_f74c528be28bbd39385dcdc213c4f6e1.jpg?width=720&height=720&hash=D27CC6050BCACFA3395E92D6C73491DE,6.8 inch,"120 Hz
1.07 miliarde de culori (10 biti)
OLED",1280 x 2800,AMOLED,5600 mAh,,,12 GB,512 GB,
"Telefon mobil FOSSiBOT S3 Pro, 6.67 inch Ecran curbat AMOLED si ecran secundar rotund de 1.09 inch, Baterie 5000mAh, 4G, Android 14, 20GB RAM(6GB+14GB extensibil RAM)+128GB ROM, Pentru camping, calatorii, Negru","1.299,00 Lei",1299.00 Lei,,https://www.emag.ro/telefon-mobil-fossibot-s3-pro-6-67-inch-ecran-curbat-amoled-si-ecran-secundar-rotund-de-1-09-inch-baterie-5000mah-4g-android-14-20gb-ram-6gb-14gb-extensibil-ram-128gb-rom-pentru-camping-calatorii-negr/pd/DVJS983BM/,https://s13emagst.akamaized.net/products/112180/112179966/images/res_821bfcf6a2be0fa691a2f4836edb2ace.jpg?width=720&height=720&hash=A43114BA864D2E5AA491738831D2478D,6.67 inch,,1080 x 2400,,5000 mAh,Da,Li-Ion,6 GB,128 GB,
"Telefon mobil Motorola Razr 50, Dual SIM, 8GB RAM, 256GB, 5G, Spritz Orange","4.973,98 Lei",4973.98 Lei,4.6(15),https://www.emag.ro/telefon-mobil-motorola-razr-50-dual-sim-8gb-ram-256gb-5g-spritz-orange-pb200014pl/pd/DNNJTSYBM/,https://s13emagst.akamaized.net/products/73183/73182360/images/res_c4116b773bbe7fe5debe4cb1a2e76528.jpg?width=720&height=720&hash=B7E5765249DCE6929034EA332F8201CE,6.9 inch,,,POLED,4200 mAh,,,8 GB,256 GB,
"Telefon Mobil Kruger&Matz Drive 10, Procesor MediaTek Helio G85, Capacitive touchscreen 6.49"", 6GB RAM, 128GB Flash, Camera Tripla 108 + 8 + 8 MP, 4G, Wi-Fi, Dual SIM, Android (Negru/Portocaliu)","879,00 Lei",879.00 Lei,,https://www.emag.ro/telefon-mobil-kruger-matz-drive-10-procesor-mediatek-helio-g85-capacitive-touchscreen-6-49-6gb-ram-128gb-flash-camera-tripla-108-8-8-mp-4g-wi-fi-dual-sim-android-negru-portocaliu-km05002/pd/DZB755YBM/,https://s13emagst.akamaized.net/products/82050/82049241/images/res_dc767d105e34ab7d345d910845569d47.png?width=720&height=720&hash=23632CD485080E34842010C842197EE7,6.49 inch,,,IPS,6000 mAh,Da,,6 GB,128 GB,
"Telefon seniori butoane mari iluminate camera foto, difuzor, lanterna, agenda 150, 5 numere cu functie SOS, bluetooth, iesire casti, ceas, alarma Trevi MAX20006 argintiu","141,68 Lei",141.68 Lei,2.6(5),https://www.emag.ro/telefon-seniori-butoane-mari-iluminate-camera-foto-difuzor-lanterna-agenda-150-5-numere-cu-functie-sos-bluetooth-iesire-casti-ceas-alarma-trevi-max20006-argintiu-0max2006/pd/DFFBMXYBM/,https://s13emagst.akamaized.net/products/69295/69294346/images/res_e1097f7d44e967d653511146569fdd4c.jpg?width=720&height=720&hash=4616481715BD0037ED5FAA746F6717AE,1.77 inch,,,,,,Li-Ion,256 MB,256 GB,
"Smartphone Mini 3G Rainbuvvy, 2GB RAM, 16GB ROM, 3.0 inch, Dual SIM, Negru","277,09 Lei",277.09 Lei,3.5(2),https://www.emag.ro/smartphone-mini-3g-rainbuvvy-2gb-ram-16gb-rom-3-0-inch-dual-sim-negru-xs24progreen/pd/D8TH98YBM/,https://s13emagst.akamaized.net/products/83545/83544780/images/res_bd2e7e94ae3cd5ac67798c11b1602778.jpg?width=720&height=720&hash=9D56D759B7B13AEA9AD2B54E2022F30F,3 inch,,,,,Da,,2 GB,16 GB,
"Telefon Mobil pentru seniori Trevi Forte 70 carcasa rezistenta la socuri, camera foto, bluetooth, lanterna, tastatura mare agenda 300 numere 8 apeluri urgenta","180,25 Lei",180.25 Lei,4.5(6),https://www.emag.ro/telefon-mobil-pentru-seniori-trevi-forte-70-carcasa-rezistenta-la-socuri-camera-foto-bluetooth-lanterna-tastatura-mare-agenda-300-numere-8-apeluri-urgenta-for7000/pd/DFDQ3NYBM/,https://s13emagst.akamaized.net/products/65683/65682629/images/res_78ec328aba90fa3cdcf01b170b064c39.jpg?width=720&height=720&hash=467ED65BA25CF9636106BDD79B1B1B08,2.4 inch,,,LCD,,,,256 MB,256 MB,
"Telefon mobil HMD Barca 3210, 4G, Dual SIM, 1450 mAh, Blau","399,99 Lei",399.99 Lei,5(2),https://www.emag.ro/telefon-mobil-hmd-barca-3210-4g-dual-sim-1450-mah-blau-1gf036mpg1l04/pd/D59PPN3BM/,https://s13emagst.akamaized.net/products/94569/94568626/images/res_777394003b0bda03ed3363e2f3b49f13.jpg?width=720&height=720&hash=D2084670469F95D953809B7672EF3A78,2.4 inch,,240 x 320,,1450 mAh,Nu,Li-Ion,64 MB,128 MB,
"Telefon mobil Xiaomi Redmi 10, Dual SIM, 128GB, 4G, Pebble White","2.106,00 Lei",2106.00 Lei,4.34(70),https://www.emag.ro/telefon-mobil-xiaomi-redmi-10-dual-sim-128gb-4g-pebble-white-mzb09pheu/pd/DG7ZBXMBM/,https://s13emagst.akamaized.net/products/40657/40656250/images/res_f8f4230ec7d108bf857538784305347c.jpg?width=720&height=720&hash=01CEC22B2F8FB7708F013EEF97756EB7,6.5 inch,405 PPI,2400 x 1080,,5000 mAh,,,4 GB,128 GB,MicroSD
"Telefon Mobil Cubot J10, Dual SIM, 32GB, 1GB RAM, 3G, Verde","208,95 Lei",208.95 Lei,3(5),https://www.emag.ro/telefon-mobil-cubot-j10-dual-sim-32gb-1gb-ram-3g-verde-22240009-264/pd/D24FWFMBM/,https://s13emagst.akamaized.net/products/43177/43176770/images/res_9cf9df42622b4269c60bcfded9c6ab05.jpg?width=720&height=720&hash=62A14CE26C39DE3974A21FF2C845389D,4 inch,,480 x 854,IPS,2350 mAh,Da,Li-Ion,1 GB,32 GB,MicroSDXC
"Telefon mobil ASUS ROG Phone 9, Dual SIM, 256GB, 12GB RAM, 5G, Black","6.723,99 Lei",6723.99 Lei,,https://www.emag.ro/telefon-mobil-asus-rog-phone-9-dual-sim-256gb-12gb-ram-5g-black-ai2501-12g256g-bk/pd/DTVF75YBM/,https://s13emagst.akamaized.net/products/81434/81433783/images/res_80e6e11073910d6fd7be001a9680d164.jpg?width=720&height=720&hash=53297E3C1DB128F2CB121D0AFB5CC0A7,6.78 inch,"FHD+
Rata de reimprospatare de 165 Hz
2500 nits peak",1080 x 2400,AMOLED,5800 mAh,,,12 GB,256 GB,
"Telefon mobil realme 12 Pro, 12GB RAM, 256GB, 5G, Navigator Beige","2.033,60 Lei",2033.60 Lei,5(6),https://www.emag.ro/telefon-mobil-realme-12-pro-12gb-ram-256gb-5g-navigator-beige-130010734721/pd/DCC6YFYBM/,https://s13emagst.akamaized.net/products/71198/71197286/images/res_99194db7b26759a5a8255352aa4df878.jpg?width=720&height=720&hash=54392FA23BBDFECE79081207AFFC2245,6.7 inch,"Rata de raspuns la atingere 240 Hz
Rata de refresh 120 Hz",1080 x 2412,AMOLED,5000 mAh,,,12 GB,256 GB,
"Telefon mobil Nokia 130, DualSim, 2.4"", 1450 mAh, Granat, MP3","197,23 Lei",197.23 Lei,,https://www.emag.ro/telefon-mobil-nokia-130-dualsim-2-4-1450-mah-granat-mp3-ta-1576/pd/DC3C4WYBM/?ref=smart-history-ml_1_1&provider=rec&recid=rec_4_6c55e689d7407581e0825062c41c0df1558d65dbf05d5b1f210c835e9c7062c8_1767488855&scenario_ID=4,https://s13emagst.akamaized.net/products/85550/85549294/images/res_5d541f9824c54d0d55e5c66aa1d3cd2a.jpg?width=300&height=300&hash=6E528AE7B17757D56040F6477D2D60A6,,,,,,,,,,
"Telefon mobil iSEN F1 4G, Portocaliu, 2.4"" LCD, 0.3MP spate + 0.08MP fata, 48MB RAM, 128MB ROM, Mocor OS, Unisoc T107, IP68, QWERTY, Lanterna, 2500mAh, Dual SIM","242,74 Lei",242.74 Lei,,https://www.emag.ro/telefon-mobil-isen-f1-4g-portocaliu-2-4-lcd-0-3mp-spate-0-08mp-fata-48mb-ram-128mb-rom-mocor-os-unisoc-t107-ip68-qwerty-lanterna-2500mah-dual-sim-5943810308018/pd/D5THRL3BM/?ref=smart-history-ml_1_2&provider=rec&recid=rec_4_6c55e689d7407581e0825062c41c0df1558d65dbf05d5b1f210c835e9c7062c8_1767488855&scenario_ID=4,https://s13emagst.akamaized.net/products/106037/106036983/images/res_19832674354b490dac674da312d88687.png?width=300&height=300&hash=2FBA92C4F25043E3FCE3AA67A04D362D,,,,,,,,,,
"Telefon mobil cu taste, EVOLVEO MaxPhone A1, Dual SIM, negru, 2.4 inch, 1800 mAh","105,00 Lei",105.00 Lei,,https://www.emag.ro/telefon-mobil-cu-taste-evolveo-maxphone-a1-dual-sim-negru-2-4-inch-1800-mah-sgma1-bk/pd/D0VTJV3BM/?ref=smart-history-ml_1_3&provider=rec&recid=rec_4_6c55e689d7407581e0825062c41c0df1558d65dbf05d5b1f210c835e9c7062c8_1767488855&scenario_ID=4,https://s13emagst.akamaized.net/products/102995/102994782/images/res_5953e052611908979bd268d57a4727a4.jpg?width=300&height=300&hash=22240E214E40038CADD9E2D47B7E2BE7,,,,,,,,,,
"Telefon mobil iHunt i4 2021, 1.8-inch Display, DualSIM, 2G, Radio FM, Bluetooth, RO-Alert Activ, Lanterna, Baterie 800mAh, Black","102,85 Lei",102.85 Lei,3.72(129),https://www.emag.ro/telefon-mobil-ihunt-i4-2021-1-8-inch-display-dualsim-2g-radio-fm-bluetooth-ro-alert-activ-lanterna-baterie-800mah-black-00001300/pd/DVCG6GBBM/?ref=smart-history-ml_1_4&provider=rec&recid=rec_4_6c55e689d7407581e0825062c41c0df1558d65dbf05d5b1f210c835e9c7062c8_1767488855&scenario_ID=4,https://s13emagst.akamaized.net/products/27595/27594735/images/res_9940b588d033df47b03d1cbfc4dea1e0.jpg?width=300&height=300&hash=08B0D6D10D372CFF3D574552BF1E1127,,,,,,,,,,
"Telefon mobil Doogee Note 56, 4G, Dual SIM, Octa-Core, 6.56' 90Hz IPS, 24GB RAM (3GB Base+ 21GB virtuali), 50MP AI, 6150mAh, Android 16, White","449,99 Lei",449.99 Lei,,https://www.emag.ro/telefon-mobil-doogee-note-56-4g-dual-sim-octa-core-6-56-90hz-ips-24gb-ram-3gb-base-21gb-virtuali-50mp-ai-6150mah-android-16-white-00003180/pd/DXVHK83BM/?ref=smart-history-ml_1_5&provider=rec&recid=rec_4_6c55e689d7407581e0825062c41c0df1558d65dbf05d5b1f210c835e9c7062c8_1767488855&scenario_ID=4,https://s13emagst.akamaized.net/products/111996/111995511/images/res_1be66840580faf8f17a87e90607feef2.png?width=300&height=300&hash=27C81FB5D9CB363303B62C14E0A0CA76,,,,,,,,,,
"Telefon mobil robust EAOR HP220, 2.4 inch, 4500mAh, IP68, Dual SIM, Bluetooth 2.1, 0.08MP, 137.8x64.0x19.2mm, 185g","350,90 Lei",350.90 Lei,,https://www.emag.ro/telefon-mobil-robust-eaor-hp220-2-4-inch-4500mah-ip68-dual-sim-bluetooth-2-1-0-08mp-137-8x64-0x19-2mm-185g-htcl-hp220-black/pd/D914NQYBM/?ref=smart-history-ml_1_6&provider=rec&recid=rec_4_6c55e689d7407581e0825062c41c0df1558d65dbf05d5b1f210c835e9c7062c8_1767488855&scenario_ID=4,https://s13emagst.akamaized.net/products/79710/79709911/images/res_1343f7d72311147a13a8c38c809bf659.jpg?width=300&height=300&hash=8906DA4F5C2432EC62B6B7D2C498BBE3,,,,,,,,,,
"Telefon mobil Poco F6, 12GB RAM, 512GB, 5G, Titanium","1.800,00 Lei",1800.00 Lei,4.72(25),https://www.emag.ro/telefon-mobil-poco-f6-12gb-ram-512gb-5g-titanium-pco-f6tnm512gb/pd/DBD33JYBM/,https://s13emagst.akamaized.net/products/72128/72127080/images/res_a5871cd97da912feb828761d45dc1902.jpg?width=720&height=720&hash=7DF130774A0E17B04B24EC18AA2FDA42,6.67 inch,"Dolby Vision
HDR10+
120 Hz
68B colors
1200 niti HBM
2400 nits (peak)
500 nits (typ)",2712 x 1220,AMOLED,5000 mAh,,Li-Ion,12 GB,512 GB,
"Telefon mobil Motorola Razr 50, Dual SIM, 8GB RAM, 256GB, 5G, Koala Grey","3.210,00 Lei",3210.00 Lei,4.6(15),https://www.emag.ro/telefon-mobil-motorola-razr-50-dual-sim-8gb-ram-256gb-5g-koala-grey-pb200012pl/pd/DTNJTSYBM/,https://s13emagst.akamaized.net/products/73183/73182358/images/res_671309ee932424570b5fa26061924b89.jpg?width=720&height=720&hash=F1EDD57887E90745B34D9A92E4838C00,6.9 inch,,,POLED,4200 mAh,,,8 GB,256 GB,
"Telefon mobil Fairphone 5, 256GB, 8GB RAM, 5G, Transparent Edition","3.329,22 Lei",3329.22 Lei,,https://www.emag.ro/telefon-mobil-fairphone-5-256gb-8gb-ram-5g-transparent-edition-fp-fipe5tsed/pd/D0VVCKYBM/,https://s13emagst.akamaized.net/products/65261/65260156/images/res_34fee5057e0a3d4ffd3ebf2991e56084.jpg?width=720&height=720&hash=079DFCA61101C22A1636B261D9773638,6.46 inch,"90 Hz
880 nits peak",1224 x 2700,OLED,4200 mAh,Da,Li-Ion,8 GB,256 GB,MicroSDXC
"Telefon mobil Allview, Dual SIM, L802, Blue","67,76 Lei",67.76 Lei,4.6(5),https://www.emag.ro/telefon-mobil-allview-dual-sim-l802-blue-l802blue/pd/DH5PDSYBM/,https://s13emagst.akamaized.net/products/73150/73149254/images/res_b896f076bfc8fac6d58a04f854b43e63.jpg?width=720&height=720&hash=42261A88B9DC7DFA521007843959F4FB,1.77 inch,128x160,,TFT,800 mAh,Da,Li-Ion,4 MB,4 MB,MicroSD
"Telefon mobil Doogee Fire 3, 4G, Dual SIM, 5.5-inch IPS, Octa-Core, 64GB, NFC, 8350mAh, Android 15, Green","619,99 Lei",619.99 Lei,,https://www.emag.ro/telefon-mobil-doogee-fire-3-4g-dual-sim-5-5-inch-ips-octa-core-64gb-nfc-8350mah-android-15-green-00003175/pd/DSWQMG3BM/,https://s13emagst.akamaized.net/products/106013/106012400/images/res_b081d3b03a4c532e62c1216167985fab.png?width=720&height=720&hash=BC28DCB5536C48DA7764CE1DF87D0030,5.5 inch,Touch screen,720 x 1440,IPS,8350 mAh,Da,Li-Po,3 GB,64 GB,MicroSD
"Telefon mobil Doogee S200 Plus Dimensity 7300, 5G, Dual SIM, 512GB, 32GB RAM, 6.72-inch IPS 120Hz + 1.32-inch AMOLED, NFC, IP68/IP69K, Android 14, Red","1.995,99 Lei",1995.99 Lei,,https://www.emag.ro/telefon-mobil-doogee-s200-plus-dimensity-7300-5g-dual-sim-512gb-32gb-ram-6-72-inch-ips-120hz-1-32-inch-amoled-nfc-ip68-ip69k-android-14-red-6923740248034/pd/DW1VMY3BM/,https://s13emagst.akamaized.net/products/87783/87782327/images/res_0861033f4313c2a6e8abcdcfff67b8af.jpg?width=720&height=720&hash=EBE700F9B08BDF132F4601E8BC8BC565,6.72 inch,,,,,Da,,12 GB,512 GB,
"Telefon mobil HMD Skyline, Dual SIM, 256GB, 12GB RAM, 5G, Neon Pink","1.499,99 Lei",1499.99 Lei,4.67(3),https://www.emag.ro/telefon-mobil-hmd-skyline-dual-sim-256gb-12gb-ram-5g-neon-pink-hq50200045zq0/pd/DBN7H4YBM/,https://s13emagst.akamaized.net/products/75138/75137986/images/res_7db5d7032985518fc31ee2517b340833.jpg?width=720&height=720&hash=3ADC6A934E045CA35507E3363B595796,6.55 inch,Rata de reimprospatare de 144 Hz,,P-OLED,4600 mAh,,,12 GB,256 GB,
"Telefon mobil Infinix NOTE 40 PRO+, 12GB RAM, 256GB, 5G, Racing Grey","2.140,49 Lei",2140.49 Lei,4(2),https://www.emag.ro/telefon-mobil-infinix-note-40-pro-12gb-ram-256gb-5g-racing-grey-10057673/pd/DXWR0CYBM/,https://s13emagst.akamaized.net/products/74560/74559512/images/res_e227ec4fc0cc11974751f6494bf7f6bf.jpg?width=720&height=720&hash=6BEC4D801CBC1FD3006EFA7FAEE30362,6.78 inch,,1080 x 2436,AMOLED,4600 mAh,,,12 GB,256 GB,
"Telefon mobil OnePlus 9 Pro, Dual SIM, 256GB, 12GB RAM, 5G, Pine Green","4.879,45 Lei",4879.45 Lei,4.05(87),https://www.emag.ro/telefon-mobil-oneplus-9-pro-dual-sim-256gb-12gb-ram-5g-pine-green-5011101616/pd/DKS6HTMBM/,https://s13emagst.akamaized.net/products/35448/35447981/images/res_e560dfd55d46434e7c1c7f7d5362a6ff.jpg?width=720&height=720&hash=81EB924D448BFA020EE7847304035759,6.7 inch,"Rata de reimprospatare de 120 Hz
525 ppi
Tehnologie LTPO
Certificare SGS Eye Care Display
Suport HDR10+
Efect Vibrant Color Pro
Motion Graphics Smoothing
Mod Citire
Night Mode",3216 x 1440,AMOLED,4500 mAh,,,12 GB,256 GB,
"Telefon mobil Samsung Galaxy A16, Dual SIM, 8GB, 128 GB, 4G, Gri","858,99 Lei",858.99 Lei,,https://www.emag.ro/telefon-mobil-samsung-galaxy-a16-dual-sim-8gb-128-gb-4g-gri-sm-165f-8-128-gry/pd/DT7GVJ3BM/,https://s13emagst.akamaized.net/products/101229/101228058/images/res_6e5d5b13c15d0f7b1cb4ed3eb90f8b40.jpg?width=720&height=720&hash=C897B6728EC8DBBCF0AC86611A2B2104,6.7 inch,,1080 x 2340,Super AMOLED,,Nu,,8 GB,128 GB,
"Telefon mobil Maxcom MM334, Single SIM, 4G,Black","421,84 Lei",421.84 Lei,4.5(2),https://www.emag.ro/telefon-mobil-maxcom-mm334-single-sim-4g-black-mm334-black/pd/DFXRRLYBM/,https://s13emagst.akamaized.net/products/77422/77421461/images/res_8ba1b88249035b48f550eebb5443a40c.jpg?width=720&height=720&hash=86520A4190FE6E294AFB87DFC208D837,3.2 inch,,240 x 320,,1400 mAh,,Li-Ion,64 MB,128 MB,
"Telefon mobil Realme 12 Pro, 8GB RAM, 256GB, 5G, Navigator Beige","1.149,50 Lei",1149.50 Lei,,https://www.emag.ro/telefon-mobil-realme-12-pro-8gb-ram-256gb-5g-navigator-beige-rme-12pro8gb-nb/pd/DBHZ2PYBM/,https://s13emagst.akamaized.net/products/68482/68481201/images/res_3c4dcde634127691fbf547f9efa8d84a.jpg?width=720&height=720&hash=CD2064D76E393E8BD457BAC020F82188,6.7 inch,"120 Hz
1B colors
800 nits (HBM)
950 nits (peak)",1080 x 2412,AMOLED,5000 mAh,,,8 GB,256 GB,
"Telefon mobil Oppo Find X5 Lite, 5G, 256 GB, 8 GB RAM, Dual-SIM, Starlight Black","1.342,99 Lei",1342.99 Lei,4.67(3),https://www.emag.ro/telefon-mobil-oppo-find-x5-lite-5g-256-gb-8-gb-ram-dual-sim-starlight-black-oppo-findx5lbk-5g-8-256/pd/DPPZCCMBM/,https://s13emagst.akamaized.net/products/47717/47716917/images/res_84ef63c0905fab4c4206b8f44c52de29.jpg?width=720&height=720&hash=998E798DA06932F0C10C5F62CA2161AC,6.43 inch,90 Hz,1080 x 2400,AMOLED,4500 mAh,,Li-Po,8 GB,256 GB,MicroSDXC
"O cartelă SIM, 2GB / 100 minute, neactivată, preplătită","23,62 Lei",23.62 Lei,,https://www.emag.ro/o-cartela-sim-2gb-100-minute-neactivata-preplatita-5999539967524/pd/DYM38X3BM/,https://s13emagst.akamaized.net/products/98731/98730290/images/res_9b418ce4f55d854058b7072afac23166.jpg?width=720&height=720&hash=420838F481478EACA0CD269CFFC4E9B4,,,,,,,,0 MB,0 MB,
"Telefon mobil Poco X6 Pro, 256GB, 8GB RAM, 5G, Gray","1.893,93 Lei",1893.93 Lei,4.58(80),https://www.emag.ro/telefon-mobil-poco-x6-pro-256gb-8gb-ram-5g-gray-mzb0fvfeu/pd/D59VCKYBM/,https://s13emagst.akamaized.net/products/65261/65260043/images/res_4cfb271c70dd4d42108747e5e4bec99b.jpg?width=720&height=720&hash=9674245C78303BDB0EE8676A6C1B355A,6.67 inch,"Dolby Vision
HDR10+
120 Hz
68B colors",2712 x 1220,AMOLED,5000 mAh,Da,Li-Po,8 GB,256 GB,
"Telefon mobil Xiaomi Redmi 12, 8GB RAM, 128GB, 4G, Sky Blue","1.317,05 Lei",1317.05 Lei,4.28(262),https://www.emag.ro/telefon-mobil-xiaomi-redmi-12-8gb-ram-128gb-4g-sky-blue-xio-xrdm12skbl/pd/DBC32YYBM/,https://s13emagst.akamaized.net/products/59229/59228011/images/res_f786e593a0dfdaca11315d5aa83976cf.jpg?width=720&height=720&hash=82B5D9382BF50B1FF08AF5D9E72D2753,6.79 inch,"90 Hz
550 niti",1080 x 2460,"LCD
IPS",5000 mAh,,Li-Po,8 GB,128 GB,MicroSDXC
"Telefon robust Blackview BV5300 Plus, 12GB RAM+128GB ROM, Android 13, 6580mAh, Octa-core 2.0GHz, 6, 1-inch HD+, Camera 13MP, Verde","849,99 Lei",849.99 Lei,5(1),https://www.emag.ro/telefon-robust-blackview-bv5300-plus-12gb-ram-128gb-rom-android-13-6580mah-octa-core-2-0ghz-6-1-inch-hd-camera-13mp-verde-bv5300plus-8-128-vert-01/pd/DRX2MZYBM/,https://s13emagst.akamaized.net/products/77610/77609827/images/res_8fe2866d4ae25c0dd533a08a9417997b.jpg?width=720&height=720&hash=B24B02259545D2B4750EDB68022E3334,6.088 inch,60 Hz,1560 x 720,IPS,6580 mAh,Nu,Li-Ion,8 GB,128 GB,MicroSD
"Telefon mobil Vivo X300, Dual Sim, 5G, 16GB/512GB, Roze","6.999,00 Lei",6999.00 Lei,,https://www.emag.ro/telefon-mobil-vivo-x300-dual-sim-5g-16gb-512gb-roze-8565412/pd/D2GHK83BM/,https://s13emagst.akamaized.net/products/111996/111995843/images/res_a6f769ff8599d33d7d50bfb992224fe9.jpg?width=720&height=720&hash=5DE3498A92BC0C40FD8E838F81B2EBE6,,,,,,,,16 GB,512 GB,
"Telefon mobil HMD Pulse, Dual SIM, 64GB, 4GB RAM, Pink","374,89 Lei",374.89 Lei,3.75(4),https://www.emag.ro/telefon-mobil-hmd-pulse-dual-sim-64gb-4gb-ram-pink-286943851/pd/D7YT99YBM/,https://s13emagst.akamaized.net/products/70612/70611464/images/res_341e8755dd34804997f69f09806aa447.jpg?width=720&height=720&hash=E4ED4D0BFAC703DB03383BD20E40CB46,6.56 inch,"Aspect Ratio: 20:9
HD+",1612 x 720,,5000 mAh,,,4 GB,64 GB,MicroSD
"Telefon Mobil DOOGEE N55 Plus, 4G, Dual SIM, IPS 6.56-inch 90Hz, Octa-Core, 20GB RAM, 128GB, Wi-Fi, Bluetooth, Camera 13+8MP, 5150mAh, Android 14, Negru","499,99 Lei",499.99 Lei,,https://www.emag.ro/telefon-mobil-doogee-n55-plus-4g-dual-sim-ips-6-56-inch-90hz-octa-core-20gb-ram-128gb-wi-fi-bluetooth-camera-13-8mp-5150mah-android-14-negru-n55plus-black-js/pd/D42K11YBM/,https://s13emagst.akamaized.net/products/79193/79192309/images/res_1f24eba3b037fa2a624073b28e7ce1b6.png?width=720&height=720&hash=0C7709CCF51E3BB29A9F9D34C629AD28,6.56 inch,"90 Hz
MOHS Level 6",720 x 1612,IPS,5150 mAh,Da,Li-Ion,8 GB,128 GB,MicroSD
"Telefon Mobil Seniori cu Butoane Mari CZAY®, Meniu in Limba Romana, Maghiara, Autonomie 7 Zile, Volum Puternic Reglabil, Buton SOS, 2G, Dual Sim, Ecran LCD Mare, Color, Usor de Folosit pentru Varstnici, Pensionari si Bunici, Camera Foto, Lanterna, Radio","259,98 Lei",259.98 Lei,4.68(40),https://www.emag.ro/telefon-mobil-seniori-cu-butoane-mari-czayr-meniu-in-limba-romana-maghiara-autonomie-7-zile-volum-puternic-reglabil-buton-sos-2g-dual-sim-ecran-lcd-mare-color-usor-de-folosit-pentru-varstnici-pensiona/pd/DB6RKJ3BM/,https://s13emagst.akamaized.net/products/100927/100926979/images/res_e7820bd378fa81d90fdb17e818c32686.png?width=720&height=720&hash=12CE47B7A5A1901D1065EEF0216A1FAA,2.4 inch,,320 x 240,LCD,1000 mAh,Da,Li-Ion,32 MB,32 MB,MicroSD
"Telefon mobil Doogee Note 56, 4G, Dual SIM, Octa-Core, 6.56' 90Hz IPS, 24GB RAM (3GB Base+ 21GB virtuali), 6150mAh, Android 16, Black","449,99 Lei",449.99 Lei,,https://www.emag.ro/telefon-mobil-doogee-note-56-4g-dual-sim-octa-core-6-56-90hz-ips-24gb-ram-3gb-base-21gb-virtuali-6150mah-android-16-black-00003179/pd/DPVHK83BM/,https://s13emagst.akamaized.net/products/111996/111995510/images/res_621ea877e73b9a9f1d3b76dca2b3d080.png?width=720&height=720&hash=309CC241F566BE0F428EECFFBFDF2B2F,6.56 inch,"90 Hz
Touch screen",720 x 1612,IPS,6150 mAh,Da,Li-Po,24 GB,64 GB,MicroSD
"Telefon mobil Poco M7 Pro, 8GB RAM, 256GB, 5G, Olive Twilight","985,00 Lei",985.00 Lei,3(1),https://www.emag.ro/telefon-mobil-poco-m7-pro-8gb-ram-256gb-5g-olive-twilight-pc-m7prooltw256/pd/DWTD0D3BM/,https://s13emagst.akamaized.net/products/91733/91732502/images/res_4e1a81787ef368b1d1c33fb4a66f883c.jpg?width=720&height=720&hash=87B8C65E745F2D9C4AE04988E517D4CA,6.67 inch,"Dolby Vision
HDR10+
120 Hz
2100 nits (peak)",1080 x 2400,AMOLED,5110 mAh,Nu,Li-Po,8 GB,256 GB,MicroSDXC
"Telefon mobil OPPO Reno8 Pro, Dual SIM, 256GB, 8GB RAM, 5G, Glazed Black","1.914,86 Lei",1914.86 Lei,4.88(16),https://www.emag.ro/telefon-mobil-oppo-reno8-pro-dual-sim-256gb-8gb-ram-5g-glazed-black-6045719/pd/DWKB3ZMBM/,https://s13emagst.akamaized.net/products/49037/49036267/images/res_a9ce8396aba1721a9b66743f6844d98f.jpg?width=720&height=720&hash=C5CEFD56B8BC4CFF0F93834378EE7449,6.7 inch,"Rata de reimprospatare de 120 Hz
FHD",2412 x 1080,AMOLED,4500 mAh,,Li-Po,8 GB,256 GB,
"Telefon mobil TCL 60 SE, 8GB RAM, 512GB, Negru","779,99 Lei",779.99 Lei,,https://www.emag.ro/telefon-mobil-tcl-60-se-8gb-ram-512gb-negru-t517h-2alca112/pd/DLCPQL3BM/,https://s13emagst.akamaized.net/products/106009/106008551/images/res_2c03e9a71438d4b82553fd07541ce611.jpg?width=720&height=720&hash=EC49D7FF3AE51196690EAAD7E4D45FE8,6.7 inch,"20:9
Rata de Refresh 90Hz
480 nits",720 x 1600,"LCD
IPS",5200 mAh,,,8 GB,512 GB,
"Telefon mobil Blackview WAVE 8, 4G, 6.56"" HD+, 4G Octa-Core, 13MP+8MP AI Camera 5000mAh/10W Cell Phone, 12GB Ram(4GB + 8GB / 2TB), 256GB Rom, Android 15, 5000mAh, GPS/Fingerprint/Face ID, Albastru","599,99 Lei",599.99 Lei,5(1),https://www.emag.ro/telefon-mobil-blackview-wave-8-4g-6-56-hd-4g-octa-core-13mp-8mp-ai-camera-5000mah-10w-cell-phone-12gb-ram-4gb-8gb-2tb-256gb-rom-android-15-5000mah-gps-fingerprint-face-id-albastru-wave8-4-256-albastru/pd/DJ02ZT3BM/,https://s13emagst.akamaized.net/products/93012/93011672/images/res_e876fec07f9634e0b716ea890de8b7a0.jpg?width=720&height=720&hash=49CF45DB809DC3DAFE3422132831326F,6.56 inch,90 Hz,720 x 1612,IPS,5000 mAh,Da,Li-Ion,4 GB,256 GB,MicroSD
"Telefon mobil Maxcom MM828 4G, Dual SIM, Blue","219,99 Lei",219.99 Lei,4(7),https://www.emag.ro/telefon-mobil-maxcom-mm828-4g-dual-sim-blue-mm828-4g-blue/pd/DK6CJFYBM/,https://s13emagst.akamaized.net/products/71608/71607838/images/res_e90072fe96bda6b7eb7ac467542ed0a0.jpg?width=720&height=720&hash=7A8659A03E4B0197DC1FA06E7A6B4071,2.4 inch,,,LCD,1200 mAh,,Li-Ion,48 MB,128 MB,
"Telefon mobil Poco X6 Pro, 256GB, 8GB RAM, 5G, Yellow","1.919,34 Lei",1919.34 Lei,4.58(80),https://www.emag.ro/telefon-mobil-poco-x6-pro-256gb-8gb-ram-5g-yellow-poco-x6pro-8-256-yellow/pd/D89VCKYBM/,https://s13emagst.akamaized.net/products/65261/65260045/images/res_6258ea33753bb7a52cea6bd26d58dcbb.jpg?width=720&height=720&hash=AF2C5DEDF664E8A7DAAFA7984B75C968,6.67 inch,"Dolby Vision
HDR10+
120 Hz
68B colors",1220 x 2712,AMOLED,5000 mAh,Da,,8 GB,256 GB,
"Telefon mobil Ulefone Armor 30 Pro, Dual SIM, 5G, Dual Display, 6.95' 120Hz Full HD+, MTK Dimensity 7300x, 32GB RAM (16GB + 16GB RAM), 512GB, 12800mAh, 66W, NFC, Android 15","2.299,99 Lei",2299.99 Lei,,https://www.emag.ro/telefon-mobil-ulefone-armor-30-pro-dual-sim-5g-dual-display-6-95-120hz-full-hd-mtk-dimensity-7300x-32gb-ram-16gb-16gb-ram-512gb-12800mah-66w-nfc-android-15-932572544/pd/D8CCKH3BM/,https://s13emagst.akamaized.net/products/96305/96304380/images/res_3d3bd15e1df2747eeb60a6498114d28e.png?width=720&height=720&hash=4CFE020E685C9057C9DE7C588A4316DA,"6.95 inch
3.4 inch","Corning Gorilla Glass 5
120 Hz
Touch screen","2460 x 1080
412 x 960","LCD
IPS",12800 mAh,Da,Li-Po,12 GB,512 GB,MicroSD
"Telefon seniori butoane mari ecran 2,4"" camera foto radio FM difuzor lanterna functie SOS bluetooth myphone 6320 - myPhone","158,12 Lei",158.12 Lei,1(1),https://www.emag.ro/telefon-seniori-butoane-mari-ecran-2-4-camera-foto-radio-fm-difuzor-lanterna-functie-sos-bluetooth-myphone-6320-myphone-metel000759/pd/DSYN0RYBM/,https://s13emagst.akamaized.net/products/80653/80652960/images/res_04aa55d486696d99bf07313a2833d9d7.jpg?width=720&height=720&hash=9E6E20A850F4D07969110B862E87445B,2.4 inch,,,,1000 mAh,,Li-Po,24 MB,32 MB,
"Telefon Mobil Cubot KING KONG ES, 4G, 6.56 inch HD+ 90Hz, 16GB RAM (6GB + 10GB extensibili), 128GB ROM, Android 14, Negru","1.142,77 Lei",1142.77 Lei,,https://www.emag.ro/telefon-mobil-cubot-king-kong-es-4g-6-56-inch-hd-90hz-16gb-ram-6gb-10gb-extensibili-128gb-rom-android-14-negru-6924136722633/pd/D4C5XLYBM/,https://s13emagst.akamaized.net/products/77066/77065151/images/res_bc9a1a86f01246b8b72abb69ab8f7f2a.jpg?width=720&height=720&hash=048A0BB5615016A76917C057096EB7F3,6.56 inch,,720 x 1612,IPS,5100 mAh,Da,Li-Po,6 GB,128 GB,
"Telefon Mobil Xiaomi Redmi 15C 5G, Procesor Octa-Core, 4GB RAM, 128GB, Verde, IPS LCD 6.9""","618,99 Lei",618.99 Lei,,https://www.emag.ro/telefon-mobil-xiaomi-redmi-15c-5g-procesor-octa-core-4gb-ram-128gb-verde-ips-lcd-6-9-kxg0312362/pd/DLWDJV3BM/,https://s13emagst.akamaized.net/products/102995/102994204/images/res_7f6de0e283523eb94f35c29de2d81321.png?width=720&height=720&hash=FEDCB3BE06931B27670FC73C158FB42D,6.9 inch,,,,,,,4 GB,128 GB,
"Telefon mobil HMD Fusion 5G, Dual SIM, 128GB, 6GB RAM, Noir","799,99 Lei",799.99 Lei,3.5(2),https://www.emag.ro/telefon-mobil-hmd-fusion-5g-dual-sim-128gb-6gb-ram-noir-101sq503h042/pd/DDMQ71YBM/,https://s13emagst.akamaized.net/products/78672/78671341/images/res_3380a6b43c351c35fd43653820e59fc4.jpg?width=720&height=720&hash=89BF4B7C760D847A5C6BB48F695940EA,6.56 inch,"HD+
Rata de Refresh 90Hz
600 niti",720 x 1612,,5000 mAh,,,6 GB,128 GB,
"Telefon mobil Motorola Moto G62 , Dual SIM, 128GB, 4GB RAM, 5G, Midnight Grey","1.450,37 Lei",1450.37 Lei,4.62(21),https://www.emag.ro/telefon-mobil-motorola-moto-g62-dual-sim-128gb-4gb-ram-5g-midnight-grey-pau90016pl/pd/DCR83CMBM/,https://s13emagst.akamaized.net/products/47217/47216647/images/res_c986042a8c60cbedf5102d5445b0918b.jpg?width=720&height=720&hash=E981276A79AFF2F05F5E3B90F7946E38,6.5 inch,"405 PPI
Rata de reimprospatare de 120 Hz",1080 x 2400,"LCD
IPS",5000 mAh,,,4 GB,128 GB,
"Telefon mobil Blackview BV9300 Pro, 24GB Ram(12GB+12GB extensibili), 256GB Rom, 15080mAh, Ecran dublu 6.7"", Afisator de ceas, Android 13, Caracteristici faciale/NFC/amprente digitale, Portocaliu","1.549,99 Lei",1549.99 Lei,,https://www.emag.ro/telefon-mobil-blackview-bv9300-pro-24gb-ram-12gb-12gb-extensibili-256gb-rom-15080mah-ecran-dublu-6-7-afisator-de-ceas-android-13-caracteristici-faciale-nfc-amprente-digitale-portocaliu-bv9300pro-12-25/pd/DM2YMZYBM/,https://s13emagst.akamaized.net/products/77608/77607602/images/res_bdd9838b7f69ef68a9458d745adef4f0.jpg?width=720&height=720&hash=CF808A53EAA8D62D6F31419651D5EEA1,6.7 inch,120 Hz,1080 x 2388,IPS,15080 mAh,Da,Li-Ion,12 GB,256 GB,MicroSD
"Telefon Mobil LAGENIO Panther 2 Pro, Alb, 4G, 6.7"" HD+ 120Hz, 24GB RAM (8GB + 16GB Extensibili), 256GB ROM, 50MP, Android 15, Unisoc T7250, Lumini RGB, NFC, OTG, 5150mAh, 18W, Dual SIM","815,14 Lei",815.14 Lei,,https://www.emag.ro/telefon-mobil-lagenio-panther-2-pro-alb-4g-6-7-hd-120hz-24gb-ram-8gb-16gb-extensibili-256gb-rom-50mp-android-15-unisoc-t7250-lumini-rgb-nfc-otg-5150mah-18w-dual-sim-6976561420189/pd/DZWHJ53BM/,https://s13emagst.akamaized.net/products/110388/110387178/images/res_8d3aafd6379fa385e4effa5f50133a90.png?width=720&height=720&hash=CBA3F1CF45379B082CC2F6AB0720D0AA,,,,,,,,8 GB,256 GB,
"Telefon Mobil ZTE Nubia Red Magic 9S Pro, Procesor Qualcomm SM8650-AB Snapdragon 8 Gen 3 Octa-Core, AMOLED, Capacitive Touchscreen 6.8"", 16GB RAM, 512GB Flash, Camera Tripla 50+50+2MP, Wi-Fi, 5G, Dual Sim, Android, Negru","5.082,00 Lei",5082.00 Lei,5(1),https://www.emag.ro/telefon-mobil-zte-nubia-red-magic-9s-pro-procesor-qualcomm-sm8650-ab-snapdragon-8-gen-3-octa-core-amoled-capacitive-touchscreen-6-8-16gb-ram-512gb-flash-camera-tripla-50-50-2mp-wi-fi-5g-dual-sim-andro/pd/DLV2MZYBM/,https://s13emagst.akamaized.net/products/77610/77609978/images/res_e69a93b3abe0571ac4a05657ff3708c9.png?width=720&height=720&hash=ECE65CDEF2A16479615146FA360C5EE9,6.8 inch,,,AMOLED,,Da,,16 GB,512 GB,
"Telefon mobil ZTE Blade A34, Dual SIM, 2GB RAM, 64GB, 4G, Grey","420,37 Lei",420.37 Lei,4.06(16),https://www.emag.ro/telefon-mobil-zte-blade-a34-dual-sim-2gb-ram-64gb-4g-grey-6902176101595/pd/D21TJ1YBM/,https://s13emagst.akamaized.net/products/78984/78983385/images/res_3d5fd94d7f8a83dc781e308716e94c7c.jpg?width=720&height=720&hash=109AE8F244EAFD203C6AA2EDD2311EDF,6.6 inch,HD+,1612 x 720,IPS,5000 mAh,,,2 GB,64 GB,
"Telefon mobil Realme 14X 6GB RAM, 128GB, 5G, dual SIM negru","654,61 Lei",654.61 Lei,,https://www.emag.ro/telefon-mobil-realme-14x-6gb-ram-128gb-5g-dual-sim-negru-14x-6-128-black/pd/DYRH743BM/,https://s13emagst.akamaized.net/products/103595/103594644/images/res_eeeecfe6949a7250ad0c0f0d8ecd7817.jpg?width=720&height=720&hash=4CC842DE2941867D28BA03C1544D7D09,6.7 inch,120 Hz,1604 x 720,AMOLED,5000 mAh,Da,Li-Po,6 GB,128 GB,MicroSD
"Telefon mobil Oukitel WP39 Pro, Dual SIM, 5G, Octa-Core, 6.6-inch 2K IPS, 36GB RAM, 512GB, Amprenta, NFC, 11000mAh, IP68/IP69K, Android 14, Green","1.449,99 Lei",1449.99 Lei,,https://www.emag.ro/telefon-mobil-oukitel-wp39-pro-dual-sim-5g-octa-core-6-6-inch-2k-ips-36gb-ram-512gb-amprenta-nfc-11000mah-ip68-ip69k-android-14-green-00003139/pd/DKFN683BM/,https://s13emagst.akamaized.net/products/112560/112559520/images/res_c954abf3589439140b496da6e651fc15.png?width=720&height=720&hash=6603C84EF268461E48973B817449832C,6.6 inch,"Corning Gorilla Glass 5
Touch screen
450 nits",1080 x 2408,IPS,11000 mAh,Da,Li-Po,36 GB,512 GB,MicroSD
"Telefon mobil HMD Pulse+, Dual SIM, 128GB, 4GB RAM, Green","449,99 Lei",449.99 Lei,4.81(16),https://www.emag.ro/telefon-mobil-hmd-pulse-dual-sim-128gb-4gb-ram-green-286943905/pd/DDYT99YBM/,https://s13emagst.akamaized.net/products/70612/70611465/images/res_128770907259721d71b317d090e2e788.jpg?width=720&height=720&hash=55D9FD8A95EFEE4983DAE547B46A878E,6.56 inch,HD+,1612 x 720,,5000 mAh,,,4 GB,128 GB,MicroSD
"Telefon mobil ZTE Nubia FLIP, Dual SIM, 12GB RAM, 512GB, 5G, Gold","2.599,00 Lei",2599.00 Lei,,https://www.emag.ro/telefon-mobil-zte-nubia-flip-dual-sim-12gb-ram-512gb-5g-gold-nx724j12-512-gold/pd/D1K5L13BM/,https://s13emagst.akamaized.net/products/107780/107779304/images/res_90baccd66ccb2b9d8f4f95365a41d59f.jpg?width=720&height=720&hash=21E8B7C71AAA83AB5B220C97EEC62C15,6.9 inch,,2790 x 1188,OLED,4310 mAh,,,12 GB,512 GB,
"Telefon mobil HMD Barca Fusion, Dual SIM, 128GB, 6GB RAM, 5G, Noir","899,99 Lei",899.99 Lei,4(1),https://www.emag.ro/telefon-mobil-hmd-barca-fusion-dual-sim-128gb-6gb-ram-5g-noir-101sq503h055/pd/D69PPN3BM/,https://s13emagst.akamaized.net/products/94569/94568627/images/res_dfe65d184ddccf9c08aca5bbde8a84c8.jpg?width=720&height=720&hash=8A1B8A168E5D14964307B6B274B789DF,6.56 inch,Rata de reimprospatare de 90 Hz,720 x 1612,IPS,5000 mAh,Nu,Li-Po,6 GB,128 GB,
"Telefon mobil, Panasonic, KX-TU446EXR, Rosu","398,99 Lei",398.99 Lei,4.5(2),https://www.emag.ro/telefon-mobil-panasonic-rosu-kx-tu446exr/pd/DQ4F7WMBM/,https://s13emagst.akamaized.net/products/56499/56498764/images/res_c86263059bd110ca8ed43a8b4b6c33d9.jpg?width=720&height=720&hash=EC5FFC42E4C7C3F651ED1D5102E5C213,2.4 inch,,320 x 240,"LCD
TFT",,,,0 MB,0 MB,MicroSD
"Telefon militar Land Rover Hodoo L9, 3800 mAh, dual SIM, FM radio, lanterna","87,45 Lei",87.45 Lei,2.2(10),https://www.emag.ro/telefon-militar-land-rover-hodoo-l9-3800-mah-dual-sim-fm-radio-lanterna-dhjllnbbm/pd/DHJLLNBBM/,https://s13emagst.akamaized.net/products/8958/8957988/images/res_50df924190f8abffd14918c9310f93e2.jpg?width=720&height=720&hash=A5C29F2274150000B329791BACC8E2F1,1.7 inch,,240 x 320,IPS,3800 mAh,,,1 GB,,
"Telefon mobil Huawei Nova 8i, Dual SIM, 6GB RAM, 128GB, 4G, Starry Black","1.525,20 Lei",1525.20 Lei,3.67(66),https://www.emag.ro/telefon-mobil-huawei-nova-8i-dual-sim-6gb-ram-128gb-4g-starry-black-51096kmf/pd/D6KSHXMBM/,https://s13emagst.akamaized.net/products/40980/40979237/images/res_869c9c016c388cc5183aee88361ede16.jpg?width=720&height=720&hash=9FF32D7F7B3B5FE72DF711B316BB3078,6.67 inch,16.7 milioane culori,2376 x 1080,IPS,4300 mAh,,Li-Po,6 GB,128 GB,
"Telefon mobil Maxcom MM828 4G, Dual SIM, Black","219,99 Lei",219.99 Lei,4(7),https://www.emag.ro/telefon-mobil-maxcom-mm828-4g-dual-sim-black-mm828-4g-black/pd/DD6CJFYBM/,https://s13emagst.akamaized.net/products/71608/71607836/images/res_7b1d95c2c117f7e9e1194dc02199b7bf.jpg?width=720&height=720&hash=3F0ACE0EBA10EC4307FDD696F87DF320,2.4 inch,,,,1200 mAh,,Li-Ion,48 MB,128 MB,
"Telefon mobil Poco F6 Pro, 12GB RAM, 512GB, 5G, White","2.129,99 Lei",2129.99 Lei,4.47(15),https://www.emag.ro/telefon-mobil-poco-f6-pro-12gb-ram-512gb-5g-white-pco-f6prowht512gb/pd/D3D33JYBM/,https://s13emagst.akamaized.net/products/72128/72127082/images/res_eb6e6faa46d152f5d3173e2a09b8debd.jpg?width=720&height=720&hash=6172233B867DDF77382825CDF43FE27C,6.67 inch,"Dolby Vision
HDR10+
120 Hz
68B colors
1200 niti HBM
700 nits (typ)
4000 nits (peak)",1440 x 3200,AMOLED,5000 mAh,Da,,12 GB,512 GB,
"Telefon mobil Realme C67, 6GB RAM, 128GB, Black Rock","658,99 Lei",658.99 Lei,3.83(6),https://www.emag.ro/telefon-mobil-realme-c67-6gb-ram-128gb-black-rock-10381/pd/DDGPRHYBM/,https://s13emagst.akamaized.net/products/66874/66873551/images/res_2dfbfc05cb2702d685048b0314cf3b59.jpg?width=720&height=720&hash=C20436BE886B53D064040F2FA27C2638,6.72 inch,"90 Hz
800 nits (typ)
950 nits (HBM)",1080 x 2400,"LCD
IPS",5000 mAh,,Li-Po,6 GB,128 GB,MicroSDXC
"Telefon mobil HOTWAV Cyber 15, 4G, Dual SIM, Octa-Core Helio G99, Dual Touch Screen, 6.6-inch IPS 120Hz 2K, 24GB RAM, 256GB, GPS, Camera 200MP + 24MP Night Vision, IP68/IP69K, NFC, Android 13, Knight Black","1.149,99 Lei",1149.99 Lei,,https://www.emag.ro/telefon-mobil-hotwav-cyber-15-4g-dual-sim-octa-core-helio-g99-dual-touch-screen-6-6-inch-ips-120hz-2k-24gb-ram-256gb-gps-camera-200mp-24mp-night-vision-ip68-ip69k-nfc-android-13-knight-black-00003105/pd/DC3NNR3BM/,https://s13emagst.akamaized.net/products/109253/109252359/images/res_ccfacc48e6244747aaf12edbe667e062.png?width=720&height=720&hash=18B5AA64CAA01AB3831A8963B1F6B760,"6.6 inch
1.54 inch","120 Hz
Capacitive multi-point touch",1080 x 2408,IPS,6280 mAh,Da,Li-Ion,24 GB,256 GB,MicroSDXC
"Telefon mobil Blackview BV6200 Plus, 4G, 24GB Ram(8GB + 16GB extensibili), 256GB, 16MP, Android 14, 11000mAh, 90hz, Rezistent la praf/anti-picatura/impermeabil, Deblocare amprenta/Fata ID/NFC, Negru","901,00 Lei",901.00 Lei,5(2),https://www.emag.ro/telefon-mobil-blackview-bv6200-plus-4g-24gb-ram-8gb-16gb-extensibili-256gb-16mp-android-14-11000mah-90hz-rezistent-la-praf-anti-picatura-impermeabil-deblocare-amprenta-fata-id-nfc-negru-bv6200plus-b-e/pd/D804T33BM/,https://s13emagst.akamaized.net/products/88886/88885150/images/res_70edbeef3c0de3c80466c7b58f6b9ded.jpg?width=720&height=720&hash=BC017308086B353D6E6BDE8ADA54692F,6.56 inch,90 Hz,1612 x 720,IPS,11000 mAh,Nu,Li-Ion,8 GB,256 GB,MicroSDHC
"Telefon mobil Infinix SMART 8, 3GB RAM, 64GB, 4G, Crystal Green","675,19 Lei",675.19 Lei,4.53(34),https://www.emag.ro/telefon-mobil-infinix-smart-8-3gb-ram-64gb-4g-crystal-green-10051756/pd/DHQR3XYBM/,https://s13emagst.akamaized.net/products/69379/69378228/images/res_f8a82e8ce79cc604eb43aba2569d2abe.jpg?width=720&height=720&hash=4EDF94202DFA04AA7547F16EAD7FE3A8,6.6 inch,,720 x 1612,LCD,5000 mAh,,,3 GB,64 GB,
"Telefon Mobil Yeemi M2-C, Dual SIM, 2G, ecran 2.8 inch, 32MB RAM, Lanterna, SOS, Negru","181,50 Lei",181.50 Lei,,https://www.emag.ro/telefon-mobil-yeemi-m2-c-dual-sim-2g-ecran-2-8-inch-32mb-ram-lanterna-sos-negru-m2-c-black/pd/DVRK04YBM/,https://s13emagst.akamaized.net/products/75112/75111592/images/res_ca14ecc4efb1df12d54619e079c30320.jpg?width=720&height=720&hash=A61AB74D8DC85E519FB5D3F6567B8BF7,,,,,,,,32 MB,32 MB,
"Telefon mobil Blackview Pilot 3, 5G, 36GB Ram(12GB + 24GB / 2T), 256GB, 8 nuclee, 6.78'' HD+, Android 15, 7500mAh, 120Hz, 1080*2460, 50MP Camera Octa Core, Fingerprint/3.5mm Jack/GPS, Negru","1.499,99 Lei",1499.99 Lei,,https://www.emag.ro/telefon-mobil-blackview-pilot-3-5g-36gb-ram-12gb-24gb-2t-256gb-8-nuclee-6-78-hd-android-15-7500mah-120hz-1080-2460-50mp-camera-octa-core-fingerprint-3-5mm-jack-gps-negru-pilot3-12-256-negru-01/pd/DL1C393BM/,https://s13emagst.akamaized.net/products/98927/98926074/images/res_7a87fb349f2d37968de89869230554bf.jpg?width=720&height=720&hash=AF6503CD8F9F4898A0C290F85677F662,6.78 inch,120 Hz,1080 x 2460,IPS,7000 mAh,Nu,Li-Ion,12 GB,256 GB,MicroSD
"Telefon mobil Xiaomi Poco C40, Dual SIM, 32GB, 3GB RAM, 4G, Poco Yellow","478,99 Lei",478.99 Lei,4.52(25),https://www.emag.ro/telefon-mobil-xiaomi-poco-c40-dual-sim-32gb-3gb-ram-4g-poco-yellow-mzb0b4jeu/pd/DQ8LCCMBM/,https://s13emagst.akamaized.net/products/47717/47716464/images/res_64afe40f9ab05800db2e47801d7d407a.jpg?width=720&height=720&hash=9B6841FA821D54D65B58FF84F06025D6,6.71 inch,,720 x 1650,IPS,6000 mAh,,Li-Po,3 GB,32 GB,MicroSDXC
"Telefon mobil ASUS ROG Phone 5, Dual SIM, 256GB, 12GB RAM, 5G, Storm White","4.330,37 Lei",4330.37 Lei,3.78(9),https://www.emag.ro/telefon-mobil-asus-rog-phone-5-dual-sim-256gb-12gb-ram-5g-storm-white-zs673ks-1b013eu/pd/DCWR90MBM/,https://s13emagst.akamaized.net/products/38307/38306409/images/res_29afc78a78175c2e81c9eacaffc74777.jpg?width=720&height=720&hash=016CB670ECDCC5D9A580E02026C0ABDC,6.78 inch,"395 PPI
144 Hz",1080 x 2448,AMOLED,6000 mAh,,Li-Po,12 GB,256 GB,
"Telefon mobil Ulefone Armor X16, Dual SIM, 4G, Helio G91, 6.56-inch 90Hz IPS, 12GB RAM / 128GB, NFC, 10360mAh, IP68/IP69K, Android 15, Wasteland Shadow","949,99 Lei",949.99 Lei,,https://www.emag.ro/telefon-mobil-ulefone-armor-x16-dual-sim-4g-helio-g91-6-56-inch-90hz-ips-12gb-ram-128gb-nfc-10360mah-ip68-ip69k-android-15-wasteland-shadow-00002909/pd/D9NGF53BM/,https://s13emagst.akamaized.net/products/110375/110374026/images/res_8a612c6e0aab0ef79fc91cc0d84e0452.png?width=720&height=720&hash=5678201F8C471E78F89829CF8D75BFB8,6.56 inch,"Corning Gorilla Glass 5
120 Hz
Touch screen",720 x 1612,IPS,10360 mAh,Da,Li-Po,12 GB,128 GB,MicroSD
"Telefon mobil Xiaomi Redmi 14C, 4GB RAM, 128GB, Sage Green","684,94 Lei",684.94 Lei,4.52(207),https://www.emag.ro/telefon-mobil-xiaomi-redmi-14c-4gb-ram-128gb-sage-green-mzb0hxzeu/pd/D8JLS1YBM/,https://s13emagst.akamaized.net/products/79027/79026437/images/res_6d49aafe59459cf3456aa39bad865122.jpg?width=720&height=720&hash=97FF04329BEB842BD8295B126763CEA3,6.88 inch,"16 milioane de culori
120 Hz",1640 x 720,"LCD
IPS",5160 mAh,,,4 GB,128 GB,
"Telefon mobil Nokia 105 4G (2024), Dual SIM, Charcoal","191,99 Lei",191.99 Lei,2(2),https://www.emag.ro/telefon-mobil-nokia-105-4g-2024-dual-sim-charcoal-1gf032cpa1l02/pd/DYK4J6YBM/,https://s13emagst.akamaized.net/products/82689/82688534/images/res_cc7f061288b1b90f068c179aac2360d5.jpg?width=720&height=720&hash=653AF174D0FF8411B35F7824BF6221BD,1.77 inch,,,,1450 mAh,,Li-Ion,48 MB,128 MB,
"Telefon mobil Cubot P80, Negru, 4G, 6.5"" FHD+, 16GB RAM (8GB + 8GB extensibili), 256GB ROM, 48MP+24MP, Android 13, MT8788V/WA, NFC, 5200mAh, Dual SIM","679,00 Lei",679.00 Lei,3.43(7),https://www.emag.ro/telefon-mobil-cubot-p80-negru-4g-6-5-fhd-16gb-ram-8gb-8gb-extensibili-256gb-rom-48mp-24mp-android-13-mt8788v-wa-nfc-5200mah-dual-sim-6924136719091/pd/DHXG3BYBM/,https://s13emagst.akamaized.net/products/57376/57375958/images/res_5677b7b469c345f69def5e8c39b65fc8.jpg?width=720&height=720&hash=492AE466E718873401858687C3A230B3,6.5 inch,,720 x 1600,IPS,5200 mAh,Da,Li-Po,8 GB,256 GB,MicroSDXC
"Smartphone Mini Rainbuvvy F8 Pro Max, 3G, 3.0 inch, 16GB, Negru, Dual SIM, 2000mAh","294,03 Lei",294.03 Lei,,https://www.emag.ro/smartphone-mini-rainbuvvy-f8-pro-max-3g-3-0-inch-16gb-negru-dual-sim-2000mah-f8promax-purple/pd/DM3ZVLYBM/,https://s13emagst.akamaized.net/products/77210/77209717/images/res_d0e1d49a018be0e109c7f0d99c206a81.jpg?width=720&height=720&hash=FF4273B6DD64A7371E103A6E2557E03F,,,,,,,,1 GB,16 GB,
"Telefon mobil TCL 60 SE NXTPAPER, 5G, 8GB RAM, 256GB, Negru","1.099,99 Lei",1099.99 Lei,,https://www.emag.ro/telefon-mobil-tcl-60-se-nxtpaper-5g-8gb-ram-256gb-negru-t521k-2alca112/pd/D1CPQL3BM/,https://s13emagst.akamaized.net/products/106009/106008553/images/res_28860baa0ca9d143849a65218b2c29ec.jpg?width=720&height=720&hash=13D2BD613DF885802DD7593838187E72,6.7 inch,"20:9
550 niti
Refresh rate 120Hz",720 x 1600,"LCD
IPS",5200 mAh,,,8 GB,256 GB,
"Telefon mobil Xiaomi Redmi Note 14, 8GB RAM, 256GB, 4G, Ocean Blue","799,20 Lei",799.20 Lei,,https://www.emag.ro/telefon-mobil-xiaomi-redmi-note-14-8gb-ram-256gb-4g-ocean-blue-srm1682-61594/pd/DR306S3BM/,https://s13emagst.akamaized.net/products/102402/102401395/images/res_c33e930f90efa3044e81fe9cac762f62.jpg?width=720&height=720&hash=221B2570C945FC7B64531BDFE6946C5F,,"394 PPI
Rata de refresh 120 Hz
1800 nits (peak)
Sunlight display
Reading mode
Touch sampling rate: 240Hz",2400 x 1080,AMOLED,5500 mAh,,,8 GB,256 GB,
"Telefon mobil Poco C75, 8GB RAM, 256GB, Black","751,99 Lei",751.99 Lei,4.67(3),https://www.emag.ro/telefon-mobil-poco-c75-8gb-ram-256gb-black-mzb0hsjeu/pd/D752N6YBM/,https://s13emagst.akamaized.net/products/82467/82466139/images/res_1c38481970aac5f5c073494a9e34b565.jpg?width=720&height=720&hash=B13860B52998F652CC33D1BFD4C3A8A6,6.88 inch,"120 Hz
450 nits (typ)
600 nits (HBM)",720 x 1640,"LCD
IPS",5160 mAh,Da,,8 GB,256 GB,MicroSDXC
"Telefon mobil Xiaomi 15T Pro, 12GB RAM, 512GB, 5G, Mocha Gold","3.891,88 Lei",3891.88 Lei,,https://www.emag.ro/telefon-mobil-xiaomi-15t-pro-12gb-ram-512gb-5g-mocha-gold-xm-x15tpromch512/pd/DRFTYC3BM/,https://s13emagst.akamaized.net/products/106031/106030702/images/res_fdf17d345237a2a0a5593e3049bc3e37.jpg?width=720&height=720&hash=B082E6538F7D946D618F9DCAFA545CA4,,"Dolby Vision
HDR10+
144 Hz",1280 x 2772,AMOLED,,Nu,Li-Ion,12 GB,512 GB,
"Telefon mobil Xiaomi Redmi 15, 8GB RAM, 256GB, 5G, Titan Gray","1.495,00 Lei",1495.00 Lei,,https://www.emag.ro/telefon-mobil-xiaomi-redmi-15-8gb-ram-256gb-5g-titan-gray-xm-rd15ttga5g256/pd/D21C5S3BM/,https://s13emagst.akamaized.net/products/101922/101921954/images/res_59c5195ad36e8b24477c0254391a0595.jpg?width=720&height=720&hash=FEDAA376362FAA055E624A54E3AD929B,6.9 inch,"144 Hz
700 nits (HBM)
850 nits peak
600 nits (typ)",1080 x 2340,"LCD
IPS",7000 mAh,Nu,,8 GB,256 GB,MicroSDXC
"Telefon mobil Xiaomi Poco F5 Pro, Dual SIM, 256GB, 12GB RAM, 5G, Black","2.499,99 Lei",2499.99 Lei,5(14),https://www.emag.ro/telefon-mobil-xiaomi-poco-f5-pro-dual-sim-256gb-12gb-ram-5g-black-poco-f5pro-black/pd/DWQ2GWMBM/,https://s13emagst.akamaized.net/products/57204/57203338/images/res_af921d6edd701a6b7db7b83019f8dbd1.jpg?width=720&height=720&hash=D714957D3C8F8822635E8AA8FAA03E66,6.67 inch,"Dolby Vision
HDR10+
120 Hz",1080 x 2400,AMOLED,5160 mAh,Nu,Li-Po,12 GB,256 GB,
"Telefon mobil Honor X8a, Dual SIM, 128GB, 6GB RAM, 4G, Cyan Lake","1.199,99 Lei",1199.99 Lei,3.75(8),https://www.emag.ro/telefon-mobil-honor-x8a-dual-sim-128gb-6gb-ram-4g-cyan-lake-5109apev/pd/DHBFGRMBM/,https://s13emagst.akamaized.net/products/52596/52595541/images/res_b87096915b9192368497d338b747f195.jpg?width=720&height=720&hash=0D619A816C1CEE4A81CF8833EC431491,6.7 inch,Multi-touch,2388 x 1080,"LCD
LTPS",4500 mAh,,Li-Po,6 GB,128 GB,
"Smartphone Meizu Note 21, 4G, 4GB RAM, 256GB, Dual SIM, Alb","435,16 Lei",435.16 Lei,4.5(2),https://www.emag.ro/smartphone-meizu-note-21-4g-4gb-ram-256gb-dual-sim-alb-mznote214256wh/pd/D3K10CYBM/,https://s13emagst.akamaized.net/products/76049/76048986/images/res_0518980d4e9413e06533933d8281112c.jpg?width=720&height=720&hash=9575CC6AA51A5C9455280E1F715AA048,6.74 inch,,720 x 1600,LCD,6000 mAh,Da,Li-Ion,4 GB,256 GB,MicroSD
"Telefon mobil Xiaomi Redmi 9C NFC, Dual SIM, 64GB, 4G, Midnight Gray","773,19 Lei",773.19 Lei,4.35(395),https://www.emag.ro/telefon-mobil-xiaomi-redmi-9c-nfc-dual-sim-64gb-4g-midnight-gray-redmi-9c-64-3-gray/pd/DJ8RR3MBM/,https://s13emagst.akamaized.net/products/32170/32169398/images/res_a0ae106d44c5ef737055bf8ea9146941.jpg?width=720&height=720&hash=72F74FC181BDB76BA99DE661BF915821,6.53 inch,269 ppi,1600 x 720,"LCD
IPS",5000 mAh,,Li-Po,3 GB,64 GB,MicroSDXC
"Smartphone Black Fox B2 Dual SIM 16GB, grafit","261,36 Lei",261.36 Lei,,https://www.emag.ro/smartphone-black-fox-b2-dual-sim-16gb-grafit-4627102591661/pd/DYY2CSYBM/,https://s13emagst.akamaized.net/products/73558/73557887/images/res_a6991b709e1a18fa105560400ab6d950.jpg?width=720&height=720&hash=CE2DCB2430E41123FFB5101915ADC565,5.5 inch,,1440 x 720,,2200 mAh,,,2 GB,16 GB,MicroSD
"Telefon mobil CMF Phone 1 by Nothing, Dual Sim, 8GB RAM, 256GB, 5G, Negru","1.395,99 Lei",1395.99 Lei,5(1),https://www.emag.ro/telefon-mobil-cmf-phone-1-by-nothing-dual-sim-8gb-ram-256gb-5g-negru-a10400112/pd/D4P3CCYBM/,https://s13emagst.akamaized.net/products/76328/76327816/images/res_900f683f33009867c28705a75485278e.jpg?width=720&height=720&hash=4E714E8A078B446DE22FF9655DB529B1,6.67 inch,,1080 x 2400,Super AMOLED,,,,8 GB,256 GB,
"Telefon mobil Samsung Galaxy A16 Enterprise Edition, 4GB RAM, 128GB, Black","712,69 Lei",712.69 Lei,,https://www.emag.ro/telefon-mobil-samsung-galaxy-a16-enterprise-edition-4gb-ram-128gb-black-sm-a165fzkbeee/pd/DV2D0D3BM/,https://s13emagst.akamaized.net/products/91733/91732397/images/res_276956572f5e74f3969e6004e8dbd88d.jpg?width=720&height=720&hash=D73CEE0ABB1C00EE6EBA0E389AC49CB6,6.7 inch,90 Hz,1080 x 2340,Super AMOLED,5000 mAh,Nu,,4 GB,128 GB,MicroSDXC
"Telefon mobil Apple iPhone 15 Plus, 512GB, 5G, Green","5.600,00 Lei",5600.00 Lei,4.82(153),https://www.emag.ro/telefon-mobil-apple-iphone-15-plus-512gb-5g-green-mu1q3rx-a/pd/DCCH93YBM/,https://s13emagst.akamaized.net/products/60458/60457140/images/res_e64f9be59abde215d48172fef661bfab.jpg?width=720&height=720&hash=10821D0D7EF2CEBF1B2F205DC2FD932F,6.7 inch,"True tone
Haptic touch
2,000,000:1 contrast ratio
HDR display
Wide color (P3)
Dynamic Island",2796 x 1290,Super Retina XDR,,Nu,Li-Ion,6 GB,512 GB,
"Telefon mobil Xiaomi Redmi 14C, 6GB RAM, 128GB, Sage Green","608,92 Lei",608.92 Lei,5(3),https://www.emag.ro/telefon-mobil-xiaomi-redmi-14c-6gb-ram-128gb-sage-green-kxg0118558-10118558/pd/DMPF4ZYBM/,https://s13emagst.akamaized.net/products/78157/78156581/images/res_b0b55d15b53782812fe64d2c99a1439f.jpg?width=720&height=720&hash=C4DE0BBDFA540D15018D995F93D12C9A,6.88 inch,"120 Hz
450 nits (typ)
600 niti HBM",720 x 1640,"LCD
IPS",5160 mAh,,Li-Ion,6 GB,128 GB,
"Telefon mobil Motorola Moto e14, Dual SIM, 2GB RAM, 64GB, Graphite Gray","435,60 Lei",435.60 Lei,4.68(37),https://www.emag.ro/telefon-mobil-motorola-moto-e14-dual-sim-2gb-ram-64gb-graphite-gray-pb3c0008pl/pd/DDB9FSYBM/,https://s13emagst.akamaized.net/products/73419/73418484/images/res_0667334aaf4570ead656e2dc1c3a260e.jpg?width=720&height=720&hash=53E53069885CA0B5822FD38F9D9A0E4F,6.56 inch,"HD+
20:9 ratio",1612 x 720,,5000 mAh,,Li-Po,2 GB,64 GB,
SOYES XS19 Pro 3GB RAM 32GB ROM 3.88 Inch Mini telefon mobil 4G Android 12 Violet,"544,50 Lei",544.50 Lei,3(2),https://www.emag.ro/soyes-xs19-pro-3gb-ram-32gb-rom-3-88-inch-mini-telefon-mobil-4g-android-12-violet-xs19pro-32-purple/pd/D13GZB3BM/,https://s13emagst.akamaized.net/products/86571/86570840/images/res_ac0cb2437177eed0061bf03421035f90.jpg?width=720&height=720&hash=E5122257D68E5DA6F1E6D4DCA322400D,3.88 inch,Multi-touch,854 x 480,IPS,1950 mAh,Nu,Li-Po,3 GB,32 GB,MicroSD
"Telefon mobil Allview M40 Connect, 4G, Dual SIM, Radio, Bluetooth, Dark Grey","188,99 Lei",188.99 Lei,2(1),https://www.emag.ro/telefon-mobil-allview-m40-connect-4g-dual-sim-radio-bluetooth-dark-grey-272508/pd/DNQ2JV3BM/,https://s13emagst.akamaized.net/products/102993/102992024/images/res_859d00b98c81adf9da4d3ce3355add1b.jpg?width=720&height=720&hash=B2CF91C16AA9F98E72D71AC1A8E96B07,2.8 inch,,,TFT,1400 mAh,Da,,64 MB,128 MB,MicroSDHC
"Telefon mobil Motorola Edge 60, 8GB RAM, 256GB, 5G, Pantone Shamrock","2.323,53 Lei",2323.53 Lei,,https://www.emag.ro/telefon-mobil-motorola-edge-60-8gb-ram-256gb-5g-pantone-shamrock-kxg0239285/pd/D4LCKH3BM/,https://s13emagst.akamaized.net/products/96305/96304402/images/res_8e1018a2c2e07a12e295256d3ddb5aab.jpg?width=720&height=720&hash=510FD3C6ED72C5D16163BEE709288ACC,6.67 inch,"HDR10+
120 Hz
1B colors
4500 nits (peak)",1220 x 2712,P-OLED,5200 mAh,Nu,,8 GB,256 GB,MicroSDXC
"Telefon mobil Xiaomi Redmi Note 13, 6GB RAM, 128GB, 5G, Black","1.239,67 Lei",1239.67 Lei,4.47(17),https://www.emag.ro/telefon-mobil-xiaomi-redmi-note-13-6gb-ram-128gb-5g-black-mzb0fpbeu/pd/D1DLJKYBM/,https://s13emagst.akamaized.net/products/65144/65143516/images/res_a44f23bd00e41e8f1dcbb4b75e94520f.jpg?width=720&height=720&hash=50C4869AFEDE1DF7684930E27F262346,6.67 inch,"FHD+
Rata de refresh 120 Hz",1080 x 2400,AMOLED,5000 mAh,,Li-Po,6 GB,128 GB,MicroSD
"Telefon mobil OnePlus 10R, 128GB, 8GB RAM, 5G, Black","2.869,48 Lei",2869.48 Lei,4.7(10),https://www.emag.ro/telefon-mobil-oneplus-10r-128gb-8gb-ram-5g-black-oneplus-10r-128-8gb-black/pd/D07GQLMBM/,https://s13emagst.akamaized.net/products/48767/48766110/images/res_9775caf361c7efeedb38162a81c895fa.jpg?width=720&height=720&hash=C2B696890156F301B54BAD401D0DA068,6.7 inch,,2412 x 1080,OLED,4500 mAh,,Li-Po,8 GB,128 GB,
Smartphone Vivo V40 SE Octa Core 8 GB RAM 256 GB Negru,"1.711,00 Lei",1711.00 Lei,,https://www.emag.ro/smartphone-vivo-v40-se-octa-core-8-gb-ram-256-gb-negru-s9916705/pd/D4XFQ03BM/,https://s13emagst.akamaized.net/products/95853/95852484/images/res_99752cf7c2b6c32ea64d748802a694fe.jpg?width=720&height=720&hash=CB736984F10E0C205B79F2E93E70095B,,,,,,,,8 GB,256 GB,
"Telefon mobil Ulefone Armor X16 Pro, Dual SIM, 5G, Dimensity 6300, 6.56-inch 120Hz IPS, 16GB RAM / 256GB, Camera 64MP + 25MP + 2MP Macro, NFC, Infrarosu, 10360mAh, IP68/IP69K, Android 15, Sand Dune","1.349,99 Lei",1349.99 Lei,,https://www.emag.ro/telefon-mobil-ulefone-armor-x16-pro-dual-sim-5g-dimensity-6300-6-56-inch-120hz-ips-16gb-ram-256gb-camera-64mp-25mp-2mp-macro-nfc-infrarosu-10360mah-ip68-ip69k-android-15-sand-dune-00002908/pd/DDQZ9Q3BM/,https://s13emagst.akamaized.net/products/108491/108490923/images/res_d19ef7067e45047d9f960102326bc862.png?width=720&height=720&hash=9D26ED883CDE7BA070495DEB553C5B68,6.56 inch,"Corning Gorilla Glass 5
120 Hz
Touch screen",720 x 1612,IPS,10360 mAh,Da,Li-Po,16 GB,256 GB,MicroSD
"Telefon mobil Xiaomi POCO M4 5G, 64GB, 4GB RAM, Dual-SIM, Albastru","508,20 Lei",508.20 Lei,,https://www.emag.ro/telefon-mobil-xiaomi-poco-m4-5g-64gb-4gb-ram-dual-sim-albastru-poco-m4bl-5g-4-64/pd/D1RXTGMBM/,https://s13emagst.akamaized.net/products/55634/55633088/images/res_339cc3c03f89bc6e654fba81f720eb98.jpg?width=720&height=720&hash=61C55D37FFA85924777DFCD1E9A4F8BC,6.58 inch,,1080 x 2408,"LCD
IPS",5000 mAh,,Li-Po,4 GB,64 GB,MicroSDXC
"Telefon mobil Motorola Moto g54 5G, 8GB RAM, 256GB, Mint Green","1.016,50 Lei",1016.50 Lei,4(1),https://www.emag.ro/telefon-mobil-motorola-moto-g54-5g-8gb-ram-256gb-mint-green-212074/pd/D6R4F7YBM/,https://s13emagst.akamaized.net/products/62342/62341833/images/res_d5cfaaf7dcd1c4e7c89592ec04e4e9f8.jpg?width=720&height=720&hash=7DAEA41B4E178460F0ED7E4AFD68888B,6.5 inch,120Hz,1080 x 2400,IPS,5000 mAh,,Li-Po,8 GB,256 GB,MicroSD
"Telefon mobil Xiaomi Redmi Note 15 Pro, 8GB RAM, 256GB, 5G, Blue","2.162,15 Lei",2162.15 Lei,,https://www.emag.ro/telefon-mobil-xiaomi-redmi-note-15-pro-8gb-ram-256gb-5g-blue-m0807179/pd/DXXN683BM/,https://s13emagst.akamaized.net/products/112560/112559463/images/res_f926504ff3764c63cb8c2fe7038b63bd.jpg?width=720&height=720&hash=74C7B9BD87299F011C34D344D0B8F7C6,6.83 inch,"Dolby Vision
HDR10+
120 Hz
68B colors
3200 nits (peak)",1280 x 2772,AMOLED,6580 mAh,Nu,Li-Ion,8 GB,256 GB,
"Telefon mobil CUBOT X70, 4G, 6.583"" FHD+, 12GB RAM + 12GB, 256GB, Android 13, Space Black","de la 1.970,70 Lei",de la 1970.70 Lei,4.75(4),https://www.emag.ro/telefon-mobil-cubot-x70-4g-6-583-fhd-12gb-ram-12gb-256gb-android-13-space-black-cubot-x70-spc-bk/pd/DRMHH7YBM/,https://s13emagst.akamaized.net/products/62215/62214235/images/res_dfa8b89738a0c1bc7b07992800b818db.jpg?width=720&height=720&hash=EA1B221C7C6227F17203CF516021FF2A,6.58 inch,,1080 x 2408,IPS,5200 mAh,,Li-Po,12 GB,256 GB,
Xiaomi Instant Photo Printer 1S Set,"730,99 Lei",730.99 Lei,4.75(4),https://www.emag.ro/xiaomi-instant-photo-printer-1s-set-bhr6747gl-fc/pd/DVTYYB3BM/,https://s13emagst.akamaized.net/products/85950/85949192/images/res_fae92f13d254432c971769590a1b9a70.jpg?width=720&height=720&hash=37E85BED03FBECAAADAB92A60B81D14E,,,,,,,,1 GB,1 GB,
"Telefon mobil Xiaomi Redmi A1, Dual SIM, 2GB RAM, 32GB, 4G, BLUE","419,75 Lei",419.75 Lei,4.19(58),https://www.emag.ro/telefon-mobil-xiaomi-redmi-a1-dual-sim-2gb-ram-32gb-4g-blue-redmi-a1-32-2-blue/pd/DTW06ZMBM/,https://s13emagst.akamaized.net/products/49762/49761517/images/res_46fd4a79ed2d05a76440d5243aa72473.jpg?width=720&height=720&hash=5F1974142078602DCD0DEBDA936B3CDB,6.52 inch,"Aspect Ratio: 20:9
HD+",1600 x 720,LCD,5000 mAh,,,2 GB,32 GB,MicroSD
"Telefon mobil Poco X6, 256GB, 8GB RAM, 5G, Blue","1.454,70 Lei",1454.70 Lei,4.73(30),https://www.emag.ro/telefon-mobil-poco-x6-256gb-8gb-ram-5g-blue-poco-x6-8gb-256-blue/pd/D49VCKYBM/,https://s13emagst.akamaized.net/products/65261/65260035/images/res_9a70daba47975fb3f799fd585705e332.jpg?width=720&height=720&hash=BC847EAA8DB51F697DC7449904241FC7,6.67 inch,120 Hz,1220 x 2712,AMOLED,5100 mAh,Da,,8 GB,256 GB,
"Telefon mobil, Ulefone, Armor X12 5.45”, IPS, Quad Core, 4G, Ecran tactil de 5.45”, CPU: Quad Core 2.0GHz, RAM: 3GB, ROM: 32GB, Extensie memorie: microSD, 4G, Android 13.0, Bluetooth 5.0, Negru","545,99 Lei",545.99 Lei,5(2),https://www.emag.ro/telefon-mobil-ulefone-armor-x12-5-45-ips-quad-core-4g-ecran-tactil-de-5-45-cpu-quad-core-2-0ghz-ram-3gb-rom-32gb-extensie-memorie-microsd-4g-android-13-0-bluetooth-5-0-negru-armor-x12-black/pd/DNMRNTYBM/,https://s13emagst.akamaized.net/products/64016/64015133/images/res_919ac2eb5007efda59f6d72966077f7f.jpg?width=720&height=720&hash=C65107D661D4596577F262B4CB13A30A,5.45 inch,Atingere capacitiva in mai multe puncte,1440 x 720,IPS,,,Li-Ion,3 GB,32 GB,MicroSD
"Telefon mobil Xiaomi Redmi Note 8, Dual SIM, 64GB, 4G, Space Black","3.135,11 Lei",3135.11 Lei,4.64(122),https://www.emag.ro/telefon-mobil-xiaomi-redmi-note-8-dual-sim-64gb-4g-space-black-redmi-note-8-64-4-black/pd/DP2WZ7MBM/,https://s13emagst.akamaized.net/products/33932/33931124/images/res_fa016a1fab6aa78676882caea88bd299.jpg?width=720&height=720&hash=32DEE4DC605A986AF15CB6DE783CCBE9,6.3 inch,"Corning Gorilla Glass 5
409 ppi",1080 x 2340,"LCD
IPS",4000 mAh,,Li-Po,4 GB,64 GB,MicroSDXC
"Telefon mobil Blackview BV5300 Plus, 4G, 6.088"" HD+, 24GB RAM(8GB + 16GB extensibili), 128GB Rom, 13MP+8MP, Android 13, 6580mAh, 60hz, Deblocare amprenta, Negru","849,99 Lei",849.99 Lei,5(1),https://www.emag.ro/telefon-mobil-blackview-bv5300-plus-4g-6-088-hd-24gb-ram-8gb-16gb-extensibili-128gb-rom-13mp-8mp-android-13-6580mah-60hz-deblocare-amprenta-negru-bv5300plus-8-128-noir-01/pd/D6SYMZYBM/,https://s13emagst.akamaized.net/products/77610/77609827/images/res_351cf66cb29bc82ce2adb76326b05152.jpg?width=720&height=720&hash=BDAAED5E70A096932F46C58BA7C080A4,6.088 inch,60 Hz,720 x 1612,IPS,6580 mAh,Nu,Li-Ion,8 GB,128 GB,MicroSD
"Telefon mobil Allview M30 Stark, Dual SIM, 32MB RAM, 32MB, 2G, Negru","94,25 Lei",94.25 Lei,3(2),https://www.emag.ro/telefon-mobil-allview-m30-stark-dual-sim-32mb-ram-32mb-2g-negru-m30stark/pd/D8S8YWYBM/,https://s13emagst.akamaized.net/products/85051/85050977/images/res_8c6b7b09d8340b4ade484aed0b535486.jpg?width=720&height=720&hash=806B0625A96A8272123E9FCCFB84FAD1,2.4 inch,,240 x 320,TFT,1400 mAh,Da,Li-Ion,32 MB,32 MB,MicroSD
"Telefon mobil CMF Phone 1, 128GB, 8GB RAM, 5G, Black","1.251,19 Lei",1251.19 Lei,4.54(13),https://www.emag.ro/telefon-mobil-cmf-phone-1-128gb-8gb-ram-5g-black-a10400100/pd/DG8BCGYBM/,https://s13emagst.akamaized.net/products/84638/84637128/images/res_87b1a561d97f0755e7ed0c6b39cb93dc.jpg?width=720&height=720&hash=B8E1C94F225ABABC43367174A018409A,6.67 inch,"395 PPI
Rata de raspuns la atingere 240 Hz
Rata de refresh 120 Hz",1080 x 2400,"AMOLED
LTPS",5000 mAh,Nu,,8 GB,128 GB,
"Telefon mobil Motorola Moto G04s, 8GB RAM, 128GB, Concord Black","598,39 Lei",598.39 Lei,4.8(10),https://www.emag.ro/telefon-mobil-motorola-moto-g04s-8gb-ram-128gb-concord-black-mt-motg04scb128/pd/D57WTWYBM/,https://s13emagst.akamaized.net/products/85202/85201480/images/res_9608e19a5197a6be4677cec34848dda8.jpg?width=720&height=720&hash=E1DC0781210C8975574FCFF67BF572F7,6.56 inch,90 Hz,720 x 1612,"LCD
IPS",5000 mAh,,,8 GB,128 GB,MicroSDXC
"Telefon mobil Poco M7, 6GB RAM, 128GB, Black","740,00 Lei",740.00 Lei,,https://www.emag.ro/telefon-mobil-poco-m7-6gb-ram-128gb-black-pc-m7blk4g128/pd/D6Z05J3BM/,https://s13emagst.akamaized.net/products/101449/101448674/images/res_79be7db6e00ad6037dae70345fc7bb51.jpg?width=720&height=720&hash=DE3E099184DC83A8B87DFFF14537CC61,6.9 inch,"144 Hz
700 nits (typ)
850 nits (HBM)",1080 x 2340,"LCD
IPS",7000 mAh,Nu,Li-Ion,6 GB,128 GB,MicroSDXC
"Telefon mobil Samsung Galaxy A07, Dual SIM, 128GB, 6GB RAM, 4G, Verde","671,00 Lei",671.00 Lei,,https://www.emag.ro/telefon-mobil-samsung-galaxy-a07-dual-sim-128gb-6gb-ram-4g-verde-sm-a075f-6-128-grn/pd/DH9TJV3BM/,https://s13emagst.akamaized.net/products/102995/102994659/images/res_d50ec985fcec54f68707e84912c8ff6d.jpg?width=720&height=720&hash=325E56B26FE1374A8C43BF30545741EF,6.7 inch,,720 x 1600,LCD,,,,6 GB,128 GB,
"Telefon mobil realme C61, 6GB RAM, 256GB, 4G, Dark Green","684,00 Lei",684.00 Lei,4.6(15),https://www.emag.ro/telefon-mobil-realme-c61-6gb-ram-256gb-4g-dark-green-631011003018/pd/DPD0N1YBM/,https://s13emagst.akamaized.net/products/78778/78777211/images/res_2fd5a5c0593bddaeb061391e759885f3.jpg?width=720&height=720&hash=D7FAE3CAD67FA175AD5F345AF778677A,6.74 inch,"90 Hz
450 nits (typ)
560 nit HBM",1600 x 720,"LCD
IPS",5000 mAh,,,6 GB,256 GB,MicroSD
"Telefon mobil Honor 10, Dual SIM, 64GB, 4G, Black","2.033,60 Lei",2033.60 Lei,4.4(35),https://www.emag.ro/telefon-mobil-honor-10-dual-sim-64gb-4g-black-51092jjd/pd/DWMSPJBBM/,https://s13emagst.akamaized.net/products/15151/15150225/images/res_5abd44d267c5ea0eb1b303c3815ebd0a.png?width=720&height=720&hash=33591CF9BED4850318AA5C5E01D78026,5.84 inch,,1080 x 2280,IPS,3400 mAh,,Li-Po,4 GB,64 GB,
"Telefon mobil Oppo Reno13 Pro, Mediatek Dimensity 8350, 5G, Dual SIM, 512GB/12GB, Gri Grafit","2.790,01 Lei",2790.01 Lei,2(1),https://www.emag.ro/telefon-mobil-oppo-reno13-pro-mediatek-dimensity-8350-5g-dual-sim-512gb-12gb-gri-grafit-59237780/pd/DXG0N13BM/,https://s13emagst.akamaized.net/products/107408/107407077/images/res_5eb26c1232dd2afd66dfa60e4f6a2519.jpg?width=720&height=720&hash=B39B638986302F3BED6D3AF97AE70E4F,6.83 inch,,,AMOLED,5800 mAh,Nu,,12 GB,512 GB,
"Telefon mobil realme GT6, 8GB RAM, 256GB, 5G, Razor Green","2.175,98 Lei",2175.98 Lei,5(1),https://www.emag.ro/telefon-mobil-realme-gt6-8gb-ram-256gb-5g-razor-green-6941764433519/pd/DK6328YBM/,https://s13emagst.akamaized.net/products/83240/83239782/images/res_d7519344e08fddc1800c9d88996c3393.jpg?width=720&height=720&hash=A50F13D99B43CB2F5417F19F166BCCF5,6.78 inch,"Dolby Vision
HDR10+
120 Hz
1B colors
1600 nits (HBM)
6000 nits (peak)",1264 x 2780,"AMOLED
LTPO",5500 mAh,,,8 GB,256 GB,
"Telefon mobil Samsung Galaxy Z Flip5, 8GB RAM, 512GB, 5G, Cream","4.524,78 Lei",4524.78 Lei,4.07(94),https://www.emag.ro/telefon-mobil-samsung-galaxy-z-flip5-8gb-ram-512gb-5g-cream-sm-f731bzeheue/pd/D8MJVMYBM/,https://s13emagst.akamaized.net/products/58631/58630092/images/res_bcd293fc6eeabc916f0509e5e15244e9.jpg?width=720&height=720&hash=A471D141788DC080CFF38651B074C288,6.7 inch,"FHD+
Infinity Flex Display
Adaptiv 120 Hz (1-120 Hz)",2640 x 1080,Dynamic AMOLED,3700 mAh,,,8 GB,512 GB,
"Telefon mobil realme C71, Dual SIM, 128GB, 6GB RAM, Forest Owl","699,99 Lei",699.99 Lei,,https://www.emag.ro/telefon-mobil-realme-c71-dual-sim-128gb-6gb-ram-forest-owl-631011005928/pd/DQJ3ZL3BM/,https://s13emagst.akamaized.net/products/105941/105940199/images/res_cfa658549cfc0d66eca84ac1bbb11230.jpg?width=720&height=720&hash=3AB385DE9C29FBFAB8603E9A95AA2B8C,6.67 inch,"264 PPI
20:9 ratio
Rata de refresh 120 Hz",1604 x 720,"LCD
IPS",6300 mAh,Nu,Li-Ion,6 GB,128 GB,
"Telefon mobil Blackview BV7300, 18GB Ram(6GB + 12GB extensibili), 256GB, 8 nuclee, 6.67'', Android 14, 15000mAh, Rezistent la praf/anti-picatura/impermeabil, Deblocare amprenta/Fata ID/NFC, Negru","1.249,99 Lei",1249.99 Lei,3(2),https://www.emag.ro/telefon-mobil-blackview-bv7300-18gb-ram-6gb-12gb-extensibili-256gb-8-nuclee-6-67-android-14-15000mah-rezistent-la-praf-anti-picatura-impermeabil-deblocare-amprenta-fata-id-nfc-negru-bv7300-b/pd/DVF4T33BM/,https://s13emagst.akamaized.net/products/88886/88885295/images/res_f180edc5485b5909612227bfef46a90d.jpg?width=720&height=720&hash=BE0F114DF7A2AA822BEE3F02A49FF60F,6.67 inch,90 Hz,1604 x 720,IPS,15000 mAh,Da,Li-Po,6 GB,256 GB,MicroSDHC
"Telefon mobil Nokia 225 4G (2024), DS, Albastru inchis","306,28 Lei",306.28 Lei,,https://www.emag.ro/telefon-mobil-nokia-225-4g-2024-ds-albastru-inchis-1gf025fpg2l05/pd/DHHPZ9YBM/,https://s13emagst.akamaized.net/products/70855/70854882/images/res_e5e394cf473d39ec01119328c4e41e4f.png?width=720&height=720&hash=7714FD9A374212B28EDD4F04867EFBC6,2.4 inch,QVGA,,,1450 mAh,,,64 MB,128 MB,MicroSD
"Telefon mobil Ulefone Armor 27T Pro, Negru, 5G, Camera termica FLIR, Camera Night Vision 64MP, 6.78"" FHD+ 120Hz, 24GB RAM (12GB+ 12GB extensibili), 256GB ROM, Android 14, 10600mAh, Dual SIM","5.430,99 Lei",5430.99 Lei,4.4(5),https://www.emag.ro/telefon-mobil-ulefone-armor-27t-pro-negru-5g-camera-termica-flir-camera-night-vision-64mp-6-78-fhd-120hz-24gb-ram-12gb-12gb-extensibili-256gb-rom-android-14-10600mah-dual-sim-222569/pd/DR8XYCYBM/,https://s13emagst.akamaized.net/products/75802/75801690/images/res_5bb91e4eeb9566446e09c8c3febe83f5.jpg?width=720&height=720&hash=84087A0D4051836644E5584A83F6A2E0,,,,,,,,12 GB,256 GB,
"Telefon mobil Doogee Fire 5 Pro, 4G, Dual SIM, 6.6-inch IPS 90Hz, Octa-Core, 128GB, NFC, 13000mAh, IP68/IP69K, Android 15, Grey","799,99 Lei",799.99 Lei,,https://www.emag.ro/telefon-mobil-doogee-fire-5-pro-4g-dual-sim-6-6-inch-ips-90hz-octa-core-128gb-nfc-13000mah-ip68-ip69k-android-15-grey-00003176/pd/DCWQMG3BM/,https://s13emagst.akamaized.net/products/112724/112723367/images/res_50ea240d65c5513be9263af29d121234.png?width=720&height=720&hash=BA18D2C97C0F11CD6288948EAA87B97E,6.6 inch,"90 Hz
Touch screen",720 x 1612,IPS,13000 mAh,Da,Li-Po,12 GB,64 GB,MicroSD
"Telefon mobil Doogee S200X VIP Package (include casti BoneBeat Run), 5G, Dual SIM, Octa-Core Dimensity 7050, Dual Display 6.72' 120Hz IPS + 1.32' AMOLED, 48GB RAM, 512GB, Stereo, 10100mAh, NFC, IP68/IP69K, Android 16, Green","1.849,99 Lei",1849.99 Lei,,https://www.emag.ro/telefon-mobil-doogee-s200x-vip-package-include-casti-bonebeat-run-5g-dual-sim-octa-core-dimensity-7050-dual-display-6-72-120hz-ips-1-32-amoled-48gb-ram-512gb-stereo-10100mah-nfc-ip68-ip69k-android-16-/pd/DK3V983BM/,https://s13emagst.akamaized.net/products/112181/112180514/images/res_e7cc21d0dc08cb170a52da2b2bea186e.png?width=720&height=720&hash=716D343F6EE702445337A4D76868BF8C,6.72 inch,"120 Hz
Touch screen",2400 x 1080,IPS,10100 mAh,Da,Li-Po,48 GB,512 GB,MicroSD
"Telefon Xiaomi 13T, 8GB RAM, 256GB, 5G, Verde","2.524,12 Lei",2524.12 Lei,4.67(15),https://www.emag.ro/telefon-xiaomi-13t-8gb-ram-256gb-5g-verde-xom-x13tmedgre/pd/D1M0Z2YBM/,https://s13emagst.akamaized.net/products/61618/61617452/images/res_451e7088c82f8d866e5ed11a42c73557.jpg?width=720&height=720&hash=83B58063497DFBA8FC68AB1D0EDB8976,6.67 inch,"Dolby Vision
HDR10+
144 Hz
68B colors
1200 niti HBM
2600 nits (peak)",1220 x 2712,AMOLED,5000 mAh,,Li-Po,8 GB,256 GB,
"Telefon mobil Poco X6, 256GB, 12GB RAM, 5G, Blue","1.545,55 Lei",1545.55 Lei,4.73(30),https://www.emag.ro/telefon-mobil-poco-x6-256gb-12gb-ram-5g-blue-poco-x6-12-256-blue/pd/DX9VCKYBM/,https://s13emagst.akamaized.net/products/65261/65260035/images/res_9a70daba47975fb3f799fd585705e332.jpg?width=720&height=720&hash=BC847EAA8DB51F697DC7449904241FC7,6.67 inch,120 Hz,1220 x 2712,AMOLED,5100 mAh,,,12 GB,256 GB,
"Telefon mobil Motorola Moto g13, Dual SIM, 128GB, 4GB RAM, Lavander Blue","758,67 Lei",758.67 Lei,4.11(129),https://www.emag.ro/telefon-mobil-motorola-moto-g13-dual-sim-128gb-4gb-ram-lavander-blue-kxg0063314/pd/D01RF5MBM/,https://s13emagst.akamaized.net/products/53113/53112310/images/res_80550c675072141afe812bdc10929904.jpg?width=720&height=720&hash=0600D4E85F1CFAD3A64329A39B74C7CE,6.5 inch,"Aspect Ratio: 20:9
Rata de reimprospatare de 90 Hz
Luminozitate: 400 niti
Rata tactila: 576 Hz",1600 x 720,LCD,5000 mAh,,,4 GB,128 GB,MicroSD
"Telefon mobil Xiaomi Redmi A5, 4GB RAM, 128GB, Midnight Black","479,99 Lei",479.99 Lei,5(1),https://www.emag.ro/telefon-mobil-xiaomi-redmi-a5-4gb-ram-128gb-midnight-black-6932554424978/pd/D77SS03BM/,https://s13emagst.akamaized.net/products/95646/95645607/images/res_31c109c48df9a946949f0c8303e47aa3.jpg?width=720&height=720&hash=3B9D8419180319518CD545CA0F3D8044,,,,,,,,4 GB,128 GB,
"Telefon mobil Nubia Z60S Pro, 12GB RAM, 256GB, 5G, Black","2.793,99 Lei",2793.99 Lei,5(1),https://www.emag.ro/telefon-mobil-nubia-z60s-pro-12gb-ram-256gb-5g-black-11232/pd/DQHY5VYBM/,https://s13emagst.akamaized.net/products/74659/74658533/images/res_92c84bf03ab03ecad812fd11be2b7919.jpg?width=720&height=720&hash=EA1487EB6E070C47C5C7757636FD0977,6.8 inch,"120 Hz
1200 nits (peak)
1B colors",1260 x 2800,AMOLED,5100 mAh,Da,Li-Po,12 GB,256 GB,
"Telefon mobil OPPO Reno8 T, 128GB, 8GB RAM, Dual SIM, 4G, Midnight Black","1.479,36 Lei",1479.36 Lei,4.73(11),https://www.emag.ro/telefon-mobil-oppo-reno8-t-128gb-8gb-ram-dual-sim-4g-midnight-black-oppo-8t-black/pd/D8BTJWMBM/,https://s13emagst.akamaized.net/products/56819/56818192/images/res_a72212a9d42b6e5cd618b0d55abd66af.jpg?width=720&height=720&hash=7199EFDF22E21E564A4A8CBD316415BE,6.43 inch,90Hz,1080 x 2400,AMOLED,5000 mAh,Da,Li-Po,8 GB,128 GB,MicroSDXC
"Telefon ASUS ROG Phone 5s, Dual SIM, 128GB, 12GB RAM, 5G, Black","4.486,56 Lei",4486.56 Lei,3(1),https://www.emag.ro/telefon-asus-rog-phone-5s-dual-sim-128gb-12gb-ram-5g-black-4711081366737/pd/DM032QMBM/,https://s13emagst.akamaized.net/products/37163/37162296/images/res_8a7b95b06579a33fed74c80d65df3a8c.jpg?width=720&height=720&hash=7A3EFEFA57C7D91C7AA289DDECFB1BD1,6.78 inch,"HDR
FHD+
Always On
144 Hz
1ms timp raspuns/ 1.000.000:1 contrast ratio
Corning Gorilla Glass Victus",2448 x 1080,AMOLED,6000 mAh,,Li-Po,12 GB,128 GB,
"Telefon mobil Xiaomi 15T, 12GB RAM, 512GB, 5G, Gray","3.100,00 Lei",3100.00 Lei,,https://www.emag.ro/telefon-mobil-xiaomi-15t-12gb-ram-512gb-5g-gray-xm-x15tgry512/pd/D7L2RL3BM/,https://s13emagst.akamaized.net/products/106031/106030669/images/res_99a3c46dc68cd2856cd7d3245ebc987e.jpg?width=720&height=720&hash=741AB0C1D6F30BFC03AFC4D4C264AECA,,,,,,,,,,
"Telefon mobil Oppo Reno13, Mediatek Dimensity 8350, Dual Sim, 5G, 256GB/12GB, Plume Alb","1.849,00 Lei",1849.00 Lei,4(1),https://www.emag.ro/telefon-mobil-oppo-reno13-mediatek-dimensity-8350-dual-sim-5g-256gb-12gb-plume-alb-59421593/pd/D2G0N13BM/,https://s13emagst.akamaized.net/products/107408/107407068/images/res_e0c4d163dba5cfbf7310aeb053a79583.jpg?width=720&height=720&hash=1D5988442E2133341AF31F11A8631ECC,,,,,,,,,,
